[nanopynix-gc-thread-debug] tid=3098787 event=enter_evaluator_thread:begin
[nanopynix-gc-thread-debug] tid=3098787 event=gc_thread_registration:acquired
[nanopynix-gc-thread-debug] tid=3098787 event=enter_evaluator_thread:registered
[nanopynix-gc-thread-debug] tid=3098798 event=enter_evaluator_thread:begin
[nanopynix-gc-thread-debug] tid=3098798 event=gc_thread_registration:acquired
[nanopynix-gc-thread-debug] tid=3098798 event=enter_evaluator_thread:registered
[nanopynix-gc-thread-debug] tid=3098882 event=enter_evaluator_thread:begin
[nanopynix-gc-thread-debug] tid=3098882 event=gc_thread_registration:acquired
[nanopynix-gc-thread-debug] tid=3098882 event=enter_evaluator_thread:registered
[nanopynix-gc-thread-debug] tid=3098882 event=exit_evaluator_thread:begin
[nanopynix-gc-thread-debug] tid=3098882 event=gc_thread_registration:released
[nanopynix-gc-thread-debug] tid=3098882 event=exit_evaluator_thread:unregistered
[nanopynix-gc-thread-debug] tid=3098893 event=enter_evaluator_thread:begin
[nanopynix-gc-thread-debug] tid=3098893 event=gc_thread_registration:acquired
[nanopynix-gc-thread-debug] tid=3098893 event=enter_evaluator_thread:registered
[nanopynix-gc-thread-debug] tid=3098893 event=exit_evaluator_thread:begin
[nanopynix-gc-thread-debug] tid=3098893 event=gc_thread_registration:released
[nanopynix-gc-thread-debug] tid=3098893 event=exit_evaluator_thread:unregistered
[nanopynix-gc-thread-debug] tid=3098911 event=enter_evaluator_thread:begin
[nanopynix-gc-thread-debug] tid=3098911 event=gc_thread_registration:acquired
[nanopynix-gc-thread-debug] tid=3098911 event=enter_evaluator_thread:registered
[nanopynix-gc-thread-debug] tid=3098911 event=exit_evaluator_thread:begin
[nanopynix-gc-thread-debug] tid=3098911 event=gc_thread_registration:released
[nanopynix-gc-thread-debug] tid=3098911 event=exit_evaluator_thread:unregistered
[nanopynix-gc-thread-debug] tid=3098921 event=enter_evaluator_thread:begin
[nanopynix-gc-thread-debug] tid=3098921 event=gc_thread_registration:acquired
[nanopynix-gc-thread-debug] tid=3098921 event=enter_evaluator_thread:registered
[nanopynix-gc-thread-debug] tid=3098921 event=exit_evaluator_thread:begin
[nanopynix-gc-thread-debug] tid=3098921 event=gc_thread_registration:released
[nanopynix-gc-thread-debug] tid=3098921 event=exit_evaluator_thread:unregistered
[nanopynix-gc-thread-debug] tid=3098932 event=enter_evaluator_thread:begin
[nanopynix-gc-thread-debug] tid=3098932 event=gc_thread_registration:acquired
[nanopynix-gc-thread-debug] tid=3098932 event=enter_evaluator_thread:registered
[nanopynix-gc-thread-debug] tid=3098932 event=exit_evaluator_thread:begin
[nanopynix-gc-thread-debug] tid=3098932 event=gc_thread_registration:released
[nanopynix-gc-thread-debug] tid=3098932 event=exit_evaluator_thread:unregistered
[nanopynix-gc-thread-debug] tid=3098943 event=enter_evaluator_thread:begin
[nanopynix-gc-thread-debug] tid=3098943 event=gc_thread_registration:acquired
[nanopynix-gc-thread-debug] tid=3098943 event=enter_evaluator_thread:registered
[nanopynix-gc-thread-debug] tid=3098943 event=exit_evaluator_thread:begin
[nanopynix-gc-thread-debug] tid=3098943 event=gc_thread_registration:released
[nanopynix-gc-thread-debug] tid=3098943 event=exit_evaluator_thread:unregistered
[nanopynix-gc-thread-debug] tid=3098735 event=gc_thread_registration:acquired
[nanopynix-gc-thread-debug] tid=3099102 event=gc_thread_registration:acquired
[nanopynix-gc-thread-debug] tid=3099102 event=gc_thread_registration:released
[nanopynix-gc-thread-debug] tid=3099104 event=enter_evaluator_thread:begin
[nanopynix-gc-thread-debug] tid=3099104 event=gc_thread_registration:acquired
[nanopynix-gc-thread-debug] tid=3099104 event=enter_evaluator_thread:registered
[nanopynix-gc-thread-debug] tid=3099104 event=exit_evaluator_thread:begin
[nanopynix-gc-thread-debug] tid=3099104 event=gc_thread_registration:released
[nanopynix-gc-thread-debug] tid=3099104 event=exit_evaluator_thread:unregistered
[nanopynix-gc-thread-debug] tid=3099105 event=enter_evaluator_thread:begin
[nanopynix-gc-thread-debug] tid=3099105 event=gc_thread_registration:acquired
[nanopynix-gc-thread-debug] tid=3099105 event=enter_evaluator_thread:registered
[nanopynix-gc-thread-debug] tid=3099105 event=exit_evaluator_thread:begin
[nanopynix-gc-thread-debug] tid=3099105 event=gc_thread_registration:released
[nanopynix-gc-thread-debug] tid=3099105 event=exit_evaluator_thread:unregistered
[nanopynix-gc-thread-debug] tid=3099116 event=enter_evaluator_thread:begin
[nanopynix-gc-thread-debug] tid=3099116 event=gc_thread_registration:acquired
[nanopynix-gc-thread-debug] tid=3099116 event=enter_evaluator_thread:registered
[nanopynix-gc-thread-debug] tid=3099116 event=exit_evaluator_thread:begin
[nanopynix-gc-thread-debug] tid=3099116 event=gc_thread_registration:released
[nanopynix-gc-thread-debug] tid=3099116 event=exit_evaluator_thread:unregistered
[nanopynix-gc-thread-debug] tid=3099118 event=enter_evaluator_thread:begin
[nanopynix-gc-thread-debug] tid=3099118 event=gc_thread_registration:acquired
[nanopynix-gc-thread-debug] tid=3099118 event=enter_evaluator_thread:registered
[nanopynix-gc-thread-debug] tid=3099118 event=exit_evaluator_thread:begin
[nanopynix-gc-thread-debug] tid=3099118 event=gc_thread_registration:released
[nanopynix-gc-thread-debug] tid=3099118 event=exit_evaluator_thread:unregistered
[nanopynix-gc-thread-debug] tid=3099120 event=enter_evaluator_thread:begin
[nanopynix-gc-thread-debug] tid=3099120 event=gc_thread_registration:acquired
[nanopynix-gc-thread-debug] tid=3099120 event=enter_evaluator_thread:registered
[nanopynix-gc-thread-debug] tid=3099120 event=exit_evaluator_thread:begin
[nanopynix-gc-thread-debug] tid=3099120 event=gc_thread_registration:released
[nanopynix-gc-thread-debug] tid=3099120 event=exit_evaluator_thread:unregistered
[nanopynix-gc-thread-debug] tid=3099122 event=enter_evaluator_thread:begin
[nanopynix-gc-thread-debug] tid=3099122 event=gc_thread_registration:acquired
[nanopynix-gc-thread-debug] tid=3099122 event=enter_evaluator_thread:registered
[nanopynix-gc-thread-debug] tid=3099122 event=exit_evaluator_thread:begin
[nanopynix-gc-thread-debug] tid=3099122 event=gc_thread_registration:released
[nanopynix-gc-thread-debug] tid=3099122 event=exit_evaluator_thread:unregistered
[nanopynix-gc-thread-debug] tid=3099124 event=enter_evaluator_thread:begin
[nanopynix-gc-thread-debug] tid=3099124 event=gc_thread_registration:acquired
[nanopynix-gc-thread-debug] tid=3099124 event=enter_evaluator_thread:registered
[nanopynix-gc-thread-debug] tid=3099124 event=exit_evaluator_thread:begin
[nanopynix-gc-thread-debug] tid=3099124 event=gc_thread_registration:released
[nanopynix-gc-thread-debug] tid=3099124 event=exit_evaluator_thread:unregistered
[nanopynix-gc-thread-debug] tid=3099126 event=enter_evaluator_thread:begin
[nanopynix-gc-thread-debug] tid=3099126 event=gc_thread_registration:acquired
[nanopynix-gc-thread-debug] tid=3099126 event=enter_evaluator_thread:registered
[nanopynix-gc-thread-debug] tid=3099126 event=exit_evaluator_thread:begin
[nanopynix-gc-thread-debug] tid=3099126 event=gc_thread_registration:released
[nanopynix-gc-thread-debug] tid=3099126 event=exit_evaluator_thread:unregistered
[nanopynix-gc-thread-debug] tid=3099128 event=enter_evaluator_thread:begin
[nanopynix-gc-thread-debug] tid=3099128 event=gc_thread_registration:acquired
[nanopynix-gc-thread-debug] tid=3099128 event=enter_evaluator_thread:registered
[nanopynix-gc-thread-debug] tid=3099128 event=exit_evaluator_thread:begin
[nanopynix-gc-thread-debug] tid=3099128 event=gc_thread_registration:released
[nanopynix-gc-thread-debug] tid=3099128 event=exit_evaluator_thread:unregistered
[nanopynix-gc-thread-debug] tid=3099130 event=enter_evaluator_thread:begin
[nanopynix-gc-thread-debug] tid=3099130 event=gc_thread_registration:acquired
[nanopynix-gc-thread-debug] tid=3099130 event=enter_evaluator_thread:registered
[nanopynix-gc-thread-debug] tid=3099130 event=exit_evaluator_thread:begin
[nanopynix-gc-thread-debug] tid=3099130 event=gc_thread_registration:released
[nanopynix-gc-thread-debug] tid=3099130 event=exit_evaluator_thread:unregistered
[nanopynix-gc-thread-debug] tid=3099132 event=enter_evaluator_thread:begin
[nanopynix-gc-thread-debug] tid=3099132 event=gc_thread_registration:acquired
[nanopynix-gc-thread-debug] tid=3099132 event=enter_evaluator_thread:registered
[nanopynix-gc-thread-debug] tid=3099133 event=enter_evaluator_thread:begin
[nanopynix-gc-thread-debug] tid=3099133 event=gc_thread_registration:acquired
[nanopynix-gc-thread-debug] tid=3099133 event=enter_evaluator_thread:registered
[nanopynix-gc-thread-debug] tid=3099133 event=exit_evaluator_thread:begin
[nanopynix-gc-thread-debug] tid=3099133 event=gc_thread_registration:released
[nanopynix-gc-thread-debug] tid=3099133 event=exit_evaluator_thread:unregistered
[nanopynix-gc-thread-debug] tid=3099132 event=exit_evaluator_thread:begin
[nanopynix-gc-thread-debug] tid=3099132 event=gc_thread_registration:released
[nanopynix-gc-thread-debug] tid=3099132 event=exit_evaluator_thread:unregistered
[nanopynix-gc-thread-debug] tid=3099135 event=enter_evaluator_thread:begin
[nanopynix-gc-thread-debug] tid=3099135 event=gc_thread_registration:acquired
[nanopynix-gc-thread-debug] tid=3099135 event=enter_evaluator_thread:registered
[nanopynix-gc-thread-debug] tid=3099136 event=enter_evaluator_thread:begin
[nanopynix-gc-thread-debug] tid=3099136 event=gc_thread_registration:acquired
[nanopynix-gc-thread-debug] tid=3099136 event=enter_evaluator_thread:registered
[nanopynix-gc-thread-debug] tid=3099135 event=exit_evaluator_thread:begin
[nanopynix-gc-thread-debug] tid=3099135 event=gc_thread_registration:released
[nanopynix-gc-thread-debug] tid=3099135 event=exit_evaluator_thread:unregistered
[nanopynix-gc-thread-debug] tid=3099136 event=exit_evaluator_thread:begin
[nanopynix-gc-thread-debug] tid=3099136 event=gc_thread_registration:released
[nanopynix-gc-thread-debug] tid=3099136 event=exit_evaluator_thread:unregistered
[nanopynix-gc-thread-debug] tid=3099138 event=enter_evaluator_thread:begin
[nanopynix-gc-thread-debug] tid=3099138 event=gc_thread_registration:acquired
[nanopynix-gc-thread-debug] tid=3099138 event=enter_evaluator_thread:registered
[nanopynix-gc-thread-debug] tid=3099138 event=exit_evaluator_thread:begin
[nanopynix-gc-thread-debug] tid=3099138 event=gc_thread_registration:released
[nanopynix-gc-thread-debug] tid=3099138 event=exit_evaluator_thread:unregistered
[nanopynix-gc-thread-debug] tid=3099140 event=enter_evaluator_thread:begin
[nanopynix-gc-thread-debug] tid=3099140 event=gc_thread_registration:acquired
[nanopynix-gc-thread-debug] tid=3099140 event=enter_evaluator_thread:registered
[nanopynix-gc-thread-debug] tid=3099140 event=exit_evaluator_thread:begin
[nanopynix-gc-thread-debug] tid=3099140 event=gc_thread_registration:released
[nanopynix-gc-thread-debug] tid=3099140 event=exit_evaluator_thread:unregistered
[nanopynix-gc-thread-debug] tid=3099142 event=enter_evaluator_thread:begin
[nanopynix-gc-thread-debug] tid=3099142 event=gc_thread_registration:acquired
[nanopynix-gc-thread-debug] tid=3099142 event=enter_evaluator_thread:registered
[nanopynix-gc-thread-debug] tid=3099142 event=exit_evaluator_thread:begin
[nanopynix-gc-thread-debug] tid=3099142 event=gc_thread_registration:released
[nanopynix-gc-thread-debug] tid=3099142 event=exit_evaluator_thread:unregistered
[nanopynix-gc-thread-debug] tid=3099144 event=enter_evaluator_thread:begin
[nanopynix-gc-thread-debug] tid=3099144 event=gc_thread_registration:acquired
[nanopynix-gc-thread-debug] tid=3099144 event=enter_evaluator_thread:registered
[nanopynix-gc-thread-debug] tid=3099144 event=exit_evaluator_thread:begin
[nanopynix-gc-thread-debug] tid=3099144 event=gc_thread_registration:released
[nanopynix-gc-thread-debug] tid=3099144 event=exit_evaluator_thread:unregistered
[nanopynix-gc-thread-debug] tid=3099147 event=enter_evaluator_thread:begin
[nanopynix-gc-thread-debug] tid=3099147 event=gc_thread_registration:acquired
[nanopynix-gc-thread-debug] tid=3099147 event=enter_evaluator_thread:registered
[nanopynix-gc-thread-debug] tid=3099147 event=exit_evaluator_thread:begin
[nanopynix-gc-thread-debug] tid=3099147 event=gc_thread_registration:released
[nanopynix-gc-thread-debug] tid=3099147 event=exit_evaluator_thread:unregistered
[nanopynix-gc-thread-debug] tid=3099149 event=enter_evaluator_thread:begin
[nanopynix-gc-thread-debug] tid=3099149 event=gc_thread_registration:acquired
[nanopynix-gc-thread-debug] tid=3099149 event=enter_evaluator_thread:registered
[nanopynix-gc-thread-debug] tid=3099149 event=exit_evaluator_thread:begin
[nanopynix-gc-thread-debug] tid=3099149 event=gc_thread_registration:released
[nanopynix-gc-thread-debug] tid=3099149 event=exit_evaluator_thread:unregistered
[nanopynix-gc-thread-debug] tid=3099151 event=enter_evaluator_thread:begin
[nanopynix-gc-thread-debug] tid=3099151 event=gc_thread_registration:acquired
[nanopynix-gc-thread-debug] tid=3099151 event=enter_evaluator_thread:registered
[nanopynix-gc-thread-debug] tid=3099151 event=exit_evaluator_thread:begin
[nanopynix-gc-thread-debug] tid=3099151 event=gc_thread_registration:released
[nanopynix-gc-thread-debug] tid=3099151 event=exit_evaluator_thread:unregistered
[nanopynix-gc-thread-debug] tid=3099153 event=enter_evaluator_thread:begin
[nanopynix-gc-thread-debug] tid=3099153 event=gc_thread_registration:acquired
[nanopynix-gc-thread-debug] tid=3099153 event=enter_evaluator_thread:registered
[nanopynix-gc-thread-debug] tid=3099153 event=exit_evaluator_thread:begin
[nanopynix-gc-thread-debug] tid=3099153 event=gc_thread_registration:released
[nanopynix-gc-thread-debug] tid=3099153 event=exit_evaluator_thread:unregistered
[nanopynix-gc-thread-debug] tid=3099155 event=enter_evaluator_thread:begin
[nanopynix-gc-thread-debug] tid=3099155 event=gc_thread_registration:acquired
[nanopynix-gc-thread-debug] tid=3099155 event=enter_evaluator_thread:registered
[nanopynix-gc-thread-debug] tid=3099155 event=exit_evaluator_thread:begin
[nanopynix-gc-thread-debug] tid=3099155 event=gc_thread_registration:released
[nanopynix-gc-thread-debug] tid=3099155 event=exit_evaluator_thread:unregistered
[nanopynix-gc-thread-debug] tid=3099156 event=enter_evaluator_thread:begin
[nanopynix-gc-thread-debug] tid=3099156 event=gc_thread_registration:acquired
[nanopynix-gc-thread-debug] tid=3099156 event=enter_evaluator_thread:registered
[nanopynix-gc-thread-debug] tid=3099156 event=exit_evaluator_thread:begin
[nanopynix-gc-thread-debug] tid=3099156 event=gc_thread_registration:released
[nanopynix-gc-thread-debug] tid=3099156 event=exit_evaluator_thread:unregistered
[nanopynix-gc-thread-debug] tid=3099158 event=enter_evaluator_thread:begin
[nanopynix-gc-thread-debug] tid=3099158 event=gc_thread_registration:acquired
[nanopynix-gc-thread-debug] tid=3099158 event=enter_evaluator_thread:registered
[nanopynix-gc-thread-debug] tid=3099158 event=exit_evaluator_thread:begin
[nanopynix-gc-thread-debug] tid=3099158 event=gc_thread_registration:released
[nanopynix-gc-thread-debug] tid=3099158 event=exit_evaluator_thread:unregistered
[nanopynix-gc-thread-debug] tid=3099160 event=enter_evaluator_thread:begin
[nanopynix-gc-thread-debug] tid=3099160 event=gc_thread_registration:acquired
[nanopynix-gc-thread-debug] tid=3099160 event=enter_evaluator_thread:registered
[nanopynix-gc-thread-debug] tid=3099160 event=exit_evaluator_thread:begin
[nanopynix-gc-thread-debug] tid=3099160 event=gc_thread_registration:released
[nanopynix-gc-thread-debug] tid=3099160 event=exit_evaluator_thread:unregistered
[nanopynix-gc-thread-debug] tid=3099165 event=enter_evaluator_thread:begin
[nanopynix-gc-thread-debug] tid=3099165 event=gc_thread_registration:acquired
[nanopynix-gc-thread-debug] tid=3099165 event=enter_evaluator_thread:registered
[nanopynix-gc-thread-debug] tid=3099165 event=exit_evaluator_thread:begin
[nanopynix-gc-thread-debug] tid=3099165 event=gc_thread_registration:released
[nanopynix-gc-thread-debug] tid=3099165 event=exit_evaluator_thread:unregistered
[nanopynix-gc-thread-debug] tid=3099230 event=enter_evaluator_thread:begin
[nanopynix-gc-thread-debug] tid=3099230 event=gc_thread_registration:acquired
[nanopynix-gc-thread-debug] tid=3099230 event=enter_evaluator_thread:registered
[nanopynix-gc-thread-debug] tid=3099230 event=exit_evaluator_thread:begin
[nanopynix-gc-thread-debug] tid=3099230 event=gc_thread_registration:released
[nanopynix-gc-thread-debug] tid=3099230 event=exit_evaluator_thread:unregistered
[nanopynix-gc-thread-debug] tid=3099259 event=enter_evaluator_thread:begin
[nanopynix-gc-thread-debug] tid=3099259 event=gc_thread_registration:acquired
[nanopynix-gc-thread-debug] tid=3099259 event=enter_evaluator_thread:registered
[nanopynix-gc-thread-debug] tid=3099259 event=exit_evaluator_thread:begin
[nanopynix-gc-thread-debug] tid=3099259 event=gc_thread_registration:released
[nanopynix-gc-thread-debug] tid=3099259 event=exit_evaluator_thread:unregistered
[nanopynix-gc-thread-debug] tid=3099261 event=enter_evaluator_thread:begin
[nanopynix-gc-thread-debug] tid=3099261 event=gc_thread_registration:acquired
[nanopynix-gc-thread-debug] tid=3099261 event=enter_evaluator_thread:registered
[nanopynix-gc-thread-debug] tid=3099261 event=exit_evaluator_thread:begin
[nanopynix-gc-thread-debug] tid=3099261 event=gc_thread_registration:released
[nanopynix-gc-thread-debug] tid=3099261 event=exit_evaluator_thread:unregistered
[nanopynix-gc-thread-debug] tid=3099263 event=enter_evaluator_thread:begin
[nanopynix-gc-thread-debug] tid=3099263 event=gc_thread_registration:acquired
[nanopynix-gc-thread-debug] tid=3099263 event=enter_evaluator_thread:registered
[nanopynix-gc-thread-debug] tid=3099263 event=exit_evaluator_thread:begin
[nanopynix-gc-thread-debug] tid=3099263 event=gc_thread_registration:released
[nanopynix-gc-thread-debug] tid=3099263 event=exit_evaluator_thread:unregistered
[nanopynix-gc-thread-debug] tid=3099265 event=enter_evaluator_thread:begin
[nanopynix-gc-thread-debug] tid=3099265 event=gc_thread_registration:acquired
[nanopynix-gc-thread-debug] tid=3099265 event=enter_evaluator_thread:registered
[nanopynix-gc-thread-debug] tid=3099265 event=exit_evaluator_thread:begin
[nanopynix-gc-thread-debug] tid=3099265 event=gc_thread_registration:released
[nanopynix-gc-thread-debug] tid=3099265 event=exit_evaluator_thread:unregistered
[nanopynix-gc-thread-debug] tid=3099267 event=enter_evaluator_thread:begin
[nanopynix-gc-thread-debug] tid=3099267 event=gc_thread_registration:acquired
[nanopynix-gc-thread-debug] tid=3099267 event=enter_evaluator_thread:registered
[nanopynix-gc-thread-debug] tid=3099267 event=exit_evaluator_thread:begin
[nanopynix-gc-thread-debug] tid=3099267 event=gc_thread_registration:released
[nanopynix-gc-thread-debug] tid=3099267 event=exit_evaluator_thread:unregistered
[nanopynix-gc-thread-debug] tid=3099269 event=enter_evaluator_thread:begin
[nanopynix-gc-thread-debug] tid=3099269 event=gc_thread_registration:acquired
[nanopynix-gc-thread-debug] tid=3099269 event=enter_evaluator_thread:registered
[nanopynix-gc-thread-debug] tid=3099269 event=exit_evaluator_thread:begin
[nanopynix-gc-thread-debug] tid=3099269 event=gc_thread_registration:released
[nanopynix-gc-thread-debug] tid=3099269 event=exit_evaluator_thread:unregistered
[nanopynix-gc-thread-debug] tid=3099271 event=enter_evaluator_thread:begin
[nanopynix-gc-thread-debug] tid=3099271 event=gc_thread_registration:acquired
[nanopynix-gc-thread-debug] tid=3099271 event=enter_evaluator_thread:registered
[nanopynix-gc-thread-debug] tid=3099271 event=exit_evaluator_thread:begin
[nanopynix-gc-thread-debug] tid=3099271 event=gc_thread_registration:released
[nanopynix-gc-thread-debug] tid=3099271 event=exit_evaluator_thread:unregistered
[nanopynix-gc-thread-debug] tid=3099273 event=enter_evaluator_thread:begin
[nanopynix-gc-thread-debug] tid=3099273 event=gc_thread_registration:acquired
[nanopynix-gc-thread-debug] tid=3099273 event=enter_evaluator_thread:registered
[nanopynix-gc-thread-debug] tid=3099273 event=exit_evaluator_thread:begin
[nanopynix-gc-thread-debug] tid=3099273 event=gc_thread_registration:released
[nanopynix-gc-thread-debug] tid=3099273 event=exit_evaluator_thread:unregistered
[nanopynix-gc-thread-debug] tid=3099275 event=enter_evaluator_thread:begin
[nanopynix-gc-thread-debug] tid=3099275 event=gc_thread_registration:acquired
[nanopynix-gc-thread-debug] tid=3099275 event=enter_evaluator_thread:registered
[nanopynix-gc-thread-debug] tid=3099275 event=exit_evaluator_thread:begin
[nanopynix-gc-thread-debug] tid=3099275 event=gc_thread_registration:released
[nanopynix-gc-thread-debug] tid=3099275 event=exit_evaluator_thread:unregistered
[nanopynix-gc-thread-debug] tid=3099287 event=enter_evaluator_thread:begin
[nanopynix-gc-thread-debug] tid=3099287 event=gc_thread_registration:acquired
[nanopynix-gc-thread-debug] tid=3099287 event=enter_evaluator_thread:registered
[nanopynix-gc-thread-debug] tid=3099287 event=exit_evaluator_thread:begin
[nanopynix-gc-thread-debug] tid=3099287 event=gc_thread_registration:released
[nanopynix-gc-thread-debug] tid=3099287 event=exit_evaluator_thread:unregistered
[nanopynix-gc-thread-debug] tid=3099289 event=enter_evaluator_thread:begin
[nanopynix-gc-thread-debug] tid=3099289 event=gc_thread_registration:acquired
[nanopynix-gc-thread-debug] tid=3099289 event=enter_evaluator_thread:registered
[nanopynix-gc-thread-debug] tid=3099289 event=exit_evaluator_thread:begin
[nanopynix-gc-thread-debug] tid=3099289 event=gc_thread_registration:released
[nanopynix-gc-thread-debug] tid=3099289 event=exit_evaluator_thread:unregistered
[nanopynix-gc-thread-debug] tid=3099301 event=enter_evaluator_thread:begin
[nanopynix-gc-thread-debug] tid=3099301 event=gc_thread_registration:acquired
[nanopynix-gc-thread-debug] tid=3099301 event=enter_evaluator_thread:registered
[nanopynix-gc-thread-debug] tid=3099301 event=exit_evaluator_thread:begin
[nanopynix-gc-thread-debug] tid=3099301 event=gc_thread_registration:released
[nanopynix-gc-thread-debug] tid=3099301 event=exit_evaluator_thread:unregistered
[nanopynix-gc-thread-debug] tid=3099325 event=enter_evaluator_thread:begin
[nanopynix-gc-thread-debug] tid=3099325 event=gc_thread_registration:acquired
[nanopynix-gc-thread-debug] tid=3099325 event=enter_evaluator_thread:registered
[nanopynix-gc-thread-debug] tid=3099325 event=exit_evaluator_thread:begin
[nanopynix-gc-thread-debug] tid=3099325 event=gc_thread_registration:released
[nanopynix-gc-thread-debug] tid=3099325 event=exit_evaluator_thread:unregistered
[nanopynix-gc-thread-debug] tid=3099326 event=enter_evaluator_thread:begin
[nanopynix-gc-thread-debug] tid=3099326 event=gc_thread_registration:acquired
[nanopynix-gc-thread-debug] tid=3099326 event=enter_evaluator_thread:registered
[nanopynix-gc-thread-debug] tid=3099326 event=exit_evaluator_thread:begin
[nanopynix-gc-thread-debug] tid=3099326 event=gc_thread_registration:released
[nanopynix-gc-thread-debug] tid=3099326 event=exit_evaluator_thread:unregistered
[nanopynix-gc-thread-debug] tid=3099329 event=enter_evaluator_thread:begin
[nanopynix-gc-thread-debug] tid=3099329 event=gc_thread_registration:acquired
[nanopynix-gc-thread-debug] tid=3099329 event=enter_evaluator_thread:registered
[nanopynix-gc-thread-debug] tid=3099329 event=exit_evaluator_thread:begin
[nanopynix-gc-thread-debug] tid=3099329 event=gc_thread_registration:released
[nanopynix-gc-thread-debug] tid=3099329 event=exit_evaluator_thread:unregistered
[nanopynix-gc-thread-debug] tid=3099331 event=enter_evaluator_thread:begin
[nanopynix-gc-thread-debug] tid=3099331 event=gc_thread_registration:acquired
[nanopynix-gc-thread-debug] tid=3099331 event=enter_evaluator_thread:registered
[nanopynix-gc-thread-debug] tid=3099331 event=exit_evaluator_thread:begin
[nanopynix-gc-thread-debug] tid=3099331 event=gc_thread_registration:released
[nanopynix-gc-thread-debug] tid=3099331 event=exit_evaluator_thread:unregistered
[nanopynix-gc-thread-debug] tid=3099333 event=enter_evaluator_thread:begin
[nanopynix-gc-thread-debug] tid=3099333 event=gc_thread_registration:acquired
[nanopynix-gc-thread-debug] tid=3099333 event=enter_evaluator_thread:registered
[nanopynix-gc-thread-debug] tid=3099333 event=exit_evaluator_thread:begin
[nanopynix-gc-thread-debug] tid=3099333 event=gc_thread_registration:released
[nanopynix-gc-thread-debug] tid=3099333 event=exit_evaluator_thread:unregistered
[nanopynix-gc-thread-debug] tid=3099335 event=enter_evaluator_thread:begin
[nanopynix-gc-thread-debug] tid=3099335 event=gc_thread_registration:acquired
[nanopynix-gc-thread-debug] tid=3099335 event=enter_evaluator_thread:registered
[nanopynix-gc-thread-debug] tid=3099335 event=exit_evaluator_thread:begin
[nanopynix-gc-thread-debug] tid=3099335 event=gc_thread_registration:released
[nanopynix-gc-thread-debug] tid=3099335 event=exit_evaluator_thread:unregistered
[nanopynix-gc-thread-debug] tid=3099337 event=enter_evaluator_thread:begin
[nanopynix-gc-thread-debug] tid=3099337 event=gc_thread_registration:acquired
[nanopynix-gc-thread-debug] tid=3099337 event=enter_evaluator_thread:registered
[nanopynix-gc-thread-debug] tid=3099337 event=exit_evaluator_thread:begin
[nanopynix-gc-thread-debug] tid=3099337 event=gc_thread_registration:released
[nanopynix-gc-thread-debug] tid=3099337 event=exit_evaluator_thread:unregistered
[nanopynix-gc-thread-debug] tid=3099339 event=enter_evaluator_thread:begin
[nanopynix-gc-thread-debug] tid=3099339 event=gc_thread_registration:acquired
[nanopynix-gc-thread-debug] tid=3099339 event=enter_evaluator_thread:registered
[nanopynix-gc-thread-debug] tid=3099339 event=exit_evaluator_thread:begin
[nanopynix-gc-thread-debug] tid=3099339 event=gc_thread_registration:released
[nanopynix-gc-thread-debug] tid=3099339 event=exit_evaluator_thread:unregistered
[nanopynix-gc-thread-debug] tid=3099341 event=enter_evaluator_thread:begin
[nanopynix-gc-thread-debug] tid=3099341 event=gc_thread_registration:acquired
[nanopynix-gc-thread-debug] tid=3099341 event=enter_evaluator_thread:registered
[nanopynix-gc-thread-debug] tid=3099341 event=exit_evaluator_thread:begin
[nanopynix-gc-thread-debug] tid=3099341 event=gc_thread_registration:released
[nanopynix-gc-thread-debug] tid=3099341 event=exit_evaluator_thread:unregistered
[nanopynix-gc-thread-debug] tid=3099343 event=enter_evaluator_thread:begin
[nanopynix-gc-thread-debug] tid=3099343 event=gc_thread_registration:acquired
[nanopynix-gc-thread-debug] tid=3099343 event=enter_evaluator_thread:registered
[nanopynix-gc-thread-debug] tid=3099343 event=exit_evaluator_thread:begin
[nanopynix-gc-thread-debug] tid=3099343 event=gc_thread_registration:released
[nanopynix-gc-thread-debug] tid=3099343 event=exit_evaluator_thread:unregistered
[nanopynix-gc-thread-debug] tid=3099345 event=enter_evaluator_thread:begin
[nanopynix-gc-thread-debug] tid=3099345 event=gc_thread_registration:acquired
[nanopynix-gc-thread-debug] tid=3099345 event=enter_evaluator_thread:registered
[nanopynix-gc-thread-debug] tid=3099345 event=exit_evaluator_thread:begin
[nanopynix-gc-thread-debug] tid=3099345 event=gc_thread_registration:released
[nanopynix-gc-thread-debug] tid=3099345 event=exit_evaluator_thread:unregistered
[nanopynix-gc-thread-debug] tid=3099347 event=enter_evaluator_thread:begin
[nanopynix-gc-thread-debug] tid=3099347 event=gc_thread_registration:acquired
[nanopynix-gc-thread-debug] tid=3099347 event=enter_evaluator_thread:registered
[nanopynix-gc-thread-debug] tid=3099347 event=exit_evaluator_thread:begin
[nanopynix-gc-thread-debug] tid=3099347 event=gc_thread_registration:released
[nanopynix-gc-thread-debug] tid=3099347 event=exit_evaluator_thread:unregistered
[nanopynix-gc-thread-debug] tid=3099356 event=enter_evaluator_thread:begin
[nanopynix-gc-thread-debug] tid=3099356 event=gc_thread_registration:acquired
[nanopynix-gc-thread-debug] tid=3099356 event=enter_evaluator_thread:registered
[nanopynix-gc-thread-debug] tid=3099356 event=exit_evaluator_thread:begin
[nanopynix-gc-thread-debug] tid=3099356 event=gc_thread_registration:released
[nanopynix-gc-thread-debug] tid=3099356 event=exit_evaluator_thread:unregistered
[nanopynix-gc-thread-debug] tid=3099358 event=enter_evaluator_thread:begin
[nanopynix-gc-thread-debug] tid=3099358 event=gc_thread_registration:acquired
[nanopynix-gc-thread-debug] tid=3099358 event=enter_evaluator_thread:registered
[nanopynix-gc-thread-debug] tid=3099358 event=exit_evaluator_thread:begin
[nanopynix-gc-thread-debug] tid=3099358 event=gc_thread_registration:released
[nanopynix-gc-thread-debug] tid=3099358 event=exit_evaluator_thread:unregistered
[nanopynix-gc-thread-debug] tid=3099360 event=enter_evaluator_thread:begin
[nanopynix-gc-thread-debug] tid=3099360 event=gc_thread_registration:acquired
[nanopynix-gc-thread-debug] tid=3099360 event=enter_evaluator_thread:registered
[nanopynix-gc-thread-debug] tid=3099360 event=exit_evaluator_thread:begin
[nanopynix-gc-thread-debug] tid=3099360 event=gc_thread_registration:released
[nanopynix-gc-thread-debug] tid=3099360 event=exit_evaluator_thread:unregistered
[nanopynix-gc-thread-debug] tid=3099365 event=enter_evaluator_thread:begin
[nanopynix-gc-thread-debug] tid=3099365 event=gc_thread_registration:acquired
[nanopynix-gc-thread-debug] tid=3099365 event=enter_evaluator_thread:registered
[nanopynix-gc-thread-debug] tid=3099366 event=enter_evaluator_thread:begin
[nanopynix-gc-thread-debug] tid=3099366 event=gc_thread_registration:acquired
[nanopynix-gc-thread-debug] tid=3099366 event=enter_evaluator_thread:registered
[nanopynix-gc-thread-debug] tid=3099366 event=exit_evaluator_thread:begin
[nanopynix-gc-thread-debug] tid=3099366 event=gc_thread_registration:released
[nanopynix-gc-thread-debug] tid=3099366 event=exit_evaluator_thread:unregistered
[nanopynix-gc-thread-debug] tid=3099365 event=exit_evaluator_thread:begin
[nanopynix-gc-thread-debug] tid=3099365 event=gc_thread_registration:released
[nanopynix-gc-thread-debug] tid=3099365 event=exit_evaluator_thread:unregistered
[nanopynix-gc-thread-debug] tid=3099368 event=enter_evaluator_thread:begin
[nanopynix-gc-thread-debug] tid=3099368 event=gc_thread_registration:acquired
[nanopynix-gc-thread-debug] tid=3099368 event=enter_evaluator_thread:registered
[nanopynix-gc-thread-debug] tid=3099368 event=exit_evaluator_thread:begin
[nanopynix-gc-thread-debug] tid=3099368 event=gc_thread_registration:released
[nanopynix-gc-thread-debug] tid=3099368 event=exit_evaluator_thread:unregistered
[nanopynix-gc-thread-debug] tid=3099370 event=enter_evaluator_thread:begin
[nanopynix-gc-thread-debug] tid=3099370 event=gc_thread_registration:acquired
[nanopynix-gc-thread-debug] tid=3099370 event=enter_evaluator_thread:registered
[nanopynix-gc-thread-debug] tid=3099370 event=exit_evaluator_thread:begin
[nanopynix-gc-thread-debug] tid=3099370 event=gc_thread_registration:released
[nanopynix-gc-thread-debug] tid=3099370 event=exit_evaluator_thread:unregistered
[nanopynix-gc-thread-debug] tid=3099375 event=enter_evaluator_thread:begin
[nanopynix-gc-thread-debug] tid=3099375 event=gc_thread_registration:acquired
[nanopynix-gc-thread-debug] tid=3099375 event=enter_evaluator_thread:registered
[nanopynix-gc-thread-debug] tid=3099375 event=exit_evaluator_thread:begin
[nanopynix-gc-thread-debug] tid=3099375 event=gc_thread_registration:released
[nanopynix-gc-thread-debug] tid=3099375 event=exit_evaluator_thread:unregistered
[nanopynix-gc-thread-debug] tid=3099383 event=enter_evaluator_thread:begin
[nanopynix-gc-thread-debug] tid=3099383 event=gc_thread_registration:acquired
[nanopynix-gc-thread-debug] tid=3099383 event=enter_evaluator_thread:registered
[nanopynix-gc-thread-debug] tid=3099383 event=exit_evaluator_thread:begin
[nanopynix-gc-thread-debug] tid=3099383 event=gc_thread_registration:released
[nanopynix-gc-thread-debug] tid=3099383 event=exit_evaluator_thread:unregistered
[nanopynix-gc-thread-debug] tid=3099392 event=enter_evaluator_thread:begin
[nanopynix-gc-thread-debug] tid=3099392 event=gc_thread_registration:acquired
[nanopynix-gc-thread-debug] tid=3099392 event=enter_evaluator_thread:registered
[nanopynix-gc-thread-debug] tid=3099392 event=exit_evaluator_thread:begin
[nanopynix-gc-thread-debug] tid=3099392 event=gc_thread_registration:released
[nanopynix-gc-thread-debug] tid=3099392 event=exit_evaluator_thread:unregistered
[nanopynix-gc-thread-debug] tid=3099400 event=enter_evaluator_thread:begin
[nanopynix-gc-thread-debug] tid=3099400 event=gc_thread_registration:acquired
[nanopynix-gc-thread-debug] tid=3099400 event=enter_evaluator_thread:registered
[nanopynix-gc-thread-debug] tid=3099400 event=exit_evaluator_thread:begin
[nanopynix-gc-thread-debug] tid=3099400 event=gc_thread_registration:released
[nanopynix-gc-thread-debug] tid=3099400 event=exit_evaluator_thread:unregistered
[nanopynix-gc-thread-debug] tid=3099430 event=enter_evaluator_thread:begin
[nanopynix-gc-thread-debug] tid=3099430 event=gc_thread_registration:acquired
[nanopynix-gc-thread-debug] tid=3099430 event=enter_evaluator_thread:registered
[nanopynix-gc-thread-debug] tid=3099430 event=exit_evaluator_thread:begin
[nanopynix-gc-thread-debug] tid=3099430 event=gc_thread_registration:released
[nanopynix-gc-thread-debug] tid=3099430 event=exit_evaluator_thread:unregistered
[nanopynix-gc-thread-debug] tid=3099439 event=enter_evaluator_thread:begin
[nanopynix-gc-thread-debug] tid=3099439 event=gc_thread_registration:acquired
[nanopynix-gc-thread-debug] tid=3099439 event=enter_evaluator_thread:registered
[nanopynix-gc-thread-debug] tid=3099439 event=exit_evaluator_thread:begin
[nanopynix-gc-thread-debug] tid=3099439 event=gc_thread_registration:released
[nanopynix-gc-thread-debug] tid=3099439 event=exit_evaluator_thread:unregistered
[nanopynix-gc-thread-debug] tid=3099448 event=enter_evaluator_thread:begin
[nanopynix-gc-thread-debug] tid=3099448 event=gc_thread_registration:acquired
[nanopynix-gc-thread-debug] tid=3099448 event=enter_evaluator_thread:registered
[nanopynix-gc-thread-debug] tid=3099448 event=exit_evaluator_thread:begin
[nanopynix-gc-thread-debug] tid=3099448 event=gc_thread_registration:released
[nanopynix-gc-thread-debug] tid=3099448 event=exit_evaluator_thread:unregistered
[nanopynix-gc-thread-debug] tid=3099457 event=enter_evaluator_thread:begin
[nanopynix-gc-thread-debug] tid=3099457 event=gc_thread_registration:acquired
[nanopynix-gc-thread-debug] tid=3099457 event=enter_evaluator_thread:registered
[nanopynix-gc-thread-debug] tid=3099457 event=exit_evaluator_thread:begin
[nanopynix-gc-thread-debug] tid=3099457 event=gc_thread_registration:released
[nanopynix-gc-thread-debug] tid=3099457 event=exit_evaluator_thread:unregistered
[nanopynix-gc-thread-debug] tid=3099466 event=enter_evaluator_thread:begin
[nanopynix-gc-thread-debug] tid=3099466 event=gc_thread_registration:acquired
[nanopynix-gc-thread-debug] tid=3099466 event=enter_evaluator_thread:registered
[nanopynix-gc-thread-debug] tid=3099466 event=exit_evaluator_thread:begin
[nanopynix-gc-thread-debug] tid=3099466 event=gc_thread_registration:released
[nanopynix-gc-thread-debug] tid=3099466 event=exit_evaluator_thread:unregistered
[nanopynix-gc-thread-debug] tid=3099475 event=enter_evaluator_thread:begin
[nanopynix-gc-thread-debug] tid=3099475 event=gc_thread_registration:acquired
[nanopynix-gc-thread-debug] tid=3099475 event=enter_evaluator_thread:registered
[nanopynix-gc-thread-debug] tid=3099475 event=exit_evaluator_thread:begin
[nanopynix-gc-thread-debug] tid=3099475 event=gc_thread_registration:released
[nanopynix-gc-thread-debug] tid=3099475 event=exit_evaluator_thread:unregistered
[nanopynix-gc-thread-debug] tid=3099484 event=enter_evaluator_thread:begin
[nanopynix-gc-thread-debug] tid=3099484 event=gc_thread_registration:acquired
[nanopynix-gc-thread-debug] tid=3099484 event=enter_evaluator_thread:registered
[nanopynix-gc-thread-debug] tid=3099484 event=exit_evaluator_thread:begin
[nanopynix-gc-thread-debug] tid=3099484 event=gc_thread_registration:released
[nanopynix-gc-thread-debug] tid=3099484 event=exit_evaluator_thread:unregistered
[nanopynix-gc-thread-debug] tid=3099493 event=enter_evaluator_thread:begin
[nanopynix-gc-thread-debug] tid=3099493 event=gc_thread_registration:acquired
[nanopynix-gc-thread-debug] tid=3099493 event=enter_evaluator_thread:registered
[nanopynix-gc-thread-debug] tid=3099493 event=exit_evaluator_thread:begin
[nanopynix-gc-thread-debug] tid=3099493 event=gc_thread_registration:released
[nanopynix-gc-thread-debug] tid=3099493 event=exit_evaluator_thread:unregistered
[nanopynix-gc-thread-debug] tid=3099502 event=enter_evaluator_thread:begin
[nanopynix-gc-thread-debug] tid=3099502 event=gc_thread_registration:acquired
[nanopynix-gc-thread-debug] tid=3099502 event=enter_evaluator_thread:registered
[nanopynix-gc-thread-debug] tid=3099502 event=exit_evaluator_thread:begin
[nanopynix-gc-thread-debug] tid=3099502 event=gc_thread_registration:released
[nanopynix-gc-thread-debug] tid=3099502 event=exit_evaluator_thread:unregistered
[nanopynix-gc-thread-debug] tid=3099511 event=enter_evaluator_thread:begin
[nanopynix-gc-thread-debug] tid=3099511 event=gc_thread_registration:acquired
[nanopynix-gc-thread-debug] tid=3099511 event=enter_evaluator_thread:registered
[nanopynix-gc-thread-debug] tid=3099511 event=exit_evaluator_thread:begin
[nanopynix-gc-thread-debug] tid=3099511 event=gc_thread_registration:released
[nanopynix-gc-thread-debug] tid=3099511 event=exit_evaluator_thread:unregistered
[nanopynix-gc-thread-debug] tid=3099520 event=enter_evaluator_thread:begin
[nanopynix-gc-thread-debug] tid=3099520 event=gc_thread_registration:acquired
[nanopynix-gc-thread-debug] tid=3099520 event=enter_evaluator_thread:registered
[nanopynix-gc-thread-debug] tid=3099520 event=exit_evaluator_thread:begin
[nanopynix-gc-thread-debug] tid=3099520 event=gc_thread_registration:released
[nanopynix-gc-thread-debug] tid=3099520 event=exit_evaluator_thread:unregistered
[nanopynix-gc-thread-debug] tid=3099521 event=enter_evaluator_thread:begin
[nanopynix-gc-thread-debug] tid=3099521 event=gc_thread_registration:acquired
[nanopynix-gc-thread-debug] tid=3099521 event=enter_evaluator_thread:registered
[nanopynix-gc-thread-debug] tid=3099521 event=exit_evaluator_thread:begin
[nanopynix-gc-thread-debug] tid=3099521 event=gc_thread_registration:released
[nanopynix-gc-thread-debug] tid=3099521 event=exit_evaluator_thread:unregistered
[nanopynix-gc-thread-debug] tid=3099530 event=enter_evaluator_thread:begin
[nanopynix-gc-thread-debug] tid=3099530 event=gc_thread_registration:acquired
[nanopynix-gc-thread-debug] tid=3099530 event=enter_evaluator_thread:registered
[nanopynix-gc-thread-debug] tid=3099530 event=exit_evaluator_thread:begin
[nanopynix-gc-thread-debug] tid=3099530 event=gc_thread_registration:released
[nanopynix-gc-thread-debug] tid=3099530 event=exit_evaluator_thread:unregistered
[nanopynix-gc-thread-debug] tid=3099539 event=enter_evaluator_thread:begin
[nanopynix-gc-thread-debug] tid=3099539 event=gc_thread_registration:acquired
[nanopynix-gc-thread-debug] tid=3099539 event=enter_evaluator_thread:registered
[nanopynix-gc-thread-debug] tid=3099539 event=exit_evaluator_thread:begin
[nanopynix-gc-thread-debug] tid=3099539 event=gc_thread_registration:released
[nanopynix-gc-thread-debug] tid=3099539 event=exit_evaluator_thread:unregistered
[nanopynix-gc-thread-debug] tid=3099548 event=enter_evaluator_thread:begin
[nanopynix-gc-thread-debug] tid=3099548 event=gc_thread_registration:acquired
[nanopynix-gc-thread-debug] tid=3099548 event=enter_evaluator_thread:registered
[nanopynix-gc-thread-debug] tid=3099548 event=exit_evaluator_thread:begin
[nanopynix-gc-thread-debug] tid=3099548 event=gc_thread_registration:released
[nanopynix-gc-thread-debug] tid=3099548 event=exit_evaluator_thread:unregistered
[nanopynix-gc-thread-debug] tid=3099557 event=enter_evaluator_thread:begin
[nanopynix-gc-thread-debug] tid=3099557 event=gc_thread_registration:acquired
[nanopynix-gc-thread-debug] tid=3099557 event=enter_evaluator_thread:registered
[nanopynix-gc-thread-debug] tid=3099557 event=exit_evaluator_thread:begin
[nanopynix-gc-thread-debug] tid=3099557 event=gc_thread_registration:released
[nanopynix-gc-thread-debug] tid=3099557 event=exit_evaluator_thread:unregistered
[nanopynix-gc-thread-debug] tid=3099566 event=enter_evaluator_thread:begin
[nanopynix-gc-thread-debug] tid=3099566 event=gc_thread_registration:acquired
[nanopynix-gc-thread-debug] tid=3099566 event=enter_evaluator_thread:registered
[nanopynix-gc-thread-debug] tid=3099566 event=exit_evaluator_thread:begin
[nanopynix-gc-thread-debug] tid=3099566 event=gc_thread_registration:released
[nanopynix-gc-thread-debug] tid=3099566 event=exit_evaluator_thread:unregistered
[nanopynix-gc-thread-debug] tid=3099575 event=enter_evaluator_thread:begin
[nanopynix-gc-thread-debug] tid=3099575 event=gc_thread_registration:acquired
[nanopynix-gc-thread-debug] tid=3099575 event=enter_evaluator_thread:registered
[nanopynix-gc-thread-debug] tid=3099575 event=exit_evaluator_thread:begin
[nanopynix-gc-thread-debug] tid=3099575 event=gc_thread_registration:released
[nanopynix-gc-thread-debug] tid=3099575 event=exit_evaluator_thread:unregistered
[nanopynix-gc-thread-debug] tid=3099584 event=enter_evaluator_thread:begin
[nanopynix-gc-thread-debug] tid=3099584 event=gc_thread_registration:acquired
[nanopynix-gc-thread-debug] tid=3099584 event=enter_evaluator_thread:registered
[nanopynix-gc-thread-debug] tid=3099584 event=exit_evaluator_thread:begin
[nanopynix-gc-thread-debug] tid=3099584 event=gc_thread_registration:released
[nanopynix-gc-thread-debug] tid=3099584 event=exit_evaluator_thread:unregistered
[nanopynix-gc-thread-debug] tid=3099593 event=enter_evaluator_thread:begin
[nanopynix-gc-thread-debug] tid=3099593 event=gc_thread_registration:acquired
[nanopynix-gc-thread-debug] tid=3099593 event=enter_evaluator_thread:registered
[nanopynix-gc-thread-debug] tid=3099593 event=exit_evaluator_thread:begin
[nanopynix-gc-thread-debug] tid=3099593 event=gc_thread_registration:released
[nanopynix-gc-thread-debug] tid=3099593 event=exit_evaluator_thread:unregistered
[nanopynix-gc-thread-debug] tid=3099602 event=enter_evaluator_thread:begin
[nanopynix-gc-thread-debug] tid=3099602 event=gc_thread_registration:acquired
[nanopynix-gc-thread-debug] tid=3099602 event=enter_evaluator_thread:registered
[nanopynix-gc-thread-debug] tid=3099602 event=exit_evaluator_thread:begin
[nanopynix-gc-thread-debug] tid=3099602 event=gc_thread_registration:released
[nanopynix-gc-thread-debug] tid=3099602 event=exit_evaluator_thread:unregistered
[nanopynix-gc-thread-debug] tid=3099611 event=enter_evaluator_thread:begin
[nanopynix-gc-thread-debug] tid=3099611 event=gc_thread_registration:acquired
[nanopynix-gc-thread-debug] tid=3099611 event=enter_evaluator_thread:registered
[nanopynix-gc-thread-debug] tid=3099611 event=exit_evaluator_thread:begin
[nanopynix-gc-thread-debug] tid=3099611 event=gc_thread_registration:released
[nanopynix-gc-thread-debug] tid=3099611 event=exit_evaluator_thread:unregistered
[nanopynix-gc-thread-debug] tid=3099620 event=enter_evaluator_thread:begin
[nanopynix-gc-thread-debug] tid=3099620 event=gc_thread_registration:acquired
[nanopynix-gc-thread-debug] tid=3099620 event=enter_evaluator_thread:registered
[nanopynix-gc-thread-debug] tid=3099620 event=exit_evaluator_thread:begin
[nanopynix-gc-thread-debug] tid=3099620 event=gc_thread_registration:released
[nanopynix-gc-thread-debug] tid=3099620 event=exit_evaluator_thread:unregistered
[nanopynix-gc-thread-debug] tid=3099629 event=enter_evaluator_thread:begin
[nanopynix-gc-thread-debug] tid=3099629 event=gc_thread_registration:acquired
[nanopynix-gc-thread-debug] tid=3099629 event=enter_evaluator_thread:registered
[nanopynix-gc-thread-debug] tid=3099629 event=exit_evaluator_thread:begin
[nanopynix-gc-thread-debug] tid=3099629 event=gc_thread_registration:released
[nanopynix-gc-thread-debug] tid=3099629 event=exit_evaluator_thread:unregistered
[nanopynix-gc-thread-debug] tid=3099638 event=enter_evaluator_thread:begin
[nanopynix-gc-thread-debug] tid=3099638 event=gc_thread_registration:acquired
[nanopynix-gc-thread-debug] tid=3099638 event=enter_evaluator_thread:registered
[nanopynix-gc-thread-debug] tid=3099638 event=exit_evaluator_thread:begin
[nanopynix-gc-thread-debug] tid=3099638 event=gc_thread_registration:released
[nanopynix-gc-thread-debug] tid=3099638 event=exit_evaluator_thread:unregistered
[nanopynix-gc-thread-debug] tid=3099647 event=enter_evaluator_thread:begin
[nanopynix-gc-thread-debug] tid=3099647 event=gc_thread_registration:acquired
[nanopynix-gc-thread-debug] tid=3099647 event=enter_evaluator_thread:registered
[nanopynix-gc-thread-debug] tid=3099647 event=exit_evaluator_thread:begin
[nanopynix-gc-thread-debug] tid=3099647 event=gc_thread_registration:released
[nanopynix-gc-thread-debug] tid=3099647 event=exit_evaluator_thread:unregistered
[nanopynix-gc-thread-debug] tid=3099656 event=enter_evaluator_thread:begin
[nanopynix-gc-thread-debug] tid=3099656 event=gc_thread_registration:acquired
[nanopynix-gc-thread-debug] tid=3099656 event=enter_evaluator_thread:registered
[nanopynix-gc-thread-debug] tid=3099656 event=exit_evaluator_thread:begin
[nanopynix-gc-thread-debug] tid=3099656 event=gc_thread_registration:released
[nanopynix-gc-thread-debug] tid=3099656 event=exit_evaluator_thread:unregistered
[nanopynix-gc-thread-debug] tid=3099665 event=enter_evaluator_thread:begin
[nanopynix-gc-thread-debug] tid=3099665 event=gc_thread_registration:acquired
[nanopynix-gc-thread-debug] tid=3099665 event=enter_evaluator_thread:registered
[nanopynix-gc-thread-debug] tid=3099665 event=exit_evaluator_thread:begin
[nanopynix-gc-thread-debug] tid=3099665 event=gc_thread_registration:released
[nanopynix-gc-thread-debug] tid=3099665 event=exit_evaluator_thread:unregistered
[nanopynix-gc-thread-debug] tid=3099674 event=enter_evaluator_thread:begin
[nanopynix-gc-thread-debug] tid=3099674 event=gc_thread_registration:acquired
[nanopynix-gc-thread-debug] tid=3099674 event=enter_evaluator_thread:registered
[nanopynix-gc-thread-debug] tid=3099674 event=exit_evaluator_thread:begin
[nanopynix-gc-thread-debug] tid=3099674 event=gc_thread_registration:released
[nanopynix-gc-thread-debug] tid=3099674 event=exit_evaluator_thread:unregistered
[nanopynix-gc-thread-debug] tid=3099683 event=enter_evaluator_thread:begin
[nanopynix-gc-thread-debug] tid=3099683 event=gc_thread_registration:acquired
[nanopynix-gc-thread-debug] tid=3099683 event=enter_evaluator_thread:registered
[nanopynix-gc-thread-debug] tid=3099683 event=exit_evaluator_thread:begin
[nanopynix-gc-thread-debug] tid=3099683 event=gc_thread_registration:released
[nanopynix-gc-thread-debug] tid=3099683 event=exit_evaluator_thread:unregistered
[nanopynix-gc-thread-debug] tid=3099692 event=enter_evaluator_thread:begin
[nanopynix-gc-thread-debug] tid=3099692 event=gc_thread_registration:acquired
[nanopynix-gc-thread-debug] tid=3099692 event=enter_evaluator_thread:registered
[nanopynix-gc-thread-debug] tid=3099692 event=exit_evaluator_thread:begin
[nanopynix-gc-thread-debug] tid=3099692 event=gc_thread_registration:released
[nanopynix-gc-thread-debug] tid=3099692 event=exit_evaluator_thread:unregistered
[nanopynix-gc-thread-debug] tid=3099701 event=enter_evaluator_thread:begin
[nanopynix-gc-thread-debug] tid=3099701 event=gc_thread_registration:acquired
[nanopynix-gc-thread-debug] tid=3099701 event=enter_evaluator_thread:registered
[nanopynix-gc-thread-debug] tid=3099701 event=exit_evaluator_thread:begin
[nanopynix-gc-thread-debug] tid=3099701 event=gc_thread_registration:released
[nanopynix-gc-thread-debug] tid=3099701 event=exit_evaluator_thread:unregistered
[nanopynix-gc-thread-debug] tid=3099710 event=enter_evaluator_thread:begin
[nanopynix-gc-thread-debug] tid=3099710 event=gc_thread_registration:acquired
[nanopynix-gc-thread-debug] tid=3099710 event=enter_evaluator_thread:registered
[nanopynix-gc-thread-debug] tid=3099710 event=exit_evaluator_thread:begin
[nanopynix-gc-thread-debug] tid=3099710 event=gc_thread_registration:released
[nanopynix-gc-thread-debug] tid=3099710 event=exit_evaluator_thread:unregistered
[nanopynix-gc-thread-debug] tid=3099845 event=enter_evaluator_thread:begin
[nanopynix-gc-thread-debug] tid=3099845 event=gc_thread_registration:acquired
[nanopynix-gc-thread-debug] tid=3099845 event=enter_evaluator_thread:registered
[nanopynix-gc-thread-debug] tid=3099845 event=exit_evaluator_thread:begin
[nanopynix-gc-thread-debug] tid=3099845 event=gc_thread_registration:released
[nanopynix-gc-thread-debug] tid=3099845 event=exit_evaluator_thread:unregistered
[nanopynix-gc-thread-debug] tid=3099933 event=enter_evaluator_thread:begin
[nanopynix-gc-thread-debug] tid=3099933 event=gc_thread_registration:acquired
[nanopynix-gc-thread-debug] tid=3099933 event=enter_evaluator_thread:registered
[nanopynix-gc-thread-debug] tid=3099933 event=exit_evaluator_thread:begin
[nanopynix-gc-thread-debug] tid=3099933 event=gc_thread_registration:released
[nanopynix-gc-thread-debug] tid=3099933 event=exit_evaluator_thread:unregistered
[nanopynix-gc-thread-debug] tid=3099942 event=enter_evaluator_thread:begin
[nanopynix-gc-thread-debug] tid=3099942 event=gc_thread_registration:acquired
[nanopynix-gc-thread-debug] tid=3099942 event=enter_evaluator_thread:registered
[nanopynix-gc-thread-debug] tid=3099942 event=exit_evaluator_thread:begin
[nanopynix-gc-thread-debug] tid=3099942 event=gc_thread_registration:released
[nanopynix-gc-thread-debug] tid=3099942 event=exit_evaluator_thread:unregistered
[nanopynix-gc-thread-debug] tid=3099951 event=enter_evaluator_thread:begin
[nanopynix-gc-thread-debug] tid=3099951 event=gc_thread_registration:acquired
[nanopynix-gc-thread-debug] tid=3099951 event=enter_evaluator_thread:registered
[nanopynix-gc-thread-debug] tid=3099951 event=exit_evaluator_thread:begin
[nanopynix-gc-thread-debug] tid=3099951 event=gc_thread_registration:released
[nanopynix-gc-thread-debug] tid=3099951 event=exit_evaluator_thread:unregistered
[nanopynix-gc-thread-debug] tid=3099960 event=enter_evaluator_thread:begin
[nanopynix-gc-thread-debug] tid=3099960 event=gc_thread_registration:acquired
[nanopynix-gc-thread-debug] tid=3099960 event=enter_evaluator_thread:registered
[nanopynix-gc-thread-debug] tid=3099960 event=exit_evaluator_thread:begin
[nanopynix-gc-thread-debug] tid=3099960 event=gc_thread_registration:released
[nanopynix-gc-thread-debug] tid=3099960 event=exit_evaluator_thread:unregistered
[nanopynix-gc-thread-debug] tid=3099969 event=enter_evaluator_thread:begin
[nanopynix-gc-thread-debug] tid=3099969 event=gc_thread_registration:acquired
[nanopynix-gc-thread-debug] tid=3099969 event=enter_evaluator_thread:registered
[nanopynix-gc-thread-debug] tid=3099969 event=exit_evaluator_thread:begin
[nanopynix-gc-thread-debug] tid=3099969 event=gc_thread_registration:released
[nanopynix-gc-thread-debug] tid=3099969 event=exit_evaluator_thread:unregistered
[nanopynix-gc-thread-debug] tid=3099978 event=enter_evaluator_thread:begin
[nanopynix-gc-thread-debug] tid=3099978 event=gc_thread_registration:acquired
[nanopynix-gc-thread-debug] tid=3099978 event=enter_evaluator_thread:registered
[nanopynix-gc-thread-debug] tid=3099978 event=exit_evaluator_thread:begin
[nanopynix-gc-thread-debug] tid=3099978 event=gc_thread_registration:released
[nanopynix-gc-thread-debug] tid=3099978 event=exit_evaluator_thread:unregistered
[nanopynix-gc-thread-debug] tid=3099987 event=enter_evaluator_thread:begin
[nanopynix-gc-thread-debug] tid=3099987 event=gc_thread_registration:acquired
[nanopynix-gc-thread-debug] tid=3099987 event=enter_evaluator_thread:registered
[nanopynix-gc-thread-debug] tid=3099987 event=exit_evaluator_thread:begin
[nanopynix-gc-thread-debug] tid=3099987 event=gc_thread_registration:released
[nanopynix-gc-thread-debug] tid=3099987 event=exit_evaluator_thread:unregistered
[nanopynix-gc-thread-debug] tid=3099996 event=enter_evaluator_thread:begin
[nanopynix-gc-thread-debug] tid=3099996 event=gc_thread_registration:acquired
[nanopynix-gc-thread-debug] tid=3099996 event=enter_evaluator_thread:registered
[nanopynix-gc-thread-debug] tid=3099996 event=exit_evaluator_thread:begin
[nanopynix-gc-thread-debug] tid=3099996 event=gc_thread_registration:released
[nanopynix-gc-thread-debug] tid=3099996 event=exit_evaluator_thread:unregistered
[nanopynix-gc-thread-debug] tid=3100012 event=enter_evaluator_thread:begin
[nanopynix-gc-thread-debug] tid=3100012 event=gc_thread_registration:acquired
[nanopynix-gc-thread-debug] tid=3100012 event=enter_evaluator_thread:registered
[nanopynix-gc-thread-debug] tid=3100013 event=enter_evaluator_thread:begin
[nanopynix-gc-thread-debug] tid=3100013 event=gc_thread_registration:acquired
[nanopynix-gc-thread-debug] tid=3100013 event=enter_evaluator_thread:registered
[nanopynix-gc-thread-debug] tid=3100012 event=exit_evaluator_thread:begin
[nanopynix-gc-thread-debug] tid=3100012 event=gc_thread_registration:released
[nanopynix-gc-thread-debug] tid=3100012 event=exit_evaluator_thread:unregistered
[nanopynix-gc-thread-debug] tid=3100013 event=exit_evaluator_thread:begin
[nanopynix-gc-thread-debug] tid=3100013 event=gc_thread_registration:released
[nanopynix-gc-thread-debug] tid=3100013 event=exit_evaluator_thread:unregistered
[nanopynix-gc-thread-debug] tid=3100023 event=enter_evaluator_thread:begin
[nanopynix-gc-thread-debug] tid=3100023 event=gc_thread_registration:acquired
[nanopynix-gc-thread-debug] tid=3100023 event=enter_evaluator_thread:registered
[nanopynix-gc-thread-debug] tid=3100023 event=exit_evaluator_thread:begin
[nanopynix-gc-thread-debug] tid=3100023 event=gc_thread_registration:released
[nanopynix-gc-thread-debug] tid=3100023 event=exit_evaluator_thread:unregistered
[nanopynix-gc-thread-debug] tid=3100032 event=enter_evaluator_thread:begin
[nanopynix-gc-thread-debug] tid=3100032 event=gc_thread_registration:acquired
[nanopynix-gc-thread-debug] tid=3100032 event=enter_evaluator_thread:registered
[nanopynix-gc-thread-debug] tid=3100032 event=exit_evaluator_thread:begin
[nanopynix-gc-thread-debug] tid=3100032 event=gc_thread_registration:released
[nanopynix-gc-thread-debug] tid=3100032 event=exit_evaluator_thread:unregistered
[nanopynix-gc-thread-debug] tid=3100041 event=enter_evaluator_thread:begin
[nanopynix-gc-thread-debug] tid=3100041 event=gc_thread_registration:acquired
[nanopynix-gc-thread-debug] tid=3100041 event=enter_evaluator_thread:registered
[nanopynix-gc-thread-debug] tid=3100041 event=exit_evaluator_thread:begin
[nanopynix-gc-thread-debug] tid=3100041 event=gc_thread_registration:released
[nanopynix-gc-thread-debug] tid=3100041 event=exit_evaluator_thread:unregistered
[nanopynix-gc-thread-debug] tid=3100050 event=enter_evaluator_thread:begin
[nanopynix-gc-thread-debug] tid=3100050 event=gc_thread_registration:acquired
[nanopynix-gc-thread-debug] tid=3100050 event=enter_evaluator_thread:registered
[nanopynix-gc-thread-debug] tid=3100050 event=exit_evaluator_thread:begin
[nanopynix-gc-thread-debug] tid=3100050 event=gc_thread_registration:released
[nanopynix-gc-thread-debug] tid=3100050 event=exit_evaluator_thread:unregistered
[nanopynix-gc-thread-debug] tid=3100059 event=enter_evaluator_thread:begin
[nanopynix-gc-thread-debug] tid=3100059 event=gc_thread_registration:acquired
[nanopynix-gc-thread-debug] tid=3100059 event=enter_evaluator_thread:registered
[nanopynix-gc-thread-debug] tid=3100059 event=exit_evaluator_thread:begin
[nanopynix-gc-thread-debug] tid=3100059 event=gc_thread_registration:released
[nanopynix-gc-thread-debug] tid=3100059 event=exit_evaluator_thread:unregistered
[nanopynix-gc-thread-debug] tid=3100070 event=enter_evaluator_thread:begin
[nanopynix-gc-thread-debug] tid=3100070 event=gc_thread_registration:acquired
[nanopynix-gc-thread-debug] tid=3100070 event=enter_evaluator_thread:registered
[nanopynix-gc-thread-debug] tid=3100070 event=exit_evaluator_thread:begin
[nanopynix-gc-thread-debug] tid=3100070 event=gc_thread_registration:released
[nanopynix-gc-thread-debug] tid=3100070 event=exit_evaluator_thread:unregistered
[nanopynix-gc-thread-debug] tid=3100079 event=enter_evaluator_thread:begin
[nanopynix-gc-thread-debug] tid=3100079 event=gc_thread_registration:acquired
[nanopynix-gc-thread-debug] tid=3100079 event=enter_evaluator_thread:registered
[nanopynix-gc-thread-debug] tid=3100079 event=exit_evaluator_thread:begin
[nanopynix-gc-thread-debug] tid=3100079 event=gc_thread_registration:released
[nanopynix-gc-thread-debug] tid=3100079 event=exit_evaluator_thread:unregistered
[nanopynix-gc-thread-debug] tid=3100093 event=enter_evaluator_thread:begin
[nanopynix-gc-thread-debug] tid=3100093 event=gc_thread_registration:acquired
[nanopynix-gc-thread-debug] tid=3100093 event=enter_evaluator_thread:registered
[nanopynix-gc-thread-debug] tid=3100093 event=exit_evaluator_thread:begin
[nanopynix-gc-thread-debug] tid=3100093 event=gc_thread_registration:released
[nanopynix-gc-thread-debug] tid=3100093 event=exit_evaluator_thread:unregistered
[nanopynix-gc-thread-debug] tid=3100124 event=enter_evaluator_thread:begin
[nanopynix-gc-thread-debug] tid=3100124 event=gc_thread_registration:acquired
[nanopynix-gc-thread-debug] tid=3100124 event=enter_evaluator_thread:registered
[nanopynix-gc-thread-debug] tid=3100124 event=exit_evaluator_thread:begin
[nanopynix-gc-thread-debug] tid=3100124 event=gc_thread_registration:released
[nanopynix-gc-thread-debug] tid=3100124 event=exit_evaluator_thread:unregistered
[nanopynix-gc-thread-debug] tid=3100133 event=enter_evaluator_thread:begin
[nanopynix-gc-thread-debug] tid=3100133 event=gc_thread_registration:acquired
[nanopynix-gc-thread-debug] tid=3100133 event=enter_evaluator_thread:registered
[nanopynix-gc-thread-debug] tid=3100133 event=exit_evaluator_thread:begin
[nanopynix-gc-thread-debug] tid=3100133 event=gc_thread_registration:released
[nanopynix-gc-thread-debug] tid=3100133 event=exit_evaluator_thread:unregistered
[nanopynix-gc-thread-debug] tid=3100145 event=enter_evaluator_thread:begin
[nanopynix-gc-thread-debug] tid=3100145 event=gc_thread_registration:acquired
[nanopynix-gc-thread-debug] tid=3100145 event=enter_evaluator_thread:registered
[nanopynix-gc-thread-debug] tid=3100145 event=exit_evaluator_thread:begin
[nanopynix-gc-thread-debug] tid=3100145 event=gc_thread_registration:released
[nanopynix-gc-thread-debug] tid=3100145 event=exit_evaluator_thread:unregistered
[nanopynix-gc-thread-debug] tid=3100157 event=enter_evaluator_thread:begin
[nanopynix-gc-thread-debug] tid=3100157 event=gc_thread_registration:acquired
[nanopynix-gc-thread-debug] tid=3100157 event=enter_evaluator_thread:registered
[nanopynix-gc-thread-debug] tid=3100157 event=exit_evaluator_thread:begin
[nanopynix-gc-thread-debug] tid=3100157 event=gc_thread_registration:released
[nanopynix-gc-thread-debug] tid=3100157 event=exit_evaluator_thread:unregistered
[nanopynix-gc-thread-debug] tid=3100166 event=enter_evaluator_thread:begin
[nanopynix-gc-thread-debug] tid=3100166 event=gc_thread_registration:acquired
[nanopynix-gc-thread-debug] tid=3100166 event=enter_evaluator_thread:registered
[nanopynix-gc-thread-debug] tid=3100166 event=exit_evaluator_thread:begin
[nanopynix-gc-thread-debug] tid=3100166 event=gc_thread_registration:released
[nanopynix-gc-thread-debug] tid=3100166 event=exit_evaluator_thread:unregistered
[nanopynix-gc-thread-debug] tid=3100175 event=enter_evaluator_thread:begin
[nanopynix-gc-thread-debug] tid=3100175 event=gc_thread_registration:acquired
[nanopynix-gc-thread-debug] tid=3100175 event=enter_evaluator_thread:registered
[nanopynix-gc-thread-debug] tid=3100175 event=exit_evaluator_thread:begin
[nanopynix-gc-thread-debug] tid=3100175 event=gc_thread_registration:released
[nanopynix-gc-thread-debug] tid=3100175 event=exit_evaluator_thread:unregistered
[nanopynix-gc-thread-debug] tid=3100184 event=enter_evaluator_thread:begin
[nanopynix-gc-thread-debug] tid=3100184 event=gc_thread_registration:acquired
[nanopynix-gc-thread-debug] tid=3100184 event=enter_evaluator_thread:registered
[nanopynix-gc-thread-debug] tid=3100184 event=exit_evaluator_thread:begin
[nanopynix-gc-thread-debug] tid=3100184 event=gc_thread_registration:released
[nanopynix-gc-thread-debug] tid=3100184 event=exit_evaluator_thread:unregistered
[nanopynix-gc-thread-debug] tid=3100202 event=enter_evaluator_thread:begin
[nanopynix-gc-thread-debug] tid=3100202 event=gc_thread_registration:acquired
[nanopynix-gc-thread-debug] tid=3100202 event=enter_evaluator_thread:registered
[nanopynix-gc-thread-debug] tid=3100202 event=exit_evaluator_thread:begin
[nanopynix-gc-thread-debug] tid=3100202 event=gc_thread_registration:released
[nanopynix-gc-thread-debug] tid=3100202 event=exit_evaluator_thread:unregistered
[nanopynix-gc-thread-debug] tid=3100211 event=enter_evaluator_thread:begin
[nanopynix-gc-thread-debug] tid=3100211 event=gc_thread_registration:acquired
[nanopynix-gc-thread-debug] tid=3100211 event=enter_evaluator_thread:registered
[nanopynix-gc-thread-debug] tid=3100211 event=exit_evaluator_thread:begin
[nanopynix-gc-thread-debug] tid=3100211 event=gc_thread_registration:released
[nanopynix-gc-thread-debug] tid=3100211 event=exit_evaluator_thread:unregistered
[nanopynix-gc-thread-debug] tid=3100220 event=enter_evaluator_thread:begin
[nanopynix-gc-thread-debug] tid=3100220 event=gc_thread_registration:acquired
[nanopynix-gc-thread-debug] tid=3100220 event=enter_evaluator_thread:registered
[nanopynix-gc-thread-debug] tid=3100220 event=exit_evaluator_thread:begin
[nanopynix-gc-thread-debug] tid=3100220 event=gc_thread_registration:released
[nanopynix-gc-thread-debug] tid=3100220 event=exit_evaluator_thread:unregistered
[nanopynix-gc-thread-debug] tid=3100229 event=enter_evaluator_thread:begin
[nanopynix-gc-thread-debug] tid=3100229 event=gc_thread_registration:acquired
[nanopynix-gc-thread-debug] tid=3100229 event=enter_evaluator_thread:registered
[nanopynix-gc-thread-debug] tid=3100229 event=exit_evaluator_thread:begin
[nanopynix-gc-thread-debug] tid=3100229 event=gc_thread_registration:released
[nanopynix-gc-thread-debug] tid=3100229 event=exit_evaluator_thread:unregistered
[nanopynix-gc-thread-debug] tid=3100238 event=enter_evaluator_thread:begin
[nanopynix-gc-thread-debug] tid=3100238 event=gc_thread_registration:acquired
[nanopynix-gc-thread-debug] tid=3100238 event=enter_evaluator_thread:registered
[nanopynix-gc-thread-debug] tid=3100238 event=exit_evaluator_thread:begin
[nanopynix-gc-thread-debug] tid=3100238 event=gc_thread_registration:released
[nanopynix-gc-thread-debug] tid=3100238 event=exit_evaluator_thread:unregistered
[nanopynix-gc-thread-debug] tid=3100247 event=enter_evaluator_thread:begin
[nanopynix-gc-thread-debug] tid=3100247 event=gc_thread_registration:acquired
[nanopynix-gc-thread-debug] tid=3100247 event=enter_evaluator_thread:registered
[nanopynix-gc-thread-debug] tid=3100247 event=exit_evaluator_thread:begin
[nanopynix-gc-thread-debug] tid=3100247 event=gc_thread_registration:released
[nanopynix-gc-thread-debug] tid=3100247 event=exit_evaluator_thread:unregistered
[nanopynix-gc-thread-debug] tid=3100256 event=enter_evaluator_thread:begin
[nanopynix-gc-thread-debug] tid=3100256 event=gc_thread_registration:acquired
[nanopynix-gc-thread-debug] tid=3100256 event=enter_evaluator_thread:registered
[nanopynix-gc-thread-debug] tid=3100256 event=exit_evaluator_thread:begin
[nanopynix-gc-thread-debug] tid=3100256 event=gc_thread_registration:released
[nanopynix-gc-thread-debug] tid=3100256 event=exit_evaluator_thread:unregistered
[nanopynix-gc-thread-debug] tid=3100265 event=enter_evaluator_thread:begin
[nanopynix-gc-thread-debug] tid=3100265 event=gc_thread_registration:acquired
[nanopynix-gc-thread-debug] tid=3100265 event=enter_evaluator_thread:registered
[nanopynix-gc-thread-debug] tid=3100266 event=enter_evaluator_thread:begin
[nanopynix-gc-thread-debug] tid=3100266 event=gc_thread_registration:acquired
[nanopynix-gc-thread-debug] tid=3100266 event=enter_evaluator_thread:registered
[nanopynix-gc-thread-debug] tid=3100265 event=exit_evaluator_thread:begin
[nanopynix-gc-thread-debug] tid=3100265 event=gc_thread_registration:released
[nanopynix-gc-thread-debug] tid=3100265 event=exit_evaluator_thread:unregistered
[nanopynix-gc-thread-debug] tid=3100266 event=exit_evaluator_thread:begin
[nanopynix-gc-thread-debug] tid=3100266 event=gc_thread_registration:released
[nanopynix-gc-thread-debug] tid=3100266 event=exit_evaluator_thread:unregistered
[nanopynix-gc-thread-debug] tid=3100282 event=enter_evaluator_thread:begin
[nanopynix-gc-thread-debug] tid=3100282 event=gc_thread_registration:acquired
[nanopynix-gc-thread-debug] tid=3100282 event=enter_evaluator_thread:registered
[nanopynix-gc-thread-debug] tid=3100282 event=exit_evaluator_thread:begin
[nanopynix-gc-thread-debug] tid=3100282 event=gc_thread_registration:released
[nanopynix-gc-thread-debug] tid=3100282 event=exit_evaluator_thread:unregistered
[nanopynix-gc-thread-debug] tid=3100290 event=enter_evaluator_thread:begin
[nanopynix-gc-thread-debug] tid=3100290 event=gc_thread_registration:acquired
[nanopynix-gc-thread-debug] tid=3100290 event=enter_evaluator_thread:registered
[nanopynix-gc-thread-debug] tid=3100290 event=exit_evaluator_thread:begin
[nanopynix-gc-thread-debug] tid=3100290 event=gc_thread_registration:released
[nanopynix-gc-thread-debug] tid=3100290 event=exit_evaluator_thread:unregistered
[nanopynix-gc-thread-debug] tid=3100301 event=enter_evaluator_thread:begin
[nanopynix-gc-thread-debug] tid=3100301 event=gc_thread_registration:acquired
[nanopynix-gc-thread-debug] tid=3100301 event=enter_evaluator_thread:registered
[nanopynix-gc-thread-debug] tid=3100301 event=exit_evaluator_thread:begin
[nanopynix-gc-thread-debug] tid=3100301 event=gc_thread_registration:released
[nanopynix-gc-thread-debug] tid=3100301 event=exit_evaluator_thread:unregistered
[nanopynix-gc-thread-debug] tid=3100417 event=enter_evaluator_thread:begin
[nanopynix-gc-thread-debug] tid=3100417 event=gc_thread_registration:acquired
[nanopynix-gc-thread-debug] tid=3100417 event=enter_evaluator_thread:registered
[nanopynix-gc-thread-debug] tid=3100417 event=exit_evaluator_thread:begin
[nanopynix-gc-thread-debug] tid=3100417 event=gc_thread_registration:released
[nanopynix-gc-thread-debug] tid=3100417 event=exit_evaluator_thread:unregistered
[nanopynix-gc-thread-debug] tid=3100429 event=enter_evaluator_thread:begin
[nanopynix-gc-thread-debug] tid=3100429 event=gc_thread_registration:acquired
[nanopynix-gc-thread-debug] tid=3100429 event=enter_evaluator_thread:registered
[nanopynix-gc-thread-debug] tid=3100429 event=exit_evaluator_thread:begin
[nanopynix-gc-thread-debug] tid=3100429 event=gc_thread_registration:released
[nanopynix-gc-thread-debug] tid=3100429 event=exit_evaluator_thread:unregistered
[nanopynix-gc-thread-debug] tid=3100570 event=enter_evaluator_thread:begin
[nanopynix-gc-thread-debug] tid=3100570 event=gc_thread_registration:acquired
[nanopynix-gc-thread-debug] tid=3100570 event=enter_evaluator_thread:registered
[nanopynix-gc-thread-debug] tid=3100570 event=exit_evaluator_thread:begin
[nanopynix-gc-thread-debug] tid=3100570 event=gc_thread_registration:released
[nanopynix-gc-thread-debug] tid=3100570 event=exit_evaluator_thread:unregistered
[nanopynix-gc-thread-debug] tid=3100579 event=enter_evaluator_thread:begin
[nanopynix-gc-thread-debug] tid=3100579 event=gc_thread_registration:acquired
[nanopynix-gc-thread-debug] tid=3100579 event=enter_evaluator_thread:registered
[nanopynix-gc-thread-debug] tid=3100579 event=exit_evaluator_thread:begin
[nanopynix-gc-thread-debug] tid=3100579 event=gc_thread_registration:released
[nanopynix-gc-thread-debug] tid=3100579 event=exit_evaluator_thread:unregistered
[nanopynix-gc-thread-debug] tid=3100588 event=enter_evaluator_thread:begin
[nanopynix-gc-thread-debug] tid=3100588 event=gc_thread_registration:acquired
[nanopynix-gc-thread-debug] tid=3100588 event=enter_evaluator_thread:registered
[nanopynix-gc-thread-debug] tid=3100588 event=exit_evaluator_thread:begin
[nanopynix-gc-thread-debug] tid=3100588 event=gc_thread_registration:released
[nanopynix-gc-thread-debug] tid=3100588 event=exit_evaluator_thread:unregistered
[nanopynix-gc-thread-debug] tid=3100597 event=enter_evaluator_thread:begin
[nanopynix-gc-thread-debug] tid=3100597 event=gc_thread_registration:acquired
[nanopynix-gc-thread-debug] tid=3100597 event=enter_evaluator_thread:registered
[nanopynix-gc-thread-debug] tid=3100597 event=exit_evaluator_thread:begin
[nanopynix-gc-thread-debug] tid=3100597 event=gc_thread_registration:released
[nanopynix-gc-thread-debug] tid=3100597 event=exit_evaluator_thread:unregistered
[nanopynix-gc-thread-debug] tid=3100606 event=enter_evaluator_thread:begin
[nanopynix-gc-thread-debug] tid=3100606 event=gc_thread_registration:acquired
[nanopynix-gc-thread-debug] tid=3100606 event=enter_evaluator_thread:registered
[nanopynix-gc-thread-debug] tid=3100606 event=exit_evaluator_thread:begin
[nanopynix-gc-thread-debug] tid=3100606 event=gc_thread_registration:released
[nanopynix-gc-thread-debug] tid=3100606 event=exit_evaluator_thread:unregistered
[nanopynix-gc-thread-debug] tid=3100615 event=enter_evaluator_thread:begin
[nanopynix-gc-thread-debug] tid=3100615 event=gc_thread_registration:acquired
[nanopynix-gc-thread-debug] tid=3100615 event=enter_evaluator_thread:registered
[nanopynix-gc-thread-debug] tid=3100615 event=exit_evaluator_thread:begin
[nanopynix-gc-thread-debug] tid=3100615 event=gc_thread_registration:released
[nanopynix-gc-thread-debug] tid=3100615 event=exit_evaluator_thread:unregistered
[nanopynix-gc-thread-debug] tid=3100619 event=enter_evaluator_thread:begin
[nanopynix-gc-thread-debug] tid=3100619 event=gc_thread_registration:acquired
[nanopynix-gc-thread-debug] tid=3100619 event=enter_evaluator_thread:registered
[nanopynix-gc-thread-debug] tid=3100619 event=exit_evaluator_thread:begin
[nanopynix-gc-thread-debug] tid=3100619 event=gc_thread_registration:released
[nanopynix-gc-thread-debug] tid=3100619 event=exit_evaluator_thread:unregistered
[nanopynix-gc-thread-debug] tid=3100623 event=enter_evaluator_thread:begin
[nanopynix-gc-thread-debug] tid=3100623 event=gc_thread_registration:acquired
[nanopynix-gc-thread-debug] tid=3100623 event=enter_evaluator_thread:registered
[nanopynix-gc-thread-debug] tid=3100623 event=exit_evaluator_thread:begin
[nanopynix-gc-thread-debug] tid=3100623 event=gc_thread_registration:released
[nanopynix-gc-thread-debug] tid=3100623 event=exit_evaluator_thread:unregistered
[nanopynix-gc-thread-debug] tid=3100627 event=enter_evaluator_thread:begin
[nanopynix-gc-thread-debug] tid=3100627 event=gc_thread_registration:acquired
[nanopynix-gc-thread-debug] tid=3100627 event=enter_evaluator_thread:registered
[nanopynix-gc-thread-debug] tid=3100627 event=exit_evaluator_thread:begin
[nanopynix-gc-thread-debug] tid=3100627 event=gc_thread_registration:released
[nanopynix-gc-thread-debug] tid=3100627 event=exit_evaluator_thread:unregistered
[nanopynix-gc-thread-debug] tid=3100631 event=enter_evaluator_thread:begin
[nanopynix-gc-thread-debug] tid=3100631 event=gc_thread_registration:acquired
[nanopynix-gc-thread-debug] tid=3100631 event=enter_evaluator_thread:registered
[nanopynix-gc-thread-debug] tid=3100631 event=exit_evaluator_thread:begin
[nanopynix-gc-thread-debug] tid=3100631 event=gc_thread_registration:released
[nanopynix-gc-thread-debug] tid=3100631 event=exit_evaluator_thread:unregistered
[nanopynix-gc-thread-debug] tid=3100635 event=enter_evaluator_thread:begin
[nanopynix-gc-thread-debug] tid=3100635 event=gc_thread_registration:acquired
[nanopynix-gc-thread-debug] tid=3100635 event=enter_evaluator_thread:registered
[nanopynix-gc-thread-debug] tid=3100635 event=exit_evaluator_thread:begin
[nanopynix-gc-thread-debug] tid=3100635 event=gc_thread_registration:released
[nanopynix-gc-thread-debug] tid=3100635 event=exit_evaluator_thread:unregistered
[nanopynix-gc-thread-debug] tid=3100639 event=enter_evaluator_thread:begin
[nanopynix-gc-thread-debug] tid=3100639 event=gc_thread_registration:acquired
[nanopynix-gc-thread-debug] tid=3100639 event=enter_evaluator_thread:registered
[nanopynix-gc-thread-debug] tid=3100639 event=exit_evaluator_thread:begin
[nanopynix-gc-thread-debug] tid=3100639 event=gc_thread_registration:released
[nanopynix-gc-thread-debug] tid=3100639 event=exit_evaluator_thread:unregistered
[nanopynix-gc-thread-debug] tid=3100643 event=enter_evaluator_thread:begin
[nanopynix-gc-thread-debug] tid=3100643 event=gc_thread_registration:acquired
[nanopynix-gc-thread-debug] tid=3100643 event=enter_evaluator_thread:registered
[nanopynix-gc-thread-debug] tid=3100643 event=exit_evaluator_thread:begin
[nanopynix-gc-thread-debug] tid=3100643 event=gc_thread_registration:released
[nanopynix-gc-thread-debug] tid=3100643 event=exit_evaluator_thread:unregistered
[nanopynix-gc-thread-debug] tid=3100647 event=enter_evaluator_thread:begin
[nanopynix-gc-thread-debug] tid=3100647 event=gc_thread_registration:acquired
[nanopynix-gc-thread-debug] tid=3100647 event=enter_evaluator_thread:registered
[nanopynix-gc-thread-debug] tid=3100647 event=exit_evaluator_thread:begin
[nanopynix-gc-thread-debug] tid=3100647 event=gc_thread_registration:released
[nanopynix-gc-thread-debug] tid=3100647 event=exit_evaluator_thread:unregistered
[nanopynix-gc-thread-debug] tid=3100654 event=enter_evaluator_thread:begin
[nanopynix-gc-thread-debug] tid=3100654 event=gc_thread_registration:acquired
[nanopynix-gc-thread-debug] tid=3100654 event=enter_evaluator_thread:registered
[nanopynix-gc-thread-debug] tid=3100654 event=exit_evaluator_thread:begin
[nanopynix-gc-thread-debug] tid=3100654 event=gc_thread_registration:released
[nanopynix-gc-thread-debug] tid=3100654 event=exit_evaluator_thread:unregistered
[nanopynix-gc-thread-debug] tid=3100658 event=enter_evaluator_thread:begin
[nanopynix-gc-thread-debug] tid=3100658 event=gc_thread_registration:acquired
[nanopynix-gc-thread-debug] tid=3100658 event=enter_evaluator_thread:registered
[nanopynix-gc-thread-debug] tid=3100658 event=exit_evaluator_thread:begin
[nanopynix-gc-thread-debug] tid=3100658 event=gc_thread_registration:released
[nanopynix-gc-thread-debug] tid=3100658 event=exit_evaluator_thread:unregistered
[nanopynix-gc-thread-debug] tid=3100662 event=enter_evaluator_thread:begin
[nanopynix-gc-thread-debug] tid=3100662 event=gc_thread_registration:acquired
[nanopynix-gc-thread-debug] tid=3100662 event=enter_evaluator_thread:registered
[nanopynix-gc-thread-debug] tid=3100662 event=exit_evaluator_thread:begin
[nanopynix-gc-thread-debug] tid=3100662 event=gc_thread_registration:released
[nanopynix-gc-thread-debug] tid=3100662 event=exit_evaluator_thread:unregistered
[nanopynix-gc-thread-debug] tid=3100666 event=enter_evaluator_thread:begin
[nanopynix-gc-thread-debug] tid=3100666 event=gc_thread_registration:acquired
[nanopynix-gc-thread-debug] tid=3100666 event=enter_evaluator_thread:registered
[nanopynix-gc-thread-debug] tid=3100666 event=exit_evaluator_thread:begin
[nanopynix-gc-thread-debug] tid=3100666 event=gc_thread_registration:released
[nanopynix-gc-thread-debug] tid=3100666 event=exit_evaluator_thread:unregistered
[nanopynix-gc-thread-debug] tid=3100670 event=enter_evaluator_thread:begin
[nanopynix-gc-thread-debug] tid=3100670 event=gc_thread_registration:acquired
[nanopynix-gc-thread-debug] tid=3100670 event=enter_evaluator_thread:registered
[nanopynix-gc-thread-debug] tid=3100670 event=exit_evaluator_thread:begin
[nanopynix-gc-thread-debug] tid=3100670 event=gc_thread_registration:released
[nanopynix-gc-thread-debug] tid=3100670 event=exit_evaluator_thread:unregistered
[nanopynix-gc-thread-debug] tid=3100674 event=enter_evaluator_thread:begin
[nanopynix-gc-thread-debug] tid=3100674 event=gc_thread_registration:acquired
[nanopynix-gc-thread-debug] tid=3100674 event=enter_evaluator_thread:registered
[nanopynix-gc-thread-debug] tid=3100674 event=exit_evaluator_thread:begin
[nanopynix-gc-thread-debug] tid=3100674 event=gc_thread_registration:released
[nanopynix-gc-thread-debug] tid=3100674 event=exit_evaluator_thread:unregistered
[nanopynix-gc-thread-debug] tid=3100675 event=enter_evaluator_thread:begin
[nanopynix-gc-thread-debug] tid=3100675 event=gc_thread_registration:acquired
[nanopynix-gc-thread-debug] tid=3100675 event=enter_evaluator_thread:registered
[nanopynix-gc-thread-debug] tid=3100675 event=exit_evaluator_thread:begin
[nanopynix-gc-thread-debug] tid=3100675 event=gc_thread_registration:released
[nanopynix-gc-thread-debug] tid=3100675 event=exit_evaluator_thread:unregistered
[nanopynix-gc-thread-debug] tid=3100688 event=enter_evaluator_thread:begin
[nanopynix-gc-thread-debug] tid=3100688 event=gc_thread_registration:acquired
[nanopynix-gc-thread-debug] tid=3100688 event=enter_evaluator_thread:registered
[nanopynix-gc-thread-debug] tid=3100688 event=exit_evaluator_thread:begin
[nanopynix-gc-thread-debug] tid=3100688 event=gc_thread_registration:released
[nanopynix-gc-thread-debug] tid=3100688 event=exit_evaluator_thread:unregistered
[nanopynix-gc-thread-debug] tid=3100711 event=enter_evaluator_thread:begin
[nanopynix-gc-thread-debug] tid=3100711 event=gc_thread_registration:acquired
[nanopynix-gc-thread-debug] tid=3100711 event=enter_evaluator_thread:registered
[nanopynix-gc-thread-debug] tid=3100711 event=exit_evaluator_thread:begin
[nanopynix-gc-thread-debug] tid=3100711 event=gc_thread_registration:released
[nanopynix-gc-thread-debug] tid=3100711 event=exit_evaluator_thread:unregistered
[nanopynix-gc-thread-debug] tid=3100749 event=enter_evaluator_thread:begin
[nanopynix-gc-thread-debug] tid=3100749 event=gc_thread_registration:acquired
[nanopynix-gc-thread-debug] tid=3100749 event=enter_evaluator_thread:registered
[nanopynix-gc-thread-debug] tid=3100749 event=exit_evaluator_thread:begin
[nanopynix-gc-thread-debug] tid=3100749 event=gc_thread_registration:released
[nanopynix-gc-thread-debug] tid=3100749 event=exit_evaluator_thread:unregistered
[nanopynix-gc-thread-debug] tid=3100751 event=enter_evaluator_thread:begin
[nanopynix-gc-thread-debug] tid=3100751 event=gc_thread_registration:acquired
[nanopynix-gc-thread-debug] tid=3100751 event=enter_evaluator_thread:registered
[nanopynix-gc-thread-debug] tid=3100751 event=exit_evaluator_thread:begin
[nanopynix-gc-thread-debug] tid=3100751 event=gc_thread_registration:released
[nanopynix-gc-thread-debug] tid=3100751 event=exit_evaluator_thread:unregistered
[nanopynix-gc-thread-debug] tid=3100759 event=enter_evaluator_thread:begin
[nanopynix-gc-thread-debug] tid=3100759 event=gc_thread_registration:acquired
[nanopynix-gc-thread-debug] tid=3100759 event=enter_evaluator_thread:registered
[nanopynix-gc-thread-debug] tid=3100759 event=exit_evaluator_thread:begin
[nanopynix-gc-thread-debug] tid=3100759 event=gc_thread_registration:released
[nanopynix-gc-thread-debug] tid=3100759 event=exit_evaluator_thread:unregistered
[nanopynix-gc-thread-debug] tid=3100762 event=enter_evaluator_thread:begin
[nanopynix-gc-thread-debug] tid=3100762 event=gc_thread_registration:acquired
[nanopynix-gc-thread-debug] tid=3100762 event=enter_evaluator_thread:registered
[nanopynix-gc-thread-debug] tid=3100762 event=exit_evaluator_thread:begin
[nanopynix-gc-thread-debug] tid=3100762 event=gc_thread_registration:released
[nanopynix-gc-thread-debug] tid=3100762 event=exit_evaluator_thread:unregistered
[nanopynix-gc-thread-debug] tid=3100770 event=enter_evaluator_thread:begin
[nanopynix-gc-thread-debug] tid=3100770 event=gc_thread_registration:acquired
[nanopynix-gc-thread-debug] tid=3100770 event=enter_evaluator_thread:registered
[nanopynix-gc-thread-debug] tid=3100770 event=exit_evaluator_thread:begin
[nanopynix-gc-thread-debug] tid=3100770 event=gc_thread_registration:released
[nanopynix-gc-thread-debug] tid=3100770 event=exit_evaluator_thread:unregistered
[nanopynix-gc-thread-debug] tid=3100779 event=enter_evaluator_thread:begin
[nanopynix-gc-thread-debug] tid=3100779 event=gc_thread_registration:acquired
[nanopynix-gc-thread-debug] tid=3100779 event=enter_evaluator_thread:registered
[nanopynix-gc-thread-debug] tid=3100779 event=exit_evaluator_thread:begin
[nanopynix-gc-thread-debug] tid=3100779 event=gc_thread_registration:released
[nanopynix-gc-thread-debug] tid=3100779 event=exit_evaluator_thread:unregistered
[nanopynix-gc-thread-debug] tid=3100796 event=enter_evaluator_thread:begin
[nanopynix-gc-thread-debug] tid=3100796 event=gc_thread_registration:acquired
[nanopynix-gc-thread-debug] tid=3100796 event=enter_evaluator_thread:registered
[nanopynix-gc-thread-debug] tid=3100796 event=exit_evaluator_thread:begin
[nanopynix-gc-thread-debug] tid=3100796 event=gc_thread_registration:released
[nanopynix-gc-thread-debug] tid=3100796 event=exit_evaluator_thread:unregistered
[nanopynix-gc-thread-debug] tid=3100799 event=enter_evaluator_thread:begin
[nanopynix-gc-thread-debug] tid=3100799 event=gc_thread_registration:acquired
[nanopynix-gc-thread-debug] tid=3100799 event=enter_evaluator_thread:registered
[nanopynix-gc-thread-debug] tid=3100799 event=exit_evaluator_thread:begin
[nanopynix-gc-thread-debug] tid=3100799 event=gc_thread_registration:released
[nanopynix-gc-thread-debug] tid=3100799 event=exit_evaluator_thread:unregistered
[nanopynix-gc-thread-debug] tid=3100800 event=enter_evaluator_thread:begin
[nanopynix-gc-thread-debug] tid=3100800 event=gc_thread_registration:acquired
[nanopynix-gc-thread-debug] tid=3100800 event=enter_evaluator_thread:registered
[nanopynix-gc-thread-debug] tid=3100800 event=exit_evaluator_thread:begin
[nanopynix-gc-thread-debug] tid=3100800 event=gc_thread_registration:released
[nanopynix-gc-thread-debug] tid=3100800 event=exit_evaluator_thread:unregistered
[nanopynix-gc-thread-debug] tid=3100808 event=enter_evaluator_thread:begin
[nanopynix-gc-thread-debug] tid=3100808 event=gc_thread_registration:acquired
[nanopynix-gc-thread-debug] tid=3100808 event=enter_evaluator_thread:registered
[nanopynix-gc-thread-debug] tid=3100808 event=exit_evaluator_thread:begin
[nanopynix-gc-thread-debug] tid=3100808 event=gc_thread_registration:released
[nanopynix-gc-thread-debug] tid=3100808 event=exit_evaluator_thread:unregistered
[nanopynix-gc-thread-debug] tid=3100809 event=enter_evaluator_thread:begin
[nanopynix-gc-thread-debug] tid=3100809 event=gc_thread_registration:acquired
[nanopynix-gc-thread-debug] tid=3100809 event=enter_evaluator_thread:registered
[nanopynix-gc-thread-debug] tid=3100809 event=exit_evaluator_thread:begin
[nanopynix-gc-thread-debug] tid=3100809 event=gc_thread_registration:released
[nanopynix-gc-thread-debug] tid=3100809 event=exit_evaluator_thread:unregistered
[nanopynix-gc-thread-debug] tid=3100821 event=enter_evaluator_thread:begin
[nanopynix-gc-thread-debug] tid=3100821 event=gc_thread_registration:acquired
[nanopynix-gc-thread-debug] tid=3100821 event=enter_evaluator_thread:registered
[nanopynix-gc-thread-debug] tid=3100821 event=exit_evaluator_thread:begin
[nanopynix-gc-thread-debug] tid=3100821 event=gc_thread_registration:released
[nanopynix-gc-thread-debug] tid=3100821 event=exit_evaluator_thread:unregistered
[nanopynix-gc-thread-debug] tid=3100833 event=enter_evaluator_thread:begin
[nanopynix-gc-thread-debug] tid=3100833 event=gc_thread_registration:acquired
[nanopynix-gc-thread-debug] tid=3100833 event=enter_evaluator_thread:registered
[nanopynix-gc-thread-debug] tid=3100833 event=exit_evaluator_thread:begin
[nanopynix-gc-thread-debug] tid=3100833 event=gc_thread_registration:released
[nanopynix-gc-thread-debug] tid=3100833 event=exit_evaluator_thread:unregistered
[nanopynix-gc-thread-debug] tid=3100836 event=enter_evaluator_thread:begin
[nanopynix-gc-thread-debug] tid=3100836 event=gc_thread_registration:acquired
[nanopynix-gc-thread-debug] tid=3100836 event=enter_evaluator_thread:registered
[nanopynix-gc-thread-debug] tid=3100836 event=exit_evaluator_thread:begin
[nanopynix-gc-thread-debug] tid=3100836 event=gc_thread_registration:released
[nanopynix-gc-thread-debug] tid=3100836 event=exit_evaluator_thread:unregistered
[nanopynix-gc-thread-debug] tid=3100844 event=enter_evaluator_thread:begin
[nanopynix-gc-thread-debug] tid=3100844 event=gc_thread_registration:acquired
[nanopynix-gc-thread-debug] tid=3100844 event=enter_evaluator_thread:registered
[nanopynix-gc-thread-debug] tid=3100844 event=exit_evaluator_thread:begin
[nanopynix-gc-thread-debug] tid=3100844 event=gc_thread_registration:released
[nanopynix-gc-thread-debug] tid=3100844 event=exit_evaluator_thread:unregistered
[nanopynix-gc-thread-debug] tid=3100917 event=enter_evaluator_thread:begin
[nanopynix-gc-thread-debug] tid=3100917 event=gc_thread_registration:acquired
[nanopynix-gc-thread-debug] tid=3100917 event=enter_evaluator_thread:registered
[nanopynix-gc-thread-debug] tid=3100917 event=exit_evaluator_thread:begin
[nanopynix-gc-thread-debug] tid=3100917 event=gc_thread_registration:released
[nanopynix-gc-thread-debug] tid=3100917 event=exit_evaluator_thread:unregistered
[nanopynix-gc-thread-debug] tid=3100920 event=enter_evaluator_thread:begin
[nanopynix-gc-thread-debug] tid=3100920 event=gc_thread_registration:acquired
[nanopynix-gc-thread-debug] tid=3100920 event=enter_evaluator_thread:registered
[nanopynix-gc-thread-debug] tid=3100920 event=exit_evaluator_thread:begin
[nanopynix-gc-thread-debug] tid=3100920 event=gc_thread_registration:released
[nanopynix-gc-thread-debug] tid=3100920 event=exit_evaluator_thread:unregistered
[nanopynix-gc-thread-debug] tid=3100921 event=enter_evaluator_thread:begin
[nanopynix-gc-thread-debug] tid=3100921 event=gc_thread_registration:acquired
[nanopynix-gc-thread-debug] tid=3100921 event=enter_evaluator_thread:registered
[nanopynix-gc-thread-debug] tid=3100921 event=exit_evaluator_thread:begin
[nanopynix-gc-thread-debug] tid=3100921 event=gc_thread_registration:released
[nanopynix-gc-thread-debug] tid=3100921 event=exit_evaluator_thread:unregistered
[nanopynix-gc-thread-debug] tid=3100922 event=enter_evaluator_thread:begin
[nanopynix-gc-thread-debug] tid=3100922 event=gc_thread_registration:acquired
[nanopynix-gc-thread-debug] tid=3100922 event=enter_evaluator_thread:registered
[nanopynix-gc-thread-debug] tid=3100922 event=exit_evaluator_thread:begin
[nanopynix-gc-thread-debug] tid=3100922 event=gc_thread_registration:released
[nanopynix-gc-thread-debug] tid=3100922 event=exit_evaluator_thread:unregistered
[nanopynix-gc-thread-debug] tid=3100924 event=enter_evaluator_thread:begin
[nanopynix-gc-thread-debug] tid=3100924 event=gc_thread_registration:acquired
[nanopynix-gc-thread-debug] tid=3100924 event=enter_evaluator_thread:registered
[nanopynix-gc-thread-debug] tid=3100924 event=exit_evaluator_thread:begin
[nanopynix-gc-thread-debug] tid=3100924 event=gc_thread_registration:released
[nanopynix-gc-thread-debug] tid=3100924 event=exit_evaluator_thread:unregistered
[nanopynix-gc-thread-debug] tid=3100925 event=enter_evaluator_thread:begin
[nanopynix-gc-thread-debug] tid=3100925 event=gc_thread_registration:acquired
[nanopynix-gc-thread-debug] tid=3100925 event=enter_evaluator_thread:registered
[nanopynix-gc-thread-debug] tid=3100925 event=exit_evaluator_thread:begin
[nanopynix-gc-thread-debug] tid=3100925 event=gc_thread_registration:released
[nanopynix-gc-thread-debug] tid=3100925 event=exit_evaluator_thread:unregistered
[nanopynix-gc-thread-debug] tid=3100926 event=enter_evaluator_thread:begin
[nanopynix-gc-thread-debug] tid=3100926 event=gc_thread_registration:acquired
[nanopynix-gc-thread-debug] tid=3100926 event=enter_evaluator_thread:registered
[nanopynix-gc-thread-debug] tid=3100926 event=exit_evaluator_thread:begin
[nanopynix-gc-thread-debug] tid=3100926 event=gc_thread_registration:released
[nanopynix-gc-thread-debug] tid=3100926 event=exit_evaluator_thread:unregistered
[nanopynix-gc-thread-debug] tid=3100928 event=enter_evaluator_thread:begin
[nanopynix-gc-thread-debug] tid=3100928 event=gc_thread_registration:acquired
[nanopynix-gc-thread-debug] tid=3100928 event=enter_evaluator_thread:registered
[nanopynix-gc-thread-debug] tid=3100928 event=exit_evaluator_thread:begin
[nanopynix-gc-thread-debug] tid=3100928 event=gc_thread_registration:released
[nanopynix-gc-thread-debug] tid=3100928 event=exit_evaluator_thread:unregistered
[nanopynix-gc-thread-debug] tid=3100929 event=enter_evaluator_thread:begin
[nanopynix-gc-thread-debug] tid=3100929 event=gc_thread_registration:acquired
[nanopynix-gc-thread-debug] tid=3100929 event=enter_evaluator_thread:registered
[nanopynix-gc-thread-debug] tid=3100929 event=exit_evaluator_thread:begin
[nanopynix-gc-thread-debug] tid=3100929 event=gc_thread_registration:released
[nanopynix-gc-thread-debug] tid=3100929 event=exit_evaluator_thread:unregistered
[nanopynix-gc-thread-debug] tid=3100931 event=enter_evaluator_thread:begin
[nanopynix-gc-thread-debug] tid=3100931 event=gc_thread_registration:acquired
[nanopynix-gc-thread-debug] tid=3100931 event=enter_evaluator_thread:registered
[nanopynix-gc-thread-debug] tid=3100931 event=exit_evaluator_thread:begin
[nanopynix-gc-thread-debug] tid=3100931 event=gc_thread_registration:released
[nanopynix-gc-thread-debug] tid=3100931 event=exit_evaluator_thread:unregistered
[nanopynix-gc-thread-debug] tid=3100933 event=enter_evaluator_thread:begin
[nanopynix-gc-thread-debug] tid=3100933 event=gc_thread_registration:acquired
[nanopynix-gc-thread-debug] tid=3100933 event=enter_evaluator_thread:registered
[nanopynix-gc-thread-debug] tid=3100933 event=exit_evaluator_thread:begin
[nanopynix-gc-thread-debug] tid=3100933 event=gc_thread_registration:released
[nanopynix-gc-thread-debug] tid=3100933 event=exit_evaluator_thread:unregistered
[nanopynix-gc-thread-debug] tid=3100935 event=enter_evaluator_thread:begin
[nanopynix-gc-thread-debug] tid=3100935 event=gc_thread_registration:acquired
[nanopynix-gc-thread-debug] tid=3100935 event=enter_evaluator_thread:registered
[nanopynix-gc-thread-debug] tid=3100935 event=exit_evaluator_thread:begin
[nanopynix-gc-thread-debug] tid=3100935 event=gc_thread_registration:released
[nanopynix-gc-thread-debug] tid=3100935 event=exit_evaluator_thread:unregistered
[nanopynix-gc-thread-debug] tid=3100936 event=enter_evaluator_thread:begin
[nanopynix-gc-thread-debug] tid=3100936 event=gc_thread_registration:acquired
[nanopynix-gc-thread-debug] tid=3100936 event=enter_evaluator_thread:registered
[nanopynix-gc-thread-debug] tid=3100936 event=exit_evaluator_thread:begin
[nanopynix-gc-thread-debug] tid=3100936 event=gc_thread_registration:released
[nanopynix-gc-thread-debug] tid=3100936 event=exit_evaluator_thread:unregistered
[nanopynix-gc-thread-debug] tid=3100939 event=enter_evaluator_thread:begin
[nanopynix-gc-thread-debug] tid=3100939 event=gc_thread_registration:acquired
[nanopynix-gc-thread-debug] tid=3100939 event=enter_evaluator_thread:registered
[nanopynix-gc-thread-debug] tid=3100939 event=exit_evaluator_thread:begin
[nanopynix-gc-thread-debug] tid=3100939 event=gc_thread_registration:released
[nanopynix-gc-thread-debug] tid=3100939 event=exit_evaluator_thread:unregistered
[nanopynix-gc-thread-debug] tid=3100940 event=enter_evaluator_thread:begin
[nanopynix-gc-thread-debug] tid=3100940 event=gc_thread_registration:acquired
[nanopynix-gc-thread-debug] tid=3100940 event=enter_evaluator_thread:registered
[nanopynix-gc-thread-debug] tid=3100940 event=exit_evaluator_thread:begin
[nanopynix-gc-thread-debug] tid=3100940 event=gc_thread_registration:released
[nanopynix-gc-thread-debug] tid=3100940 event=exit_evaluator_thread:unregistered
[nanopynix-gc-thread-debug] tid=3100942 event=enter_evaluator_thread:begin
[nanopynix-gc-thread-debug] tid=3100942 event=gc_thread_registration:acquired
[nanopynix-gc-thread-debug] tid=3100942 event=enter_evaluator_thread:registered
[nanopynix-gc-thread-debug] tid=3100942 event=exit_evaluator_thread:begin
[nanopynix-gc-thread-debug] tid=3100942 event=gc_thread_registration:released
[nanopynix-gc-thread-debug] tid=3100942 event=exit_evaluator_thread:unregistered
[nanopynix-gc-thread-debug] tid=3100950 event=enter_evaluator_thread:begin
[nanopynix-gc-thread-debug] tid=3100950 event=gc_thread_registration:acquired
[nanopynix-gc-thread-debug] tid=3100950 event=enter_evaluator_thread:registered
[nanopynix-gc-thread-debug] tid=3100950 event=exit_evaluator_thread:begin
[nanopynix-gc-thread-debug] tid=3100950 event=gc_thread_registration:released
[nanopynix-gc-thread-debug] tid=3100950 event=exit_evaluator_thread:unregistered
[nanopynix-gc-thread-debug] tid=3100953 event=enter_evaluator_thread:begin
[nanopynix-gc-thread-debug] tid=3100953 event=gc_thread_registration:acquired
[nanopynix-gc-thread-debug] tid=3100953 event=enter_evaluator_thread:registered
[nanopynix-gc-thread-debug] tid=3100953 event=exit_evaluator_thread:begin
[nanopynix-gc-thread-debug] tid=3100953 event=gc_thread_registration:released
[nanopynix-gc-thread-debug] tid=3100953 event=exit_evaluator_thread:unregistered
[nanopynix-gc-thread-debug] tid=3100961 event=enter_evaluator_thread:begin
[nanopynix-gc-thread-debug] tid=3100961 event=gc_thread_registration:acquired
[nanopynix-gc-thread-debug] tid=3100961 event=enter_evaluator_thread:registered
[nanopynix-gc-thread-debug] tid=3100961 event=exit_evaluator_thread:begin
[nanopynix-gc-thread-debug] tid=3100961 event=gc_thread_registration:released
[nanopynix-gc-thread-debug] tid=3100961 event=exit_evaluator_thread:unregistered
[nanopynix-gc-thread-debug] tid=3100964 event=enter_evaluator_thread:begin
[nanopynix-gc-thread-debug] tid=3100964 event=gc_thread_registration:acquired
[nanopynix-gc-thread-debug] tid=3100964 event=enter_evaluator_thread:registered
[nanopynix-gc-thread-debug] tid=3100964 event=exit_evaluator_thread:begin
[nanopynix-gc-thread-debug] tid=3100964 event=gc_thread_registration:released
[nanopynix-gc-thread-debug] tid=3100964 event=exit_evaluator_thread:unregistered
[nanopynix-gc-thread-debug] tid=3100972 event=enter_evaluator_thread:begin
[nanopynix-gc-thread-debug] tid=3100972 event=gc_thread_registration:acquired
[nanopynix-gc-thread-debug] tid=3100972 event=enter_evaluator_thread:registered
[nanopynix-gc-thread-debug] tid=3100972 event=exit_evaluator_thread:begin
[nanopynix-gc-thread-debug] tid=3100972 event=gc_thread_registration:released
[nanopynix-gc-thread-debug] tid=3100972 event=exit_evaluator_thread:unregistered
[nanopynix-gc-thread-debug] tid=3100975 event=enter_evaluator_thread:begin
[nanopynix-gc-thread-debug] tid=3100975 event=gc_thread_registration:acquired
[nanopynix-gc-thread-debug] tid=3100975 event=enter_evaluator_thread:registered
[nanopynix-gc-thread-debug] tid=3100975 event=exit_evaluator_thread:begin
[nanopynix-gc-thread-debug] tid=3100975 event=gc_thread_registration:released
[nanopynix-gc-thread-debug] tid=3100975 event=exit_evaluator_thread:unregistered
[nanopynix-gc-thread-debug] tid=3100983 event=enter_evaluator_thread:begin
[nanopynix-gc-thread-debug] tid=3100983 event=gc_thread_registration:acquired
[nanopynix-gc-thread-debug] tid=3100983 event=enter_evaluator_thread:registered
[nanopynix-gc-thread-debug] tid=3100983 event=exit_evaluator_thread:begin
[nanopynix-gc-thread-debug] tid=3100983 event=gc_thread_registration:released
[nanopynix-gc-thread-debug] tid=3100983 event=exit_evaluator_thread:unregistered
[nanopynix-gc-thread-debug] tid=3100986 event=enter_evaluator_thread:begin
[nanopynix-gc-thread-debug] tid=3100986 event=gc_thread_registration:acquired
[nanopynix-gc-thread-debug] tid=3100986 event=enter_evaluator_thread:registered
[nanopynix-gc-thread-debug] tid=3100986 event=exit_evaluator_thread:begin
[nanopynix-gc-thread-debug] tid=3100986 event=gc_thread_registration:released
[nanopynix-gc-thread-debug] tid=3100986 event=exit_evaluator_thread:unregistered
[nanopynix-gc-thread-debug] tid=3100994 event=enter_evaluator_thread:begin
[nanopynix-gc-thread-debug] tid=3100994 event=gc_thread_registration:acquired
[nanopynix-gc-thread-debug] tid=3100994 event=enter_evaluator_thread:registered
[nanopynix-gc-thread-debug] tid=3100994 event=exit_evaluator_thread:begin
[nanopynix-gc-thread-debug] tid=3100994 event=gc_thread_registration:released
[nanopynix-gc-thread-debug] tid=3100994 event=exit_evaluator_thread:unregistered
[nanopynix-gc-thread-debug] tid=3101023 event=enter_evaluator_thread:begin
[nanopynix-gc-thread-debug] tid=3101023 event=gc_thread_registration:acquired
[nanopynix-gc-thread-debug] tid=3101023 event=enter_evaluator_thread:registered
[nanopynix-gc-thread-debug] tid=3101023 event=exit_evaluator_thread:begin
[nanopynix-gc-thread-debug] tid=3101023 event=gc_thread_registration:released
[nanopynix-gc-thread-debug] tid=3101023 event=exit_evaluator_thread:unregistered
[nanopynix-gc-thread-debug] tid=3101031 event=enter_evaluator_thread:begin
[nanopynix-gc-thread-debug] tid=3101031 event=gc_thread_registration:acquired
[nanopynix-gc-thread-debug] tid=3101031 event=enter_evaluator_thread:registered
[nanopynix-gc-thread-debug] tid=3101031 event=exit_evaluator_thread:begin
[nanopynix-gc-thread-debug] tid=3101031 event=gc_thread_registration:released
[nanopynix-gc-thread-debug] tid=3101031 event=exit_evaluator_thread:unregistered
[nanopynix-gc-thread-debug] tid=3101034 event=enter_evaluator_thread:begin
[nanopynix-gc-thread-debug] tid=3101034 event=gc_thread_registration:acquired
[nanopynix-gc-thread-debug] tid=3101034 event=enter_evaluator_thread:registered
[nanopynix-gc-thread-debug] tid=3101034 event=exit_evaluator_thread:begin
[nanopynix-gc-thread-debug] tid=3101034 event=gc_thread_registration:released
[nanopynix-gc-thread-debug] tid=3101034 event=exit_evaluator_thread:unregistered
[nanopynix-gc-thread-debug] tid=3101042 event=enter_evaluator_thread:begin
[nanopynix-gc-thread-debug] tid=3101042 event=gc_thread_registration:acquired
[nanopynix-gc-thread-debug] tid=3101042 event=enter_evaluator_thread:registered
[nanopynix-gc-thread-debug] tid=3101042 event=exit_evaluator_thread:begin
[nanopynix-gc-thread-debug] tid=3101042 event=gc_thread_registration:released
[nanopynix-gc-thread-debug] tid=3101042 event=exit_evaluator_thread:unregistered
[nanopynix-gc-thread-debug] tid=3101045 event=enter_evaluator_thread:begin
[nanopynix-gc-thread-debug] tid=3101045 event=gc_thread_registration:acquired
[nanopynix-gc-thread-debug] tid=3101045 event=enter_evaluator_thread:registered
[nanopynix-gc-thread-debug] tid=3101045 event=exit_evaluator_thread:begin
[nanopynix-gc-thread-debug] tid=3101045 event=gc_thread_registration:released
[nanopynix-gc-thread-debug] tid=3101045 event=exit_evaluator_thread:unregistered
[nanopynix-gc-thread-debug] tid=3101053 event=enter_evaluator_thread:begin
[nanopynix-gc-thread-debug] tid=3101053 event=gc_thread_registration:acquired
[nanopynix-gc-thread-debug] tid=3101053 event=enter_evaluator_thread:registered
[nanopynix-gc-thread-debug] tid=3101053 event=exit_evaluator_thread:begin
[nanopynix-gc-thread-debug] tid=3101053 event=gc_thread_registration:released
[nanopynix-gc-thread-debug] tid=3101053 event=exit_evaluator_thread:unregistered
[nanopynix-gc-thread-debug] tid=3101056 event=enter_evaluator_thread:begin
[nanopynix-gc-thread-debug] tid=3101056 event=gc_thread_registration:acquired
[nanopynix-gc-thread-debug] tid=3101056 event=enter_evaluator_thread:registered
[nanopynix-gc-thread-debug] tid=3101056 event=exit_evaluator_thread:begin
[nanopynix-gc-thread-debug] tid=3101056 event=gc_thread_registration:released
[nanopynix-gc-thread-debug] tid=3101056 event=exit_evaluator_thread:unregistered
[nanopynix-gc-thread-debug] tid=3101064 event=enter_evaluator_thread:begin
[nanopynix-gc-thread-debug] tid=3101064 event=gc_thread_registration:acquired
[nanopynix-gc-thread-debug] tid=3101064 event=enter_evaluator_thread:registered
[nanopynix-gc-thread-debug] tid=3101064 event=exit_evaluator_thread:begin
[nanopynix-gc-thread-debug] tid=3101064 event=gc_thread_registration:released
[nanopynix-gc-thread-debug] tid=3101064 event=exit_evaluator_thread:unregistered
[nanopynix-gc-thread-debug] tid=3101081 event=enter_evaluator_thread:begin
[nanopynix-gc-thread-debug] tid=3101081 event=gc_thread_registration:acquired
[nanopynix-gc-thread-debug] tid=3101081 event=enter_evaluator_thread:registered
[nanopynix-gc-thread-debug] tid=3101081 event=exit_evaluator_thread:begin
[nanopynix-gc-thread-debug] tid=3101081 event=gc_thread_registration:released
[nanopynix-gc-thread-debug] tid=3101081 event=exit_evaluator_thread:unregistered
[nanopynix-gc-thread-debug] tid=3101138 event=enter_evaluator_thread:begin
[nanopynix-gc-thread-debug] tid=3101138 event=gc_thread_registration:acquired
[nanopynix-gc-thread-debug] tid=3101138 event=enter_evaluator_thread:registered
[nanopynix-gc-thread-debug] tid=3101138 event=exit_evaluator_thread:begin
[nanopynix-gc-thread-debug] tid=3101138 event=gc_thread_registration:released
[nanopynix-gc-thread-debug] tid=3101138 event=exit_evaluator_thread:unregistered
[nanopynix-gc-thread-debug] tid=3101198 event=enter_evaluator_thread:begin
[nanopynix-gc-thread-debug] tid=3101198 event=gc_thread_registration:acquired
[nanopynix-gc-thread-debug] tid=3101198 event=enter_evaluator_thread:registered
[nanopynix-gc-thread-debug] tid=3101198 event=exit_evaluator_thread:begin
[nanopynix-gc-thread-debug] tid=3101198 event=gc_thread_registration:released
[nanopynix-gc-thread-debug] tid=3101198 event=exit_evaluator_thread:unregistered
[nanopynix-gc-thread-debug] tid=3101200 event=enter_evaluator_thread:begin
[nanopynix-gc-thread-debug] tid=3101200 event=gc_thread_registration:acquired
[nanopynix-gc-thread-debug] tid=3101200 event=enter_evaluator_thread:registered
[nanopynix-gc-thread-debug] tid=3101200 event=exit_evaluator_thread:begin
[nanopynix-gc-thread-debug] tid=3101200 event=gc_thread_registration:released
[nanopynix-gc-thread-debug] tid=3101200 event=exit_evaluator_thread:unregistered
[nanopynix-gc-thread-debug] tid=3101202 event=enter_evaluator_thread:begin
[nanopynix-gc-thread-debug] tid=3101202 event=gc_thread_registration:acquired
[nanopynix-gc-thread-debug] tid=3101202 event=enter_evaluator_thread:registered
[nanopynix-gc-thread-debug] tid=3101202 event=exit_evaluator_thread:begin
[nanopynix-gc-thread-debug] tid=3101202 event=gc_thread_registration:released
[nanopynix-gc-thread-debug] tid=3101202 event=exit_evaluator_thread:unregistered
[nanopynix-gc-thread-debug] tid=3101210 event=enter_evaluator_thread:begin
[nanopynix-gc-thread-debug] tid=3101210 event=gc_thread_registration:acquired
[nanopynix-gc-thread-debug] tid=3101210 event=enter_evaluator_thread:registered
[nanopynix-gc-thread-debug] tid=3101210 event=exit_evaluator_thread:begin
[nanopynix-gc-thread-debug] tid=3101210 event=gc_thread_registration:released
[nanopynix-gc-thread-debug] tid=3101210 event=exit_evaluator_thread:unregistered
[nanopynix-gc-thread-debug] tid=3101213 event=enter_evaluator_thread:begin
[nanopynix-gc-thread-debug] tid=3101213 event=gc_thread_registration:acquired
[nanopynix-gc-thread-debug] tid=3101213 event=enter_evaluator_thread:registered
[nanopynix-gc-thread-debug] tid=3101213 event=exit_evaluator_thread:begin
[nanopynix-gc-thread-debug] tid=3101213 event=gc_thread_registration:released
[nanopynix-gc-thread-debug] tid=3101213 event=exit_evaluator_thread:unregistered
[nanopynix-gc-thread-debug] tid=3101215 event=enter_evaluator_thread:begin
[nanopynix-gc-thread-debug] tid=3101215 event=gc_thread_registration:acquired
[nanopynix-gc-thread-debug] tid=3101215 event=enter_evaluator_thread:registered
[nanopynix-gc-thread-debug] tid=3101215 event=exit_evaluator_thread:begin
[nanopynix-gc-thread-debug] tid=3101215 event=gc_thread_registration:released
[nanopynix-gc-thread-debug] tid=3101215 event=exit_evaluator_thread:unregistered
[nanopynix-gc-thread-debug] tid=3101217 event=enter_evaluator_thread:begin
[nanopynix-gc-thread-debug] tid=3101217 event=gc_thread_registration:acquired
[nanopynix-gc-thread-debug] tid=3101217 event=enter_evaluator_thread:registered
[nanopynix-gc-thread-debug] tid=3101217 event=exit_evaluator_thread:begin
[nanopynix-gc-thread-debug] tid=3101217 event=gc_thread_registration:released
[nanopynix-gc-thread-debug] tid=3101217 event=exit_evaluator_thread:unregistered
[nanopynix-gc-thread-debug] tid=3101219 event=enter_evaluator_thread:begin
[nanopynix-gc-thread-debug] tid=3101219 event=gc_thread_registration:acquired
[nanopynix-gc-thread-debug] tid=3101219 event=enter_evaluator_thread:registered
[nanopynix-gc-thread-debug] tid=3101219 event=exit_evaluator_thread:begin
[nanopynix-gc-thread-debug] tid=3101219 event=gc_thread_registration:released
[nanopynix-gc-thread-debug] tid=3101219 event=exit_evaluator_thread:unregistered
[nanopynix-gc-thread-debug] tid=3101221 event=enter_evaluator_thread:begin
[nanopynix-gc-thread-debug] tid=3101221 event=gc_thread_registration:acquired
[nanopynix-gc-thread-debug] tid=3101221 event=enter_evaluator_thread:registered
[nanopynix-gc-thread-debug] tid=3101221 event=exit_evaluator_thread:begin
[nanopynix-gc-thread-debug] tid=3101221 event=gc_thread_registration:released
[nanopynix-gc-thread-debug] tid=3101221 event=exit_evaluator_thread:unregistered
[nanopynix-gc-thread-debug] tid=3101223 event=enter_evaluator_thread:begin
[nanopynix-gc-thread-debug] tid=3101223 event=gc_thread_registration:acquired
[nanopynix-gc-thread-debug] tid=3101223 event=enter_evaluator_thread:registered
[nanopynix-gc-thread-debug] tid=3101223 event=exit_evaluator_thread:begin
[nanopynix-gc-thread-debug] tid=3101223 event=gc_thread_registration:released
[nanopynix-gc-thread-debug] tid=3101223 event=exit_evaluator_thread:unregistered
[nanopynix-gc-thread-debug] tid=3101225 event=enter_evaluator_thread:begin
[nanopynix-gc-thread-debug] tid=3101225 event=gc_thread_registration:acquired
[nanopynix-gc-thread-debug] tid=3101225 event=enter_evaluator_thread:registered
[nanopynix-gc-thread-debug] tid=3101225 event=exit_evaluator_thread:begin
[nanopynix-gc-thread-debug] tid=3101225 event=gc_thread_registration:released
[nanopynix-gc-thread-debug] tid=3101225 event=exit_evaluator_thread:unregistered
[nanopynix-gc-thread-debug] tid=3101227 event=enter_evaluator_thread:begin
[nanopynix-gc-thread-debug] tid=3101227 event=gc_thread_registration:acquired
[nanopynix-gc-thread-debug] tid=3101227 event=enter_evaluator_thread:registered
[nanopynix-gc-thread-debug] tid=3101227 event=exit_evaluator_thread:begin
[nanopynix-gc-thread-debug] tid=3101227 event=gc_thread_registration:released
[nanopynix-gc-thread-debug] tid=3101227 event=exit_evaluator_thread:unregistered
[nanopynix-gc-thread-debug] tid=3101235 event=enter_evaluator_thread:begin
[nanopynix-gc-thread-debug] tid=3101235 event=gc_thread_registration:acquired
[nanopynix-gc-thread-debug] tid=3101235 event=enter_evaluator_thread:registered
[nanopynix-gc-thread-debug] tid=3101235 event=exit_evaluator_thread:begin
[nanopynix-gc-thread-debug] tid=3101235 event=gc_thread_registration:released
[nanopynix-gc-thread-debug] tid=3101235 event=exit_evaluator_thread:unregistered
[nanopynix-gc-thread-debug] tid=3101244 event=enter_evaluator_thread:begin
[nanopynix-gc-thread-debug] tid=3101244 event=gc_thread_registration:acquired
[nanopynix-gc-thread-debug] tid=3101244 event=enter_evaluator_thread:registered
[nanopynix-gc-thread-debug] tid=3101244 event=exit_evaluator_thread:begin
[nanopynix-gc-thread-debug] tid=3101244 event=gc_thread_registration:released
[nanopynix-gc-thread-debug] tid=3101244 event=exit_evaluator_thread:unregistered
[nanopynix-gc-thread-debug] tid=3101247 event=enter_evaluator_thread:begin
[nanopynix-gc-thread-debug] tid=3101247 event=gc_thread_registration:acquired
[nanopynix-gc-thread-debug] tid=3101247 event=enter_evaluator_thread:registered
[nanopynix-gc-thread-debug] tid=3101247 event=exit_evaluator_thread:begin
[nanopynix-gc-thread-debug] tid=3101247 event=gc_thread_registration:released
[nanopynix-gc-thread-debug] tid=3101247 event=exit_evaluator_thread:unregistered
[nanopynix-gc-thread-debug] tid=3101249 event=enter_evaluator_thread:begin
[nanopynix-gc-thread-debug] tid=3101249 event=gc_thread_registration:acquired
[nanopynix-gc-thread-debug] tid=3101249 event=enter_evaluator_thread:registered
[nanopynix-gc-thread-debug] tid=3101249 event=exit_evaluator_thread:begin
[nanopynix-gc-thread-debug] tid=3101249 event=gc_thread_registration:released
[nanopynix-gc-thread-debug] tid=3101249 event=exit_evaluator_thread:unregistered
[nanopynix-gc-thread-debug] tid=3101251 event=enter_evaluator_thread:begin
[nanopynix-gc-thread-debug] tid=3101251 event=gc_thread_registration:acquired
[nanopynix-gc-thread-debug] tid=3101251 event=enter_evaluator_thread:registered
[nanopynix-gc-thread-debug] tid=3101251 event=exit_evaluator_thread:begin
[nanopynix-gc-thread-debug] tid=3101251 event=gc_thread_registration:released
[nanopynix-gc-thread-debug] tid=3101251 event=exit_evaluator_thread:unregistered
[nanopynix-gc-thread-debug] tid=3101253 event=enter_evaluator_thread:begin
[nanopynix-gc-thread-debug] tid=3101253 event=gc_thread_registration:acquired
[nanopynix-gc-thread-debug] tid=3101253 event=enter_evaluator_thread:registered
[nanopynix-gc-thread-debug] tid=3101253 event=exit_evaluator_thread:begin
[nanopynix-gc-thread-debug] tid=3101253 event=gc_thread_registration:released
[nanopynix-gc-thread-debug] tid=3101253 event=exit_evaluator_thread:unregistered
[nanopynix-gc-thread-debug] tid=3101261 event=enter_evaluator_thread:begin
[nanopynix-gc-thread-debug] tid=3101261 event=gc_thread_registration:acquired
[nanopynix-gc-thread-debug] tid=3101261 event=enter_evaluator_thread:registered
[nanopynix-gc-thread-debug] tid=3101261 event=exit_evaluator_thread:begin
[nanopynix-gc-thread-debug] tid=3101261 event=gc_thread_registration:released
[nanopynix-gc-thread-debug] tid=3101261 event=exit_evaluator_thread:unregistered
[nanopynix-gc-thread-debug] tid=3101264 event=enter_evaluator_thread:begin
[nanopynix-gc-thread-debug] tid=3101264 event=gc_thread_registration:acquired
[nanopynix-gc-thread-debug] tid=3101264 event=enter_evaluator_thread:registered
[nanopynix-gc-thread-debug] tid=3101264 event=exit_evaluator_thread:begin
[nanopynix-gc-thread-debug] tid=3101264 event=gc_thread_registration:released
[nanopynix-gc-thread-debug] tid=3101264 event=exit_evaluator_thread:unregistered
[nanopynix-gc-thread-debug] tid=3101303 event=gc_thread_registration:acquired
[nanopynix-gc-thread-debug] tid=3101370 event=enter_evaluator_thread:begin
[nanopynix-gc-thread-debug] tid=3101370 event=gc_thread_registration:acquired
[nanopynix-gc-thread-debug] tid=3101370 event=enter_evaluator_thread:registered
[nanopynix-gc-thread-debug] tid=3101370 event=exit_evaluator_thread:begin
[nanopynix-gc-thread-debug] tid=3101370 event=gc_thread_registration:released
[nanopynix-gc-thread-debug] tid=3101370 event=exit_evaluator_thread:unregistered
[nanopynix-gc-thread-debug] tid=3101379 event=enter_evaluator_thread:begin
[nanopynix-gc-thread-debug] tid=3101379 event=gc_thread_registration:acquired
[nanopynix-gc-thread-debug] tid=3101379 event=enter_evaluator_thread:registered
[nanopynix-gc-thread-debug] tid=3101379 event=exit_evaluator_thread:begin
[nanopynix-gc-thread-debug] tid=3101379 event=gc_thread_registration:released
[nanopynix-gc-thread-debug] tid=3101379 event=exit_evaluator_thread:unregistered
[nanopynix-gc-thread-debug] tid=3101388 event=enter_evaluator_thread:begin
[nanopynix-gc-thread-debug] tid=3101388 event=gc_thread_registration:acquired
[nanopynix-gc-thread-debug] tid=3101388 event=enter_evaluator_thread:registered
[nanopynix-gc-thread-debug] tid=3101388 event=exit_evaluator_thread:begin
[nanopynix-gc-thread-debug] tid=3101388 event=gc_thread_registration:released
[nanopynix-gc-thread-debug] tid=3101388 event=exit_evaluator_thread:unregistered
[nanopynix-gc-thread-debug] tid=3101397 event=enter_evaluator_thread:begin
[nanopynix-gc-thread-debug] tid=3101397 event=gc_thread_registration:acquired
[nanopynix-gc-thread-debug] tid=3101397 event=enter_evaluator_thread:registered
[nanopynix-gc-thread-debug] tid=3101397 event=exit_evaluator_thread:begin
[nanopynix-gc-thread-debug] tid=3101397 event=gc_thread_registration:released
[nanopynix-gc-thread-debug] tid=3101397 event=exit_evaluator_thread:unregistered
[nanopynix-gc-thread-debug] tid=3101406 event=enter_evaluator_thread:begin
[nanopynix-gc-thread-debug] tid=3101406 event=gc_thread_registration:acquired
[nanopynix-gc-thread-debug] tid=3101406 event=enter_evaluator_thread:registered
[nanopynix-gc-thread-debug] tid=3101409 event=enter_evaluator_thread:begin
[nanopynix-gc-thread-debug] tid=3101409 event=gc_thread_registration:acquired
[nanopynix-gc-thread-debug] tid=3101409 event=enter_evaluator_thread:registered
[nanopynix-gc-thread-debug] tid=3101409 event=exit_evaluator_thread:begin
[nanopynix-gc-thread-debug] tid=3101409 event=gc_thread_registration:released
[nanopynix-gc-thread-debug] tid=3101409 event=exit_evaluator_thread:unregistered
[nanopynix-gc-thread-debug] tid=3101417 event=enter_evaluator_thread:begin
[nanopynix-gc-thread-debug] tid=3101417 event=gc_thread_registration:acquired
[nanopynix-gc-thread-debug] tid=3101417 event=enter_evaluator_thread:registered
[nanopynix-gc-thread-debug] tid=3101417 event=exit_evaluator_thread:begin
[nanopynix-gc-thread-debug] tid=3101417 event=gc_thread_registration:released
[nanopynix-gc-thread-debug] tid=3101417 event=exit_evaluator_thread:unregistered
[nanopynix-gc-thread-debug] tid=3101420 event=enter_evaluator_thread:begin
[nanopynix-gc-thread-debug] tid=3101420 event=gc_thread_registration:acquired
[nanopynix-gc-thread-debug] tid=3101420 event=enter_evaluator_thread:registered
[nanopynix-gc-thread-debug] tid=3101420 event=exit_evaluator_thread:begin
[nanopynix-gc-thread-debug] tid=3101420 event=gc_thread_registration:released
[nanopynix-gc-thread-debug] tid=3101420 event=exit_evaluator_thread:unregistered
[nanopynix-gc-thread-debug] tid=3101428 event=enter_evaluator_thread:begin
[nanopynix-gc-thread-debug] tid=3101428 event=gc_thread_registration:acquired
[nanopynix-gc-thread-debug] tid=3101428 event=enter_evaluator_thread:registered
[nanopynix-gc-thread-debug] tid=3101428 event=exit_evaluator_thread:begin
[nanopynix-gc-thread-debug] tid=3101428 event=gc_thread_registration:released
[nanopynix-gc-thread-debug] tid=3101428 event=exit_evaluator_thread:unregistered
[nanopynix-gc-thread-debug] tid=3101431 event=enter_evaluator_thread:begin
[nanopynix-gc-thread-debug] tid=3101431 event=gc_thread_registration:acquired
[nanopynix-gc-thread-debug] tid=3101431 event=enter_evaluator_thread:registered
[nanopynix-gc-thread-debug] tid=3101431 event=exit_evaluator_thread:begin
[nanopynix-gc-thread-debug] tid=3101431 event=gc_thread_registration:released
[nanopynix-gc-thread-debug] tid=3101431 event=exit_evaluator_thread:unregistered
[nanopynix-gc-thread-debug] tid=3101439 event=enter_evaluator_thread:begin
[nanopynix-gc-thread-debug] tid=3101439 event=gc_thread_registration:acquired
[nanopynix-gc-thread-debug] tid=3101439 event=enter_evaluator_thread:registered
[nanopynix-gc-thread-debug] tid=3101439 event=exit_evaluator_thread:begin
[nanopynix-gc-thread-debug] tid=3101439 event=gc_thread_registration:released
[nanopynix-gc-thread-debug] tid=3101439 event=exit_evaluator_thread:unregistered
[nanopynix-gc-thread-debug] tid=3101442 event=enter_evaluator_thread:begin
[nanopynix-gc-thread-debug] tid=3101442 event=gc_thread_registration:acquired
[nanopynix-gc-thread-debug] tid=3101442 event=enter_evaluator_thread:registered
[nanopynix-gc-thread-debug] tid=3101442 event=exit_evaluator_thread:begin
[nanopynix-gc-thread-debug] tid=3101442 event=gc_thread_registration:released
[nanopynix-gc-thread-debug] tid=3101442 event=exit_evaluator_thread:unregistered
[nanopynix-gc-thread-debug] tid=3101450 event=enter_evaluator_thread:begin
[nanopynix-gc-thread-debug] tid=3101450 event=gc_thread_registration:acquired
[nanopynix-gc-thread-debug] tid=3101450 event=enter_evaluator_thread:registered
[nanopynix-gc-thread-debug] tid=3101450 event=exit_evaluator_thread:begin
[nanopynix-gc-thread-debug] tid=3101450 event=gc_thread_registration:released
[nanopynix-gc-thread-debug] tid=3101450 event=exit_evaluator_thread:unregistered
[nanopynix-gc-thread-debug] tid=3101453 event=enter_evaluator_thread:begin
[nanopynix-gc-thread-debug] tid=3101453 event=gc_thread_registration:acquired
[nanopynix-gc-thread-debug] tid=3101453 event=enter_evaluator_thread:registered
[nanopynix-gc-thread-debug] tid=3101453 event=exit_evaluator_thread:begin
[nanopynix-gc-thread-debug] tid=3101453 event=gc_thread_registration:released
[nanopynix-gc-thread-debug] tid=3101453 event=exit_evaluator_thread:unregistered
[nanopynix-gc-thread-debug] tid=3101461 event=enter_evaluator_thread:begin
[nanopynix-gc-thread-debug] tid=3101461 event=gc_thread_registration:acquired
[nanopynix-gc-thread-debug] tid=3101461 event=enter_evaluator_thread:registered
[nanopynix-gc-thread-debug] tid=3101461 event=exit_evaluator_thread:begin
[nanopynix-gc-thread-debug] tid=3101461 event=gc_thread_registration:released
[nanopynix-gc-thread-debug] tid=3101461 event=exit_evaluator_thread:unregistered
[nanopynix-gc-thread-debug] tid=3101464 event=enter_evaluator_thread:begin
[nanopynix-gc-thread-debug] tid=3101464 event=gc_thread_registration:acquired
[nanopynix-gc-thread-debug] tid=3101464 event=enter_evaluator_thread:registered
[nanopynix-gc-thread-debug] tid=3101464 event=exit_evaluator_thread:begin
[nanopynix-gc-thread-debug] tid=3101464 event=gc_thread_registration:released
[nanopynix-gc-thread-debug] tid=3101464 event=exit_evaluator_thread:unregistered
[nanopynix-gc-thread-debug] tid=3101472 event=enter_evaluator_thread:begin
[nanopynix-gc-thread-debug] tid=3101472 event=gc_thread_registration:acquired
[nanopynix-gc-thread-debug] tid=3101472 event=enter_evaluator_thread:registered
[nanopynix-gc-thread-debug] tid=3101472 event=exit_evaluator_thread:begin
[nanopynix-gc-thread-debug] tid=3101472 event=gc_thread_registration:released
[nanopynix-gc-thread-debug] tid=3101472 event=exit_evaluator_thread:unregistered
[nanopynix-gc-thread-debug] tid=3101475 event=enter_evaluator_thread:begin
[nanopynix-gc-thread-debug] tid=3101475 event=gc_thread_registration:acquired
[nanopynix-gc-thread-debug] tid=3101475 event=enter_evaluator_thread:registered
[nanopynix-gc-thread-debug] tid=3101475 event=exit_evaluator_thread:begin
[nanopynix-gc-thread-debug] tid=3101475 event=gc_thread_registration:released
[nanopynix-gc-thread-debug] tid=3101475 event=exit_evaluator_thread:unregistered
[nanopynix-gc-thread-debug] tid=3101483 event=enter_evaluator_thread:begin
[nanopynix-gc-thread-debug] tid=3101483 event=gc_thread_registration:acquired
[nanopynix-gc-thread-debug] tid=3101483 event=enter_evaluator_thread:registered
[nanopynix-gc-thread-debug] tid=3101483 event=exit_evaluator_thread:begin
[nanopynix-gc-thread-debug] tid=3101483 event=gc_thread_registration:released
[nanopynix-gc-thread-debug] tid=3101483 event=exit_evaluator_thread:unregistered
[nanopynix-gc-thread-debug] tid=3101486 event=enter_evaluator_thread:begin
[nanopynix-gc-thread-debug] tid=3101486 event=gc_thread_registration:acquired
[nanopynix-gc-thread-debug] tid=3101486 event=enter_evaluator_thread:registered
[nanopynix-gc-thread-debug] tid=3101486 event=exit_evaluator_thread:begin
[nanopynix-gc-thread-debug] tid=3101486 event=gc_thread_registration:released
[nanopynix-gc-thread-debug] tid=3101486 event=exit_evaluator_thread:unregistered
[nanopynix-gc-thread-debug] tid=3101488 event=enter_evaluator_thread:begin
[nanopynix-gc-thread-debug] tid=3101488 event=gc_thread_registration:acquired
[nanopynix-gc-thread-debug] tid=3101488 event=enter_evaluator_thread:registered
[nanopynix-gc-thread-debug] tid=3101488 event=exit_evaluator_thread:begin
[nanopynix-gc-thread-debug] tid=3101488 event=gc_thread_registration:released
[nanopynix-gc-thread-debug] tid=3101488 event=exit_evaluator_thread:unregistered
[nanopynix-gc-thread-debug] tid=3101490 event=enter_evaluator_thread:begin
[nanopynix-gc-thread-debug] tid=3101490 event=gc_thread_registration:acquired
[nanopynix-gc-thread-debug] tid=3101490 event=enter_evaluator_thread:registered
[nanopynix-gc-thread-debug] tid=3101490 event=exit_evaluator_thread:begin
[nanopynix-gc-thread-debug] tid=3101490 event=gc_thread_registration:released
[nanopynix-gc-thread-debug] tid=3101490 event=exit_evaluator_thread:unregistered
[nanopynix-gc-thread-debug] tid=3101498 event=enter_evaluator_thread:begin
[nanopynix-gc-thread-debug] tid=3101498 event=gc_thread_registration:acquired
[nanopynix-gc-thread-debug] tid=3101498 event=enter_evaluator_thread:registered
[nanopynix-gc-thread-debug] tid=3101498 event=exit_evaluator_thread:begin
[nanopynix-gc-thread-debug] tid=3101498 event=gc_thread_registration:released
[nanopynix-gc-thread-debug] tid=3101498 event=exit_evaluator_thread:unregistered
[nanopynix-gc-thread-debug] tid=3101501 event=enter_evaluator_thread:begin
[nanopynix-gc-thread-debug] tid=3101501 event=gc_thread_registration:acquired
[nanopynix-gc-thread-debug] tid=3101501 event=enter_evaluator_thread:registered
[nanopynix-gc-thread-debug] tid=3101501 event=exit_evaluator_thread:begin
[nanopynix-gc-thread-debug] tid=3101501 event=gc_thread_registration:released
[nanopynix-gc-thread-debug] tid=3101501 event=exit_evaluator_thread:unregistered
[nanopynix-gc-thread-debug] tid=3101503 event=enter_evaluator_thread:begin
[nanopynix-gc-thread-debug] tid=3101503 event=gc_thread_registration:acquired
[nanopynix-gc-thread-debug] tid=3101503 event=enter_evaluator_thread:registered
[nanopynix-gc-thread-debug] tid=3101503 event=exit_evaluator_thread:begin
[nanopynix-gc-thread-debug] tid=3101503 event=gc_thread_registration:released
[nanopynix-gc-thread-debug] tid=3101503 event=exit_evaluator_thread:unregistered
[nanopynix-gc-thread-debug] tid=3101505 event=enter_evaluator_thread:begin
[nanopynix-gc-thread-debug] tid=3101505 event=gc_thread_registration:acquired
[nanopynix-gc-thread-debug] tid=3101505 event=enter_evaluator_thread:registered
[nanopynix-gc-thread-debug] tid=3101505 event=exit_evaluator_thread:begin
[nanopynix-gc-thread-debug] tid=3101505 event=gc_thread_registration:released
[nanopynix-gc-thread-debug] tid=3101505 event=exit_evaluator_thread:unregistered
[nanopynix-gc-thread-debug] tid=3101507 event=enter_evaluator_thread:begin
[nanopynix-gc-thread-debug] tid=3101507 event=gc_thread_registration:acquired
[nanopynix-gc-thread-debug] tid=3101507 event=enter_evaluator_thread:registered
[nanopynix-gc-thread-debug] tid=3101507 event=exit_evaluator_thread:begin
[nanopynix-gc-thread-debug] tid=3101507 event=gc_thread_registration:released
[nanopynix-gc-thread-debug] tid=3101507 event=exit_evaluator_thread:unregistered
[nanopynix-gc-thread-debug] tid=3101509 event=enter_evaluator_thread:begin
[nanopynix-gc-thread-debug] tid=3101509 event=gc_thread_registration:acquired
[nanopynix-gc-thread-debug] tid=3101509 event=enter_evaluator_thread:registered
[nanopynix-gc-thread-debug] tid=3101509 event=exit_evaluator_thread:begin
[nanopynix-gc-thread-debug] tid=3101509 event=gc_thread_registration:released
[nanopynix-gc-thread-debug] tid=3101509 event=exit_evaluator_thread:unregistered
[nanopynix-gc-thread-debug] tid=3101511 event=enter_evaluator_thread:begin
[nanopynix-gc-thread-debug] tid=3101511 event=gc_thread_registration:acquired
[nanopynix-gc-thread-debug] tid=3101511 event=enter_evaluator_thread:registered
[nanopynix-gc-thread-debug] tid=3101511 event=exit_evaluator_thread:begin
[nanopynix-gc-thread-debug] tid=3101511 event=gc_thread_registration:released
[nanopynix-gc-thread-debug] tid=3101511 event=exit_evaluator_thread:unregistered
[nanopynix-gc-thread-debug] tid=3101519 event=enter_evaluator_thread:begin
[nanopynix-gc-thread-debug] tid=3101519 event=gc_thread_registration:acquired
[nanopynix-gc-thread-debug] tid=3101519 event=enter_evaluator_thread:registered
[nanopynix-gc-thread-debug] tid=3101519 event=exit_evaluator_thread:begin
[nanopynix-gc-thread-debug] tid=3101519 event=gc_thread_registration:released
[nanopynix-gc-thread-debug] tid=3101519 event=exit_evaluator_thread:unregistered
[nanopynix-gc-thread-debug] tid=3101528 event=enter_evaluator_thread:begin
[nanopynix-gc-thread-debug] tid=3101528 event=gc_thread_registration:acquired
[nanopynix-gc-thread-debug] tid=3101528 event=enter_evaluator_thread:registered
[nanopynix-gc-thread-debug] tid=3101528 event=exit_evaluator_thread:begin
[nanopynix-gc-thread-debug] tid=3101528 event=gc_thread_registration:released
[nanopynix-gc-thread-debug] tid=3101528 event=exit_evaluator_thread:unregistered
[nanopynix-gc-thread-debug] tid=3101537 event=enter_evaluator_thread:begin
[nanopynix-gc-thread-debug] tid=3101537 event=gc_thread_registration:acquired
[nanopynix-gc-thread-debug] tid=3101537 event=enter_evaluator_thread:registered
[nanopynix-gc-thread-debug] tid=3101537 event=exit_evaluator_thread:begin
[nanopynix-gc-thread-debug] tid=3101537 event=gc_thread_registration:released
[nanopynix-gc-thread-debug] tid=3101537 event=exit_evaluator_thread:unregistered
[nanopynix-gc-thread-debug] tid=3101757 event=enter_evaluator_thread:begin
[nanopynix-gc-thread-debug] tid=3101757 event=gc_thread_registration:acquired
[nanopynix-gc-thread-debug] tid=3101757 event=enter_evaluator_thread:registered
[nanopynix-gc-thread-debug] tid=3101757 event=exit_evaluator_thread:begin
[nanopynix-gc-thread-debug] tid=3101757 event=gc_thread_registration:released
[nanopynix-gc-thread-debug] tid=3101757 event=exit_evaluator_thread:unregistered
[nanopynix-gc-thread-debug] tid=3101765 event=enter_evaluator_thread:begin
[nanopynix-gc-thread-debug] tid=3101765 event=gc_thread_registration:acquired
[nanopynix-gc-thread-debug] tid=3101765 event=enter_evaluator_thread:registered
[nanopynix-gc-thread-debug] tid=3101765 event=exit_evaluator_thread:begin
[nanopynix-gc-thread-debug] tid=3101765 event=gc_thread_registration:released
[nanopynix-gc-thread-debug] tid=3101765 event=exit_evaluator_thread:unregistered
[nanopynix-gc-thread-debug] tid=3101822 event=enter_evaluator_thread:begin
[nanopynix-gc-thread-debug] tid=3101822 event=gc_thread_registration:acquired
[nanopynix-gc-thread-debug] tid=3101822 event=enter_evaluator_thread:registered
[nanopynix-gc-thread-debug] tid=3101822 event=exit_evaluator_thread:begin
[nanopynix-gc-thread-debug] tid=3101822 event=gc_thread_registration:released
[nanopynix-gc-thread-debug] tid=3101822 event=exit_evaluator_thread:unregistered
[nanopynix-gc-thread-debug] tid=3101830 event=enter_evaluator_thread:begin
[nanopynix-gc-thread-debug] tid=3101830 event=gc_thread_registration:acquired
[nanopynix-gc-thread-debug] tid=3101830 event=enter_evaluator_thread:registered
[nanopynix-gc-thread-debug] tid=3101830 event=exit_evaluator_thread:begin
[nanopynix-gc-thread-debug] tid=3101830 event=gc_thread_registration:released
[nanopynix-gc-thread-debug] tid=3101830 event=exit_evaluator_thread:unregistered
[nanopynix-gc-thread-debug] tid=3101862 event=enter_evaluator_thread:begin
[nanopynix-gc-thread-debug] tid=3101862 event=gc_thread_registration:acquired
[nanopynix-gc-thread-debug] tid=3101862 event=enter_evaluator_thread:registered
[nanopynix-gc-thread-debug] tid=3101862 event=exit_evaluator_thread:begin
[nanopynix-gc-thread-debug] tid=3101862 event=gc_thread_registration:released
[nanopynix-gc-thread-debug] tid=3101862 event=exit_evaluator_thread:unregistered
[nanopynix-gc-thread-debug] tid=3101870 event=enter_evaluator_thread:begin
[nanopynix-gc-thread-debug] tid=3101870 event=gc_thread_registration:acquired
[nanopynix-gc-thread-debug] tid=3101870 event=enter_evaluator_thread:registered
[nanopynix-gc-thread-debug] tid=3101870 event=exit_evaluator_thread:begin
[nanopynix-gc-thread-debug] tid=3101870 event=gc_thread_registration:released
[nanopynix-gc-thread-debug] tid=3101870 event=exit_evaluator_thread:unregistered
[nanopynix-gc-thread-debug] tid=3101873 event=enter_evaluator_thread:begin
[nanopynix-gc-thread-debug] tid=3101873 event=gc_thread_registration:acquired
[nanopynix-gc-thread-debug] tid=3101873 event=enter_evaluator_thread:registered
[nanopynix-gc-thread-debug] tid=3101874 event=enter_evaluator_thread:begin
[nanopynix-gc-thread-debug] tid=3101874 event=gc_thread_registration:acquired
[nanopynix-gc-thread-debug] tid=3101874 event=enter_evaluator_thread:registered
[nanopynix-gc-thread-debug] tid=3101874 event=exit_evaluator_thread:begin
[nanopynix-gc-thread-debug] tid=3101874 event=gc_thread_registration:released
[nanopynix-gc-thread-debug] tid=3101874 event=exit_evaluator_thread:unregistered
[nanopynix-gc-thread-debug] tid=3101873 event=exit_evaluator_thread:begin
[nanopynix-gc-thread-debug] tid=3101873 event=gc_thread_registration:released
[nanopynix-gc-thread-debug] tid=3101873 event=exit_evaluator_thread:unregistered
[nanopynix-gc-thread-debug] tid=3101882 event=enter_evaluator_thread:begin
[nanopynix-gc-thread-debug] tid=3101882 event=gc_thread_registration:acquired
[nanopynix-gc-thread-debug] tid=3101882 event=enter_evaluator_thread:registered
[nanopynix-gc-thread-debug] tid=3101883 event=enter_evaluator_thread:begin
[nanopynix-gc-thread-debug] tid=3101883 event=gc_thread_registration:acquired
[nanopynix-gc-thread-debug] tid=3101883 event=enter_evaluator_thread:registered
[nanopynix-gc-thread-debug] tid=3101883 event=exit_evaluator_thread:begin
[nanopynix-gc-thread-debug] tid=3101883 event=gc_thread_registration:released
[nanopynix-gc-thread-debug] tid=3101883 event=exit_evaluator_thread:unregistered
[nanopynix-gc-thread-debug] tid=3101882 event=exit_evaluator_thread:begin
[nanopynix-gc-thread-debug] tid=3101882 event=gc_thread_registration:released
[nanopynix-gc-thread-debug] tid=3101882 event=exit_evaluator_thread:unregistered
[nanopynix-gc-thread-debug] tid=3101886 event=enter_evaluator_thread:begin
[nanopynix-gc-thread-debug] tid=3101886 event=gc_thread_registration:acquired
[nanopynix-gc-thread-debug] tid=3101886 event=enter_evaluator_thread:registered
[nanopynix-gc-thread-debug] tid=3101886 event=exit_evaluator_thread:begin
[nanopynix-gc-thread-debug] tid=3101886 event=gc_thread_registration:released
[nanopynix-gc-thread-debug] tid=3101886 event=exit_evaluator_thread:unregistered
[nanopynix-gc-thread-debug] tid=3101894 event=enter_evaluator_thread:begin
[nanopynix-gc-thread-debug] tid=3101894 event=gc_thread_registration:acquired
[nanopynix-gc-thread-debug] tid=3101894 event=enter_evaluator_thread:registered
[nanopynix-gc-thread-debug] tid=3101894 event=exit_evaluator_thread:begin
[nanopynix-gc-thread-debug] tid=3101894 event=gc_thread_registration:released
[nanopynix-gc-thread-debug] tid=3101894 event=exit_evaluator_thread:unregistered
[nanopynix-gc-thread-debug] tid=3101897 event=enter_evaluator_thread:begin
[nanopynix-gc-thread-debug] tid=3101897 event=gc_thread_registration:acquired
[nanopynix-gc-thread-debug] tid=3101897 event=enter_evaluator_thread:registered
[nanopynix-gc-thread-debug] tid=3101898 event=enter_evaluator_thread:begin
[nanopynix-gc-thread-debug] tid=3101898 event=gc_thread_registration:acquired
[nanopynix-gc-thread-debug] tid=3101898 event=enter_evaluator_thread:registered
[nanopynix-gc-thread-debug] tid=3101898 event=exit_evaluator_thread:begin
[nanopynix-gc-thread-debug] tid=3101898 event=gc_thread_registration:released
[nanopynix-gc-thread-debug] tid=3101898 event=exit_evaluator_thread:unregistered
[nanopynix-gc-thread-debug] tid=3101897 event=exit_evaluator_thread:begin
[nanopynix-gc-thread-debug] tid=3101897 event=gc_thread_registration:released
[nanopynix-gc-thread-debug] tid=3101897 event=exit_evaluator_thread:unregistered
[nanopynix-gc-thread-debug] tid=3101906 event=enter_evaluator_thread:begin
[nanopynix-gc-thread-debug] tid=3101906 event=gc_thread_registration:acquired
[nanopynix-gc-thread-debug] tid=3101906 event=enter_evaluator_thread:registered
[nanopynix-gc-thread-debug] tid=3101907 event=enter_evaluator_thread:begin
[nanopynix-gc-thread-debug] tid=3101907 event=gc_thread_registration:acquired
[nanopynix-gc-thread-debug] tid=3101907 event=enter_evaluator_thread:registered
[nanopynix-gc-thread-debug] tid=3101907 event=exit_evaluator_thread:begin
[nanopynix-gc-thread-debug] tid=3101907 event=gc_thread_registration:released
[nanopynix-gc-thread-debug] tid=3101907 event=exit_evaluator_thread:unregistered
[nanopynix-gc-thread-debug] tid=3101906 event=exit_evaluator_thread:begin
[nanopynix-gc-thread-debug] tid=3101906 event=gc_thread_registration:released
[nanopynix-gc-thread-debug] tid=3101906 event=exit_evaluator_thread:unregistered
[nanopynix-gc-thread-debug] tid=3101910 event=enter_evaluator_thread:begin
[nanopynix-gc-thread-debug] tid=3101910 event=gc_thread_registration:acquired
[nanopynix-gc-thread-debug] tid=3101910 event=enter_evaluator_thread:registered
[nanopynix-gc-thread-debug] tid=3101910 event=exit_evaluator_thread:begin
[nanopynix-gc-thread-debug] tid=3101910 event=gc_thread_registration:released
[nanopynix-gc-thread-debug] tid=3101910 event=exit_evaluator_thread:unregistered
[nanopynix-gc-thread-debug] tid=3101913 event=enter_evaluator_thread:begin
[nanopynix-gc-thread-debug] tid=3101913 event=gc_thread_registration:acquired
[nanopynix-gc-thread-debug] tid=3101913 event=enter_evaluator_thread:registered
[nanopynix-gc-thread-debug] tid=3101913 event=exit_evaluator_thread:begin
[nanopynix-gc-thread-debug] tid=3101913 event=gc_thread_registration:released
[nanopynix-gc-thread-debug] tid=3101913 event=exit_evaluator_thread:unregistered
[nanopynix-gc-thread-debug] tid=3101921 event=enter_evaluator_thread:begin
[nanopynix-gc-thread-debug] tid=3101921 event=gc_thread_registration:acquired
[nanopynix-gc-thread-debug] tid=3101921 event=enter_evaluator_thread:registered
[nanopynix-gc-thread-debug] tid=3101921 event=exit_evaluator_thread:begin
[nanopynix-gc-thread-debug] tid=3101921 event=gc_thread_registration:released
[nanopynix-gc-thread-debug] tid=3101921 event=exit_evaluator_thread:unregistered
[nanopynix-gc-thread-debug] tid=3101938 event=enter_evaluator_thread:begin
[nanopynix-gc-thread-debug] tid=3101938 event=gc_thread_registration:acquired
[nanopynix-gc-thread-debug] tid=3101938 event=enter_evaluator_thread:registered
[nanopynix-gc-thread-debug] tid=3101938 event=exit_evaluator_thread:begin
[nanopynix-gc-thread-debug] tid=3101938 event=gc_thread_registration:released
[nanopynix-gc-thread-debug] tid=3101938 event=exit_evaluator_thread:unregistered
[nanopynix-gc-thread-debug] tid=3102016 event=enter_evaluator_thread:begin
[nanopynix-gc-thread-debug] tid=3102016 event=gc_thread_registration:acquired
[nanopynix-gc-thread-debug] tid=3102016 event=enter_evaluator_thread:registered
[nanopynix-gc-thread-debug] tid=3102016 event=exit_evaluator_thread:begin
[nanopynix-gc-thread-debug] tid=3102016 event=gc_thread_registration:released
[nanopynix-gc-thread-debug] tid=3102016 event=exit_evaluator_thread:unregistered
[nanopynix-gc-thread-debug] tid=3102094 event=enter_evaluator_thread:begin
[nanopynix-gc-thread-debug] tid=3102094 event=gc_thread_registration:acquired
[nanopynix-gc-thread-debug] tid=3102094 event=enter_evaluator_thread:registered
[nanopynix-gc-thread-debug] tid=3102094 event=exit_evaluator_thread:begin
[nanopynix-gc-thread-debug] tid=3102094 event=gc_thread_registration:released
[nanopynix-gc-thread-debug] tid=3102094 event=exit_evaluator_thread:unregistered
[nanopynix-gc-thread-debug] tid=3102172 event=enter_evaluator_thread:begin
[nanopynix-gc-thread-debug] tid=3102172 event=gc_thread_registration:acquired
[nanopynix-gc-thread-debug] tid=3102172 event=enter_evaluator_thread:registered
[nanopynix-gc-thread-debug] tid=3102172 event=exit_evaluator_thread:begin
[nanopynix-gc-thread-debug] tid=3102172 event=gc_thread_registration:released
[nanopynix-gc-thread-debug] tid=3102172 event=exit_evaluator_thread:unregistered
[nanopynix-gc-thread-debug] tid=3102186 event=enter_evaluator_thread:begin
[nanopynix-gc-thread-debug] tid=3102186 event=gc_thread_registration:acquired
[nanopynix-gc-thread-debug] tid=3102186 event=enter_evaluator_thread:registered
[nanopynix-gc-thread-debug] tid=3102186 event=exit_evaluator_thread:begin
[nanopynix-gc-thread-debug] tid=3102186 event=gc_thread_registration:released
[nanopynix-gc-thread-debug] tid=3102186 event=exit_evaluator_thread:unregistered
[nanopynix-gc-thread-debug] tid=3102289 event=enter_evaluator_thread:begin
[nanopynix-gc-thread-debug] tid=3102289 event=gc_thread_registration:acquired
[nanopynix-gc-thread-debug] tid=3102289 event=enter_evaluator_thread:registered
[nanopynix-gc-thread-debug] tid=3102289 event=exit_evaluator_thread:begin
[nanopynix-gc-thread-debug] tid=3102289 event=gc_thread_registration:released
[nanopynix-gc-thread-debug] tid=3102289 event=exit_evaluator_thread:unregistered
[nanopynix-gc-thread-debug] tid=3102336 event=enter_evaluator_thread:begin
[nanopynix-gc-thread-debug] tid=3102336 event=gc_thread_registration:acquired
[nanopynix-gc-thread-debug] tid=3102336 event=enter_evaluator_thread:registered
[nanopynix-gc-thread-debug] tid=3102336 event=exit_evaluator_thread:begin
[nanopynix-gc-thread-debug] tid=3102336 event=gc_thread_registration:released
[nanopynix-gc-thread-debug] tid=3102336 event=exit_evaluator_thread:unregistered
[nanopynix-gc-thread-debug] tid=3102415 event=enter_evaluator_thread:begin
[nanopynix-gc-thread-debug] tid=3102415 event=gc_thread_registration:acquired
[nanopynix-gc-thread-debug] tid=3102415 event=enter_evaluator_thread:registered
[nanopynix-gc-thread-debug] tid=3102415 event=exit_evaluator_thread:begin
[nanopynix-gc-thread-debug] tid=3102415 event=gc_thread_registration:released
[nanopynix-gc-thread-debug] tid=3102415 event=exit_evaluator_thread:unregistered
[nanopynix-gc-thread-debug] tid=3102425 event=enter_evaluator_thread:begin
[nanopynix-gc-thread-debug] tid=3102425 event=gc_thread_registration:acquired
[nanopynix-gc-thread-debug] tid=3102425 event=enter_evaluator_thread:registered
[nanopynix-gc-thread-debug] tid=3102425 event=exit_evaluator_thread:begin
[nanopynix-gc-thread-debug] tid=3102425 event=gc_thread_registration:released
[nanopynix-gc-thread-debug] tid=3102425 event=exit_evaluator_thread:unregistered
[nanopynix-gc-thread-debug] tid=3102448 event=enter_evaluator_thread:begin
[nanopynix-gc-thread-debug] tid=3102448 event=gc_thread_registration:acquired
[nanopynix-gc-thread-debug] tid=3102448 event=enter_evaluator_thread:registered
[nanopynix-gc-thread-debug] tid=3102448 event=exit_evaluator_thread:begin
[nanopynix-gc-thread-debug] tid=3102448 event=gc_thread_registration:released
[nanopynix-gc-thread-debug] tid=3102448 event=exit_evaluator_thread:unregistered
[nanopynix-gc-thread-debug] tid=3102503 event=enter_evaluator_thread:begin
[nanopynix-gc-thread-debug] tid=3102503 event=gc_thread_registration:acquired
[nanopynix-gc-thread-debug] tid=3102503 event=enter_evaluator_thread:registered
[nanopynix-gc-thread-debug] tid=3102503 event=exit_evaluator_thread:begin
[nanopynix-gc-thread-debug] tid=3102503 event=gc_thread_registration:released
[nanopynix-gc-thread-debug] tid=3102503 event=exit_evaluator_thread:unregistered
[nanopynix-gc-thread-debug] tid=3102521 event=enter_evaluator_thread:begin
[nanopynix-gc-thread-debug] tid=3102521 event=gc_thread_registration:acquired
[nanopynix-gc-thread-debug] tid=3102521 event=enter_evaluator_thread:registered
[nanopynix-gc-thread-debug] tid=3102521 event=exit_evaluator_thread:begin
[nanopynix-gc-thread-debug] tid=3102521 event=gc_thread_registration:released
[nanopynix-gc-thread-debug] tid=3102521 event=exit_evaluator_thread:unregistered
[nanopynix-gc-thread-debug] tid=3102530 event=enter_evaluator_thread:begin
[nanopynix-gc-thread-debug] tid=3102530 event=gc_thread_registration:acquired
[nanopynix-gc-thread-debug] tid=3102530 event=enter_evaluator_thread:registered
[nanopynix-gc-thread-debug] tid=3102530 event=exit_evaluator_thread:begin
[nanopynix-gc-thread-debug] tid=3102530 event=gc_thread_registration:released
[nanopynix-gc-thread-debug] tid=3102530 event=exit_evaluator_thread:unregistered
[nanopynix-gc-thread-debug] tid=3102555 event=enter_evaluator_thread:begin
[nanopynix-gc-thread-debug] tid=3102555 event=gc_thread_registration:acquired
[nanopynix-gc-thread-debug] tid=3102555 event=enter_evaluator_thread:registered
[nanopynix-gc-thread-debug] tid=3102555 event=exit_evaluator_thread:begin
[nanopynix-gc-thread-debug] tid=3102555 event=gc_thread_registration:released
[nanopynix-gc-thread-debug] tid=3102555 event=exit_evaluator_thread:unregistered
[nanopynix-gc-thread-debug] tid=3102567 event=enter_evaluator_thread:begin
[nanopynix-gc-thread-debug] tid=3102567 event=gc_thread_registration:acquired
[nanopynix-gc-thread-debug] tid=3102567 event=enter_evaluator_thread:registered
