=== TSAN run 1 ===
/nix/store/xdhampxgcaq13aah0q0lmq0zbdmx9yki-nanopynix-test-env/lib/python3.14/site-packages/hypothesis/_settings.py:1098: HypothesisWarning: The database setting is not configured, and the default location is unusable - falling back to an in-memory database for this session.  path=PosixPath('/nix/store/068zcmrz9dbz5w3kdja5bvbybfk1783n-nanopynix-source/.hypothesis/examples')
  value = getattr(self, name)
/nix/store/xdhampxgcaq13aah0q0lmq0zbdmx9yki-nanopynix-test-env/lib/python3.14/site-packages/hypothesis/_settings.py:1099: HypothesisWarning: The database setting is not configured, and the default location is unusable - falling back to an in-memory database for this session.  path=PosixPath('/nix/store/068zcmrz9dbz5w3kdja5bvbybfk1783n-nanopynix-source/.hypothesis/examples')
  if value != getattr(default, name):
============================= test session starts ==============================
platform linux -- Python 3.14.7, pytest-9.1.1, pluggy-1.6.0 -- /nix/store/xdhampxgcaq13aah0q0lmq0zbdmx9yki-nanopynix-test-env/bin/python3.14
hypothesis profile 'default' -> database=InMemoryExampleDatabase({})
rootdir: /nix/store/068zcmrz9dbz5w3kdja5bvbybfk1783n-nanopynix-source
configfile: pytest.ini
testpaths: tests, nanopynix/tests, nanopynix-helpers/tests, pynix/tests, pynix-lsp/tests
plugins: anyio-4.14.2, hypothesis-6.156.1, cov-7.1.0, dependency-0.6.1, forked-1.6.0, xdist-3.8.0, lsp-1.0.1, asyncio-1.4.0
asyncio: mode=Mode.STRICT, debug=False, asyncio_default_fixture_loop_scope=None, asyncio_default_test_loop_scope=function
collecting ... collected 3765 items / 3761 deselected / 4 selected

nanopynix/tests/test_concurrent_soak.py::test_soak_inproc[local] SOAK BEGIN seed=1 lanes=8 tests=77 roster=sha256:f79eb9dbfc68391d
SOAK     0.001 lane=2 START nanopynix/tests/bindings/test_value_accessor_types.py::test_an_int_read_as_a_string_names_both_types
SOAK     0.001 lane=3 START nanopynix/tests/inproc/test_inproc.py::test_inproc_selection_on_a_released_value_raises_at_selection
SOAK     0.002 lane=5 START nanopynix/tests/test_scalar_accessor_semantics.py::test_apply_accepts_an_already_evaluated_function
SOAK     0.003 lane=6 START nanopynix/tests/inproc/test_inproc.py::test_inproc_value_build_raises_on_build_failure
SOAK     0.007 lane=0 START nanopynix/tests/test_store_dump_db.py::test_the_records_follow_the_order_of_the_argument
SOAK     0.007 lane=1 START nanopynix/tests/inproc/test_inproc.py::test_inproc_locked_flake_facade
SOAK     0.013 lane=4 START nanopynix/tests/inproc/test_inproc.py::test_inproc_locked_flake_release_is_idempotent
SOAK     0.018 lane=7 START nanopynix/tests/inproc/test_inproc.py::test_inproc_eval_flake
SOAK     0.073 lane=3 END   nanopynix/tests/inproc/test_inproc.py::test_inproc_selection_on_a_released_value_raises_at_selection ok
SOAK     0.079 lane=3 START nanopynix/tests/inproc/test_inproc.py::test_inproc_copy_closure_copies_between_two_stores_in_one_session
SOAK     0.081 lane=2 END   nanopynix/tests/bindings/test_value_accessor_types.py::test_an_int_read_as_a_string_names_both_types ok
SOAK     0.084 lane=2 START nanopynix/tests/test_stores.py::test_a_store_root_that_came_back_is_not_the_old_store
SOAK     0.091 lane=4 END   nanopynix/tests/inproc/test_inproc.py::test_inproc_locked_flake_release_is_idempotent ok
SOAK     0.094 lane=4 START nanopynix/tests/inproc/test_inproc.py::test_inproc_repl_load_file_and_add_attrs
SOAK     0.096 lane=5 END   nanopynix/tests/test_scalar_accessor_semantics.py::test_apply_accepts_an_already_evaluated_function ok
SOAK     0.096 lane=5 START nanopynix/tests/inproc/test_inproc.py::test_inproc_store_collect_garbage_return_dead
SOAK     0.185 lane=7 END   nanopynix/tests/inproc/test_inproc.py::test_inproc_eval_flake ok
SOAK     0.185 lane=7 START nanopynix/tests/inproc/test_inproc_cancel.py::test_a_cancelled_interruptible_operation_frees_the_evaluator
SOAK     0.196 lane=0 END   nanopynix/tests/test_store_dump_db.py::test_the_records_follow_the_order_of_the_argument ok
SOAK     0.196 lane=0 START nanopynix/tests/inproc/test_inproc.py::test_inproc_value_build_rejects_store_from_different_session
SOAK     0.230 lane=1 END   nanopynix/tests/inproc/test_inproc.py::test_inproc_locked_flake_facade ok
SOAK     0.237 lane=4 END   nanopynix/tests/inproc/test_inproc.py::test_inproc_repl_load_file_and_add_attrs ok
SOAK     0.237 lane=4 START nanopynix/tests/inproc/test_inproc.py::test_inproc_value_attr_names
SOAK     0.253 lane=1 START nanopynix/tests/test_stores.py::test_two_handles_on_one_local_store_share_the_temp_roots_file
SOAK     0.253 lane=0 END   nanopynix/tests/inproc/test_inproc.py::test_inproc_value_build_rejects_store_from_different_session ok
SOAK     0.253 lane=0 START nanopynix/tests/test_store_engine_parity_semantics.py::test_a_bare_drv_round_trips_through_its_own_reply
SOAK     0.287 lane=3 END   nanopynix/tests/inproc/test_inproc.py::test_inproc_copy_closure_copies_between_two_stores_in_one_session ok
SOAK     0.310 lane=3 START nanopynix/tests/inproc/test_inproc.py::test_inproc_repl_requires_open_repl
SOAK     0.496 lane=4 END   nanopynix/tests/inproc/test_inproc.py::test_inproc_value_attr_names ok
SOAK     0.500 lane=4 START nanopynix/tests/inproc/test_inproc.py::test_inproc_eval_close_releases_values_left_open
SOAK     0.507 lane=5 END   nanopynix/tests/inproc/test_inproc.py::test_inproc_store_collect_garbage_return_dead ok
SOAK     0.508 lane=5 START nanopynix/tests/inproc/test_inproc.py::test_inproc_store_not_open_raises
SOAK     0.508 lane=5 END   nanopynix/tests/inproc/test_inproc.py::test_inproc_store_not_open_raises ok
SOAK     0.508 lane=5 START nanopynix/tests/inproc/test_inproc.py::test_inproc_store_uri_and_store_dir
SOAK     0.533 lane=0 END   nanopynix/tests/test_store_engine_parity_semantics.py::test_a_bare_drv_round_trips_through_its_own_reply ok
SOAK     0.533 lane=0 START nanopynix/tests/test_repl_scope_capacity.py::test_inproc_fills_the_repl_scope_exactly_to_the_end
SOAK     0.551 lane=3 END   nanopynix/tests/inproc/test_inproc.py::test_inproc_repl_requires_open_repl ok
SOAK     0.554 lane=2 END   nanopynix/tests/test_stores.py::test_a_store_root_that_came_back_is_not_the_old_store ok
SOAK     0.557 lane=6 END   nanopynix/tests/inproc/test_inproc.py::test_inproc_value_build_raises_on_build_failure ok
SOAK     0.557 lane=6 START nanopynix/tests/inproc/test_inproc.py::test_collect_garbage_rejects_an_unsupported_action
SOAK     0.577 lane=5 END   nanopynix/tests/inproc/test_inproc.py::test_inproc_store_uri_and_store_dir ok
SOAK     0.577 lane=5 START nanopynix/tests/primops/test_sleep_primop.py::test_sleep_is_a_builtin_and_not_a_global
SOAK     0.578 lane=2 START nanopynix/tests/inproc/test_inproc.py::test_inproc_eval_file
SOAK     0.581 lane=3 START nanopynix/tests/inproc/test_inproc.py::test_inproc_value_edit_location
SOAK     0.582 lane=6 END   nanopynix/tests/inproc/test_inproc.py::test_collect_garbage_rejects_an_unsupported_action ok
SOAK     0.582 lane=6 START nanopynix/tests/inproc/test_inproc.py::test_inproc_allows_concurrent_eval_states_on_one_store
SOAK     0.583 lane=4 END   nanopynix/tests/inproc/test_inproc.py::test_inproc_eval_close_releases_values_left_open ok
SOAK     0.649 lane=4 START nanopynix/tests/test_flake_lock_graph.py::test_find_input_returns_a_locked_ref_with_a_rev
SOAK     0.683 lane=2 END   nanopynix/tests/inproc/test_inproc.py::test_inproc_eval_file ok
SOAK     0.683 lane=2 START nanopynix/tests/inproc/test_inproc.py::test_inproc_value_rejects_use_from_different_eval_session
SOAK     0.713 lane=5 END   nanopynix/tests/primops/test_sleep_primop.py::test_sleep_is_a_builtin_and_not_a_global ok
SOAK     0.713 lane=5 START nanopynix/tests/inproc/test_inproc.py::test_inproc_value_call_accepts_value_argument
SOAK     0.717 lane=6 END   nanopynix/tests/inproc/test_inproc.py::test_inproc_allows_concurrent_eval_states_on_one_store ok
SOAK     0.717 lane=6 START nanopynix/tests/inproc/test_inproc.py::test_inproc_value_context_manager_releases_rooted_value
SOAK     0.719 lane=3 END   nanopynix/tests/inproc/test_inproc.py::test_inproc_value_edit_location ok
SOAK     0.719 lane=3 START nanopynix/tests/inproc/test_inproc.py::test_inproc_store_open_is_idempotent
SOAK     0.727 lane=2 END   nanopynix/tests/inproc/test_inproc.py::test_inproc_value_rejects_use_from_different_eval_session ok
SOAK     0.735 lane=2 START nanopynix/tests/primops/test_sleep_primop.py::test_sleep_refuses_a_negative_duration
SOAK     0.757 lane=3 END   nanopynix/tests/inproc/test_inproc.py::test_inproc_store_open_is_idempotent ok
SOAK     0.760 lane=3 START nanopynix/tests/test_flake_lock_graph.py::test_metadata_json_carries_the_whole_graph
SOAK     0.786 lane=2 END   nanopynix/tests/primops/test_sleep_primop.py::test_sleep_refuses_a_negative_duration ok
SOAK     0.787 lane=5 END   nanopynix/tests/inproc/test_inproc.py::test_inproc_value_call_accepts_value_argument ok
SOAK     0.787 lane=5 START nanopynix/tests/inproc/test_inproc_cancel.py::test_an_operation_that_runs_a_nix_thread_pool_still_completes
SOAK     0.788 lane=6 END   nanopynix/tests/inproc/test_inproc.py::test_inproc_value_context_manager_releases_rooted_value ok
SOAK     0.788 lane=6 START nanopynix/tests/inproc/test_inproc.py::test_inproc_store_query_missing
SOAK     0.791 lane=2 START nanopynix/tests/inproc/test_inproc.py::test_inproc_repl_supports_shared_protocol_operations
SOAK     0.806 lane=4 END   nanopynix/tests/test_flake_lock_graph.py::test_find_input_returns_a_locked_ref_with_a_rev ok
SOAK     0.807 lane=4 START nanopynix/tests/inproc/test_inproc.py::test_inproc_store_read_derivation
SOAK     0.818 lane=6 END   nanopynix/tests/inproc/test_inproc.py::test_inproc_store_query_missing ok
SOAK     0.818 lane=6 START nanopynix/tests/inproc/test_inproc.py::test_inproc_value_scalar_conversions
SOAK     0.881 lane=2 END   nanopynix/tests/inproc/test_inproc.py::test_inproc_repl_supports_shared_protocol_operations ok
SOAK     0.881 lane=2 START nanopynix/tests/inproc/test_inproc.py::test_inproc_concurrent_eval_sessions_have_independent_pure_eval
SOAK     0.885 lane=4 END   nanopynix/tests/inproc/test_inproc.py::test_inproc_store_read_derivation ok
SOAK     0.885 lane=4 START nanopynix/tests/inproc/test_inproc.py::test_inproc_eval_rejects_store_from_different_session
SOAK     0.891 lane=3 END   nanopynix/tests/test_flake_lock_graph.py::test_metadata_json_carries_the_whole_graph ok
SOAK     0.891 lane=3 START nanopynix/tests/inproc/test_inproc.py::test_inproc_value_auto_call
SOAK     0.902 lane=4 END   nanopynix/tests/inproc/test_inproc.py::test_inproc_eval_rejects_store_from_different_session ok
SOAK     0.910 lane=4 START nanopynix/tests/test_store_engine_parity_semantics.py::test_the_selector_actually_reaches_nix
SOAK     0.924 lane=6 END   nanopynix/tests/inproc/test_inproc.py::test_inproc_value_scalar_conversions ok
SOAK     0.925 lane=6 START nanopynix/tests/inproc/test_inproc.py::test_inproc_value_release_is_idempotent
SOAK     0.957 lane=3 END   nanopynix/tests/inproc/test_inproc.py::test_inproc_value_auto_call ok
SOAK     0.957 lane=3 START nanopynix/tests/test_store_metadata_fidelity.py::test_inproc_build_reports_the_path_it_produced
SOAK     0.957 lane=6 END   nanopynix/tests/inproc/test_inproc.py::test_inproc_value_release_is_idempotent ok
SOAK     0.957 lane=6 START nanopynix/tests/inproc/test_inproc.py::test_inproc_session_subscribe_receives_log_events
SOAK     0.975 lane=2 END   nanopynix/tests/inproc/test_inproc.py::test_inproc_concurrent_eval_sessions_have_independent_pure_eval ok
SOAK     0.975 lane=2 START nanopynix/tests/bindings/test_store_empty_path.py::test_the_guard_lives_in_cpp_not_in_the_python_wrapper
SOAK     0.987 lane=2 END   nanopynix/tests/bindings/test_store_empty_path.py::test_the_guard_lives_in_cpp_not_in_the_python_wrapper ok
SOAK     0.988 lane=2 START nanopynix/tests/inproc/test_inproc.py::test_inproc_eval_open_and_close_are_idempotent
SOAK     0.992 lane=4 END   nanopynix/tests/test_store_engine_parity_semantics.py::test_the_selector_actually_reaches_nix ok
SOAK     0.992 lane=4 START nanopynix/tests/inproc/test_inproc.py::test_inproc_value_to_python
SOAK     1.014 lane=6 END   nanopynix/tests/inproc/test_inproc.py::test_inproc_session_subscribe_receives_log_events ok
SOAK     1.020 lane=6 START nanopynix/tests/test_flake_lock_graph.py::test_find_input_returns_none_for_a_name_that_is_not_an_input
SOAK     1.091 lane=2 END   nanopynix/tests/inproc/test_inproc.py::test_inproc_eval_open_and_close_are_idempotent ok
SOAK     1.096 lane=2 START nanopynix/tests/inproc/test_inproc.py::test_inproc_eval_close_releases_leftover_locked_flakes
SOAK     1.163 lane=4 END   nanopynix/tests/inproc/test_inproc.py::test_inproc_value_to_python ok
SOAK     1.165 lane=0 END   nanopynix/tests/test_repl_scope_capacity.py::test_inproc_fills_the_repl_scope_exactly_to_the_end ok
SOAK     1.165 lane=0 START nanopynix/tests/test_store_metadata_fidelity.py::test_an_opaque_request_builds_nothing_and_says_so
SOAK     1.170 lane=4 START nanopynix/tests/inproc/test_inproc.py::test_inproc_lock_flake_update_inputs_variants
SOAK     1.292 lane=2 END   nanopynix/tests/inproc/test_inproc.py::test_inproc_eval_close_releases_leftover_locked_flakes ok
SOAK     1.336 lane=6 END   nanopynix/tests/test_flake_lock_graph.py::test_find_input_returns_none_for_a_name_that_is_not_an_input ok
SOAK     1.354 lane=1 END   nanopynix/tests/test_stores.py::test_two_handles_on_one_local_store_share_the_temp_roots_file ok
SOAK     1.354 lane=1 START nanopynix/tests/inproc/test_inproc.py::test_inproc_eval_value_navigation
SOAK     1.357 lane=3 END   nanopynix/tests/test_store_metadata_fidelity.py::test_inproc_build_reports_the_path_it_produced ok
SOAK     1.357 lane=3 START nanopynix/tests/inproc/test_inproc.py::test_inproc_session_subscribe_receives_a_request_finalized_event
SOAK     1.371 lane=4 END   nanopynix/tests/inproc/test_inproc.py::test_inproc_lock_flake_update_inputs_variants ok
SOAK     1.380 lane=1 END   nanopynix/tests/inproc/test_inproc.py::test_inproc_eval_value_navigation ok
SOAK     1.381 lane=1 START nanopynix/tests/test_flake_lock_graph.py::test_find_input_resolves_a_follows_edge
SOAK     1.418 lane=3 END   nanopynix/tests/inproc/test_inproc.py::test_inproc_session_subscribe_receives_a_request_finalized_event ok
SOAK     1.418 lane=3 START nanopynix/tests/test_store_metadata_fidelity.py::test_inproc_read_derivation_keeps_nested_input_drvs
SOAK     1.446 lane=3 END   nanopynix/tests/test_store_metadata_fidelity.py::test_inproc_read_derivation_keeps_nested_input_drvs ok
SOAK     1.473 lane=1 END   nanopynix/tests/test_flake_lock_graph.py::test_find_input_resolves_a_follows_edge ok
SOAK     1.473 lane=1 START nanopynix/tests/inproc/test_inproc.py::test_inproc_repl_open_is_idempotent
SOAK     1.519 lane=1 END   nanopynix/tests/inproc/test_inproc.py::test_inproc_repl_open_is_idempotent ok
SOAK     1.519 lane=1 START nanopynix/tests/inproc/test_inproc.py::test_inproc_eval_open_requires_open_store
SOAK     1.520 lane=1 END   nanopynix/tests/inproc/test_inproc.py::test_inproc_eval_open_requires_open_store ok
SOAK     1.521 lane=1 START nanopynix/tests/inproc/test_inproc.py::test_inproc_optimise_and_verify_a_private_store
SOAK     1.607 lane=1 END   nanopynix/tests/inproc/test_inproc.py::test_inproc_optimise_and_verify_a_private_store ok
SOAK     1.607 lane=1 START nanopynix/tests/inproc/test_inproc.py::test_inproc_value_rejects_use_after_eval_close
SOAK     1.621 lane=1 END   nanopynix/tests/inproc/test_inproc.py::test_inproc_value_rejects_use_after_eval_close ok
SOAK     1.621 lane=1 START nanopynix/tests/test_scalar_accessor_semantics.py::test_deep_conversion_of_a_derivation_terminates
SOAK     1.638 lane=1 END   nanopynix/tests/test_scalar_accessor_semantics.py::test_deep_conversion_of_a_derivation_terminates ok
SOAK     1.638 lane=1 START nanopynix/tests/inproc/test_inproc.py::test_inproc_store_query_derivation_outputs_and_valid_derivers
SOAK     1.661 lane=1 END   nanopynix/tests/inproc/test_inproc.py::test_inproc_store_query_derivation_outputs_and_valid_derivers ok
SOAK     6.471 lane=0 END   nanopynix/tests/test_store_metadata_fidelity.py::test_an_opaque_request_builds_nothing_and_says_so ok
SOAK     6.475 lane=0 START nanopynix/tests/test_scalar_accessor_semantics.py::test_max_call_depth_is_a_nix_error_with_error_info
SOAK     6.734 lane=0 END   nanopynix/tests/test_scalar_accessor_semantics.py::test_max_call_depth_is_a_nix_error_with_error_info ok
SOAK     6.734 lane=0 START nanopynix/tests/bindings/test_value_accessor_types.py::test_accessors_force_a_thunk_first
SOAK     6.764 lane=0 END   nanopynix/tests/bindings/test_value_accessor_types.py::test_accessors_force_a_thunk_first ok
SOAK     6.765 lane=0 START nanopynix/tests/inproc/test_inproc.py::test_inproc_store_cannot_close_while_its_eval_state_is_open
SOAK     6.781 lane=0 END   nanopynix/tests/inproc/test_inproc.py::test_inproc_store_cannot_close_while_its_eval_state_is_open ok
SOAK     6.781 lane=0 START nanopynix/tests/inproc/test_inproc.py::test_a_value_the_caller_still_holds_survives_a_collection
SOAK    10.800 lane=0 END   nanopynix/tests/inproc/test_inproc.py::test_a_value_the_caller_still_holds_survives_a_collection ok
SOAK    10.801 lane=0 START nanopynix/tests/inproc/test_inproc.py::test_inproc_eval_state_can_be_closed_and_reopened
SOAK    10.963 lane=0 END   nanopynix/tests/inproc/test_inproc.py::test_inproc_eval_state_can_be_closed_and_reopened ok
SOAK    11.009 lane=7 END   nanopynix/tests/inproc/test_inproc_cancel.py::test_a_cancelled_interruptible_operation_frees_the_evaluator ok
SOAK    11.010 lane=7 START nanopynix/tests/test_scalar_accessor_semantics.py::test_inproc_reads_a_string_carrying_store_path_context
SOAK    11.127 lane=7 END   nanopynix/tests/test_scalar_accessor_semantics.py::test_inproc_reads_a_string_carrying_store_path_context ok
SOAK    11.127 lane=7 START nanopynix/tests/test_store_metadata_fidelity.py::test_inproc_read_derivation_keeps_structured_attrs
SOAK    11.200 lane=7 END   nanopynix/tests/test_store_metadata_fidelity.py::test_inproc_read_derivation_keeps_structured_attrs ok
SOAK    11.200 lane=7 START nanopynix/tests/primops/test_sleep_primop.py::test_sleep_waits_for_the_time_it_is_given
SOAK    11.615 lane=7 END   nanopynix/tests/primops/test_sleep_primop.py::test_sleep_waits_for_the_time_it_is_given ok
SOAK    11.626 lane=7 START nanopynix/tests/test_store_exec.py::test_inproc_a_program_in_a_relocated_store_runs_through_the_exec_prefix
SOAK    11.972 lane=5 END   nanopynix/tests/inproc/test_inproc_cancel.py::test_an_operation_that_runs_a_nix_thread_pool_still_completes ok
SOAK    11.972 lane=5 START nanopynix/tests/inproc/test_inproc.py::test_inproc_value_autocall_and_realise_argv
SOAK    12.029 lane=5 END   nanopynix/tests/inproc/test_inproc.py::test_inproc_value_autocall_and_realise_argv ok
SOAK    12.029 lane=5 START nanopynix/tests/test_repl_scope_capacity.py::test_inproc_refuses_one_binding_past_the_end
SOAK    12.307 lane=5 END   nanopynix/tests/test_repl_scope_capacity.py::test_inproc_refuses_one_binding_past_the_end ok
SOAK    12.394 lane=7 END   nanopynix/tests/test_store_exec.py::test_inproc_a_program_in_a_relocated_store_runs_through_the_exec_prefix ok
SOAK    12.395 lane=7 START nanopynix/tests/test_stores.py::test_two_store_roots_get_a_local_store_each
SOAK    12.621 lane=7 END   nanopynix/tests/test_stores.py::test_two_store_roots_get_a_local_store_each ok
SOAK    12.622 lane=7 START nanopynix/tests/inproc/test_inproc.py::test_the_collector_owner_thread_outlives_the_session
SOAK    12.643 lane=7 END   nanopynix/tests/inproc/test_inproc.py::test_the_collector_owner_thread_outlives_the_session ok
SOAK    12.643 lane=7 START nanopynix/tests/test_scalar_accessor_semantics.py::test_deep_conversion_of_a_true_cycle_raises_instead_of_crashing
SOAK    15.320 lane=7 END   nanopynix/tests/test_scalar_accessor_semantics.py::test_deep_conversion_of_a_true_cycle_raises_instead_of_crashing ok
SOAK END ok=77 fail=0
PASSED
nanopynix/tests/test_concurrent_soak.py::test_soak_rpc[local] SOAK BEGIN seed=1 lanes=8 tests=43 roster=sha256:eef7d5aefd96e46b
SOAK     0.002 lane=4 START nanopynix/tests/test_store_metadata_fidelity.py::test_rpc_build_reports_the_path_it_produced
SOAK     0.018 lane=6 START nanopynix/tests/rpc/client/test_eval_rpc.py::test_eval_call_function_with_nested_value_proxy_arg
SOAK     0.047 lane=0 START nanopynix/tests/rpc/client/test_eval_rpc.py::test_repl_session_load_file_autocalls_top_level_function
SOAK     0.061 lane=1 START nanopynix/tests/rpc/client/test_eval_rpc.py::test_eval_attr_navigation
SOAK     0.106 lane=2 START nanopynix/tests/rpc/client/test_eval_rpc.py::test_eval_file_simple
SOAK     0.134 lane=3 START nanopynix/tests/rpc/client/test_eval_rpc.py::test_eval_attr_names
SOAK     0.152 lane=5 START nanopynix/tests/rpc/client/test_eval_rpc.py::test_repl_session_persists_bindings
SOAK     0.172 lane=7 START nanopynix/tests/rpc/client/test_eval_rpc.py::test_eval_concurrent_sessions
SOAK     1.565 lane=3 END   nanopynix/tests/rpc/client/test_eval_rpc.py::test_eval_attr_names ok
SOAK     1.566 lane=3 START nanopynix/tests/rpc/client/test_eval_rpc.py::test_eval_thunk
SOAK     1.583 lane=2 END   nanopynix/tests/rpc/client/test_eval_rpc.py::test_eval_file_simple ok
SOAK     1.583 lane=2 START nanopynix/tests/rpc/client/test_eval_rpc.py::test_to_python_refuses_a_tree_containing_a_function
SOAK     1.601 lane=6 END   nanopynix/tests/rpc/client/test_eval_rpc.py::test_eval_call_function_with_nested_value_proxy_arg ok
SOAK     1.601 lane=1 END   nanopynix/tests/rpc/client/test_eval_rpc.py::test_eval_attr_navigation ok
SOAK     1.602 lane=1 START nanopynix/tests/rpc/test_error_identity.py::test_a_nix_error_still_refines_past_the_class_the_worker_named
SOAK     1.618 lane=7 END   nanopynix/tests/rpc/client/test_eval_rpc.py::test_eval_concurrent_sessions ok
SOAK     1.618 lane=7 START nanopynix/tests/rpc/client/test_eval_rpc.py::test_repl_session_adds_attrs_to_scope
SOAK     1.641 lane=6 START nanopynix/tests/rpc/client/test_eval_rpc.py::test_eval_nested_navigation
SOAK     1.669 lane=0 END   nanopynix/tests/rpc/client/test_eval_rpc.py::test_repl_session_load_file_autocalls_top_level_function ok
SOAK     1.673 lane=4 END   nanopynix/tests/test_store_metadata_fidelity.py::test_rpc_build_reports_the_path_it_produced ok
SOAK     1.673 lane=5 END   nanopynix/tests/rpc/client/test_eval_rpc.py::test_repl_session_persists_bindings ok
SOAK     1.673 lane=5 START nanopynix/tests/rpc/client/test_eval_rpc.py::test_force_closing_store_closes_dependent_eval_state
SOAK     1.710 lane=0 START nanopynix/tests/rpc/client/test_eval_rpc.py::test_eval_session_cleanup
SOAK     1.739 lane=4 START nanopynix/tests/test_store_exec.py::test_rpc_a_program_in_a_relocated_store_runs_through_the_exec_prefix
SOAK     2.932 lane=3 END   nanopynix/tests/rpc/client/test_eval_rpc.py::test_eval_thunk ok
SOAK     2.932 lane=3 START nanopynix/tests/test_scalar_accessor_semantics.py::test_rpc_reads_a_string_carrying_store_path_context
SOAK     2.944 lane=5 END   nanopynix/tests/rpc/client/test_eval_rpc.py::test_force_closing_store_closes_dependent_eval_state ok
SOAK     2.948 lane=1 END   nanopynix/tests/rpc/test_error_identity.py::test_a_nix_error_still_refines_past_the_class_the_worker_named ok
SOAK     2.948 lane=1 START nanopynix/tests/rpc/client/test_eval_rpc.py::test_eval_auto_call_function_with_default_attrset_args
SOAK     2.958 lane=5 START nanopynix/tests/rpc/client/test_eval_rpc.py::test_eval_list
SOAK     2.982 lane=6 END   nanopynix/tests/rpc/client/test_eval_rpc.py::test_eval_nested_navigation ok
SOAK     2.982 lane=6 START nanopynix/tests/rpc/client/test_eval_rpc.py::test_forced_attrs_borrow_the_parent_value_handle
SOAK     3.031 lane=2 END   nanopynix/tests/rpc/client/test_eval_rpc.py::test_to_python_refuses_a_tree_containing_a_function ok
SOAK     3.031 lane=2 START nanopynix/tests/rpc/client/test_eval_rpc.py::test_eval_strict_accessor_and_apply
SOAK     3.046 lane=0 END   nanopynix/tests/rpc/client/test_eval_rpc.py::test_eval_session_cleanup ok
SOAK     3.046 lane=7 END   nanopynix/tests/rpc/client/test_eval_rpc.py::test_repl_session_adds_attrs_to_scope ok
SOAK     3.047 lane=7 START nanopynix/tests/rpc/test_error_identity.py::test_an_unsupported_scalar_type_arrives_as_value_error
SOAK     3.066 lane=0 START nanopynix/tests/rpc/client/test_eval_rpc.py::test_eval_file_directory_loads_default_nix
SOAK     3.668 lane=4 END   nanopynix/tests/test_store_exec.py::test_rpc_a_program_in_a_relocated_store_runs_through_the_exec_prefix ok
SOAK     3.668 lane=4 START nanopynix/tests/test_store_metadata_fidelity.py::test_rpc_read_derivation_keeps_structured_attrs
SOAK     4.248 lane=3 END   nanopynix/tests/test_scalar_accessor_semantics.py::test_rpc_reads_a_string_carrying_store_path_context ok
SOAK     4.249 lane=3 START nanopynix/tests/rpc/client/test_eval_rpc.py::test_eval_force_does_not_consume
SOAK     4.267 lane=6 END   nanopynix/tests/rpc/client/test_eval_rpc.py::test_forced_attrs_borrow_the_parent_value_handle ok
SOAK     4.268 lane=6 START nanopynix/tests/rpc/client/test_eval_rpc.py::test_copy_closure_between_stores
SOAK     4.291 lane=5 END   nanopynix/tests/rpc/client/test_eval_rpc.py::test_eval_list ok
SOAK     4.291 lane=5 START nanopynix/tests/test_store_metadata_fidelity.py::test_rpc_read_derivation_keeps_nested_input_drvs
SOAK     4.305 lane=1 END   nanopynix/tests/rpc/client/test_eval_rpc.py::test_eval_auto_call_function_with_default_attrset_args ok
SOAK     4.306 lane=1 START nanopynix/tests/rpc/client/test_eval_rpc.py::test_eval_string
SOAK     4.336 lane=7 END   nanopynix/tests/rpc/test_error_identity.py::test_an_unsupported_scalar_type_arrives_as_value_error ok
SOAK     4.336 lane=7 START nanopynix/tests/test_repl_scope_capacity.py::test_rpc_refuses_one_binding_past_the_end
SOAK     4.350 lane=0 END   nanopynix/tests/rpc/client/test_eval_rpc.py::test_eval_file_directory_loads_default_nix ok
SOAK     4.350 lane=0 START nanopynix/tests/rpc/test_error_identity.py::test_an_absent_handle_arrives_as_key_error
SOAK     4.388 lane=2 END   nanopynix/tests/rpc/client/test_eval_rpc.py::test_eval_strict_accessor_and_apply ok
SOAK     4.388 lane=2 START nanopynix/tests/rpc/test_error_identity.py::test_a_setting_refusal_arrives_as_setting_not_live_error
SOAK     4.881 lane=4 END   nanopynix/tests/test_store_metadata_fidelity.py::test_rpc_read_derivation_keeps_structured_attrs ok
SOAK     4.881 lane=4 START nanopynix/tests/rpc/client/test_eval_rpc.py::test_repl_session_open_is_idempotent
SOAK     5.517 lane=3 END   nanopynix/tests/rpc/client/test_eval_rpc.py::test_eval_force_does_not_consume ok
SOAK     5.517 lane=3 START nanopynix/tests/rpc/test_error_identity.py::test_a_handle_of_the_wrong_kind_arrives_as_type_error
SOAK     5.543 lane=1 END   nanopynix/tests/rpc/client/test_eval_rpc.py::test_eval_string ok
SOAK     5.544 lane=1 START nanopynix/tests/rpc/client/test_eval_rpc.py::test_eval_has_attr
SOAK     5.562 lane=0 END   nanopynix/tests/rpc/test_error_identity.py::test_an_absent_handle_arrives_as_key_error ok
SOAK     5.562 lane=0 START nanopynix/tests/rpc/client/test_eval_rpc.py::test_eval_call_function_with_value_proxy_arg
SOAK     5.576 lane=6 END   nanopynix/tests/rpc/client/test_eval_rpc.py::test_copy_closure_between_stores ok
SOAK     5.576 lane=6 START nanopynix/tests/rpc/client/test_eval_rpc.py::test_eval_call_non_function_raises
SOAK     5.613 lane=5 END   nanopynix/tests/test_store_metadata_fidelity.py::test_rpc_read_derivation_keeps_nested_input_drvs ok
SOAK     5.613 lane=5 START nanopynix/tests/rpc/test_error_identity.py::test_a_negative_index_past_the_start_arrives_as_index_error
SOAK     5.634 lane=2 END   nanopynix/tests/rpc/test_error_identity.py::test_a_setting_refusal_arrives_as_setting_not_live_error ok
SOAK     5.644 lane=2 START nanopynix/tests/rpc/client/test_eval_rpc.py::test_repl_session_edit_location_uses_function_source
SOAK     5.785 lane=7 END   nanopynix/tests/test_repl_scope_capacity.py::test_rpc_refuses_one_binding_past_the_end ok
SOAK     5.785 lane=7 START nanopynix/tests/rpc/client/test_eval_rpc.py::test_eval_reused_function_can_call_separately_evaluated_value
SOAK     6.067 lane=4 END   nanopynix/tests/rpc/client/test_eval_rpc.py::test_repl_session_open_is_idempotent ok
SOAK     6.067 lane=4 START nanopynix/tests/rpc/client/test_eval_rpc.py::test_repl_session_scope_names_include_bindings_and_base_scope
SOAK     6.736 lane=3 END   nanopynix/tests/rpc/test_error_identity.py::test_a_handle_of_the_wrong_kind_arrives_as_type_error ok
SOAK     6.765 lane=1 END   nanopynix/tests/rpc/client/test_eval_rpc.py::test_eval_has_attr ok
SOAK     6.765 lane=1 START nanopynix/tests/test_repl_scope_capacity.py::test_rpc_fills_the_repl_scope_exactly_to_the_end
SOAK     6.791 lane=0 END   nanopynix/tests/rpc/client/test_eval_rpc.py::test_eval_call_function_with_value_proxy_arg ok
SOAK     6.791 lane=0 START nanopynix/tests/rpc/client/test_eval_rpc.py::test_eval_call_function
SOAK     6.827 lane=6 END   nanopynix/tests/rpc/client/test_eval_rpc.py::test_eval_call_non_function_raises ok
SOAK     6.844 lane=5 END   nanopynix/tests/rpc/test_error_identity.py::test_a_negative_index_past_the_start_arrives_as_index_error ok
SOAK     6.863 lane=2 END   nanopynix/tests/rpc/client/test_eval_rpc.py::test_repl_session_edit_location_uses_function_source ok
SOAK     6.863 lane=2 START nanopynix/tests/rpc/client/test_eval_rpc.py::test_eval_callable_function_proxy
SOAK     6.961 lane=7 END   nanopynix/tests/rpc/client/test_eval_rpc.py::test_eval_reused_function_can_call_separately_evaluated_value ok
SOAK     7.225 lane=4 END   nanopynix/tests/rpc/client/test_eval_rpc.py::test_repl_session_scope_names_include_bindings_and_base_scope ok
SOAK     7.983 lane=0 END   nanopynix/tests/rpc/client/test_eval_rpc.py::test_eval_call_function ok
SOAK     8.052 lane=2 END   nanopynix/tests/rpc/client/test_eval_rpc.py::test_eval_callable_function_proxy ok
SOAK     8.646 lane=1 END   nanopynix/tests/test_repl_scope_capacity.py::test_rpc_fills_the_repl_scope_exactly_to_the_end ok
SOAK END ok=43 fail=0
PASSED
nanopynix/tests/test_concurrent_soak.py::test_soak_inproc[daemon] SOAK BEGIN seed=1 lanes=8 tests=77 roster=sha256:f79eb9dbfc68391d
SOAK     0.001 lane=2 START nanopynix/tests/bindings/test_value_accessor_types.py::test_an_int_read_as_a_string_names_both_types
SOAK     0.001 lane=3 START nanopynix/tests/inproc/test_inproc.py::test_inproc_selection_on_a_released_value_raises_at_selection
SOAK     0.002 lane=5 START nanopynix/tests/test_scalar_accessor_semantics.py::test_apply_accepts_an_already_evaluated_function
SOAK     0.003 lane=6 START nanopynix/tests/inproc/test_inproc.py::test_inproc_value_build_raises_on_build_failure
SOAK     0.043 lane=1 START nanopynix/tests/inproc/test_inproc.py::test_inproc_locked_flake_facade
SOAK     0.072 lane=0 START nanopynix/tests/test_store_dump_db.py::test_the_records_follow_the_order_of_the_argument
SOAK     0.072 lane=4 START nanopynix/tests/inproc/test_inproc.py::test_inproc_locked_flake_release_is_idempotent
SOAK     0.084 lane=7 START nanopynix/tests/inproc/test_inproc.py::test_inproc_eval_flake
SOAK     0.168 lane=3 END   nanopynix/tests/inproc/test_inproc.py::test_inproc_selection_on_a_released_value_raises_at_selection ok
SOAK     0.168 lane=2 END   nanopynix/tests/bindings/test_value_accessor_types.py::test_an_int_read_as_a_string_names_both_types ok
SOAK     0.169 lane=3 START nanopynix/tests/inproc/test_inproc.py::test_inproc_copy_closure_copies_between_two_stores_in_one_session
SOAK     0.172 lane=2 START nanopynix/tests/test_stores.py::test_a_store_root_that_came_back_is_not_the_old_store
SOAK     0.185 lane=5 END   nanopynix/tests/test_scalar_accessor_semantics.py::test_apply_accepts_an_already_evaluated_function ok
SOAK     0.185 lane=5 START nanopynix/tests/inproc/test_inproc.py::test_inproc_store_collect_garbage_return_dead
SOAK     0.321 lane=4 END   nanopynix/tests/inproc/test_inproc.py::test_inproc_locked_flake_release_is_idempotent ok
SOAK     0.325 lane=7 END   nanopynix/tests/inproc/test_inproc.py::test_inproc_eval_flake ok
SOAK     0.325 lane=7 START nanopynix/tests/inproc/test_inproc_cancel.py::test_a_cancelled_interruptible_operation_frees_the_evaluator
SOAK     0.328 lane=4 START nanopynix/tests/inproc/test_inproc.py::test_inproc_repl_load_file_and_add_attrs
SOAK     0.360 lane=0 END   nanopynix/tests/test_store_dump_db.py::test_the_records_follow_the_order_of_the_argument ok
SOAK     0.360 lane=0 START nanopynix/tests/inproc/test_inproc.py::test_inproc_value_build_rejects_store_from_different_session
SOAK     0.521 lane=3 END   nanopynix/tests/inproc/test_inproc.py::test_inproc_copy_closure_copies_between_two_stores_in_one_session ok
SOAK     0.521 lane=3 START nanopynix/tests/inproc/test_inproc.py::test_inproc_repl_requires_open_repl
SOAK     0.545 lane=6 END   nanopynix/tests/inproc/test_inproc.py::test_inproc_value_build_raises_on_build_failure ok
SOAK     0.545 lane=6 START nanopynix/tests/inproc/test_inproc.py::test_collect_garbage_rejects_an_unsupported_action
SOAK     0.552 lane=3 END   nanopynix/tests/inproc/test_inproc.py::test_inproc_repl_requires_open_repl ok
SOAK     0.560 lane=0 END   nanopynix/tests/inproc/test_inproc.py::test_inproc_value_build_rejects_store_from_different_session ok
SOAK     0.560 lane=0 START nanopynix/tests/test_store_engine_parity_semantics.py::test_a_bare_drv_round_trips_through_its_own_reply
SOAK     0.563 lane=3 START nanopynix/tests/inproc/test_inproc.py::test_inproc_value_edit_location
SOAK     0.566 lane=6 END   nanopynix/tests/inproc/test_inproc.py::test_collect_garbage_rejects_an_unsupported_action ok
SOAK     0.567 lane=6 START nanopynix/tests/inproc/test_inproc.py::test_inproc_allows_concurrent_eval_states_on_one_store
SOAK     0.638 lane=4 END   nanopynix/tests/inproc/test_inproc.py::test_inproc_repl_load_file_and_add_attrs ok
SOAK     0.638 lane=4 START nanopynix/tests/inproc/test_inproc.py::test_inproc_value_attr_names
SOAK     0.641 lane=1 END   nanopynix/tests/inproc/test_inproc.py::test_inproc_locked_flake_facade ok
SOAK     0.674 lane=5 END   nanopynix/tests/inproc/test_inproc.py::test_inproc_store_collect_garbage_return_dead ok
SOAK     0.674 lane=5 START nanopynix/tests/inproc/test_inproc.py::test_inproc_store_not_open_raises
SOAK     0.674 lane=5 END   nanopynix/tests/inproc/test_inproc.py::test_inproc_store_not_open_raises ok
SOAK     0.674 lane=5 START nanopynix/tests/inproc/test_inproc.py::test_inproc_store_uri_and_store_dir
SOAK     0.713 lane=1 START nanopynix/tests/test_stores.py::test_two_handles_on_one_local_store_share_the_temp_roots_file
SOAK     0.739 lane=2 END   nanopynix/tests/test_stores.py::test_a_store_root_that_came_back_is_not_the_old_store ok
SOAK     0.746 lane=0 END   nanopynix/tests/test_store_engine_parity_semantics.py::test_a_bare_drv_round_trips_through_its_own_reply ok
SOAK     0.753 lane=0 START nanopynix/tests/test_repl_scope_capacity.py::test_inproc_fills_the_repl_scope_exactly_to_the_end
SOAK     0.756 lane=5 END   nanopynix/tests/inproc/test_inproc.py::test_inproc_store_uri_and_store_dir ok
SOAK     0.756 lane=5 START nanopynix/tests/primops/test_sleep_primop.py::test_sleep_is_a_builtin_and_not_a_global
SOAK     0.756 lane=2 START nanopynix/tests/inproc/test_inproc.py::test_inproc_eval_file
SOAK     0.763 lane=4 END   nanopynix/tests/inproc/test_inproc.py::test_inproc_value_attr_names ok
SOAK     0.763 lane=4 START nanopynix/tests/inproc/test_inproc.py::test_inproc_eval_close_releases_values_left_open
SOAK     0.816 lane=3 END   nanopynix/tests/inproc/test_inproc.py::test_inproc_value_edit_location ok
SOAK     0.817 lane=3 START nanopynix/tests/inproc/test_inproc.py::test_inproc_store_open_is_idempotent
SOAK     0.855 lane=3 END   nanopynix/tests/inproc/test_inproc.py::test_inproc_store_open_is_idempotent ok
SOAK     0.867 lane=6 END   nanopynix/tests/inproc/test_inproc.py::test_inproc_allows_concurrent_eval_states_on_one_store ok
SOAK     0.867 lane=6 START nanopynix/tests/inproc/test_inproc.py::test_inproc_value_context_manager_releases_rooted_value
SOAK     0.867 lane=4 END   nanopynix/tests/inproc/test_inproc.py::test_inproc_eval_close_releases_values_left_open ok
SOAK     0.868 lane=3 START nanopynix/tests/test_flake_lock_graph.py::test_metadata_json_carries_the_whole_graph
SOAK     0.898 lane=2 END   nanopynix/tests/inproc/test_inproc.py::test_inproc_eval_file ok
SOAK     0.898 lane=2 START nanopynix/tests/inproc/test_inproc.py::test_inproc_value_rejects_use_from_different_eval_session
SOAK     0.899 lane=5 END   nanopynix/tests/primops/test_sleep_primop.py::test_sleep_is_a_builtin_and_not_a_global ok
SOAK     0.899 lane=5 START nanopynix/tests/inproc/test_inproc.py::test_inproc_value_call_accepts_value_argument
SOAK     0.902 lane=4 START nanopynix/tests/test_flake_lock_graph.py::test_find_input_returns_a_locked_ref_with_a_rev
SOAK     0.994 lane=2 END   nanopynix/tests/inproc/test_inproc.py::test_inproc_value_rejects_use_from_different_eval_session ok
SOAK     0.994 lane=2 START nanopynix/tests/primops/test_sleep_primop.py::test_sleep_refuses_a_negative_duration
SOAK     0.996 lane=5 END   nanopynix/tests/inproc/test_inproc.py::test_inproc_value_call_accepts_value_argument ok
SOAK     0.996 lane=5 START nanopynix/tests/inproc/test_inproc_cancel.py::test_an_operation_that_runs_a_nix_thread_pool_still_completes
SOAK     0.996 lane=6 END   nanopynix/tests/inproc/test_inproc.py::test_inproc_value_context_manager_releases_rooted_value ok
SOAK     0.996 lane=6 START nanopynix/tests/inproc/test_inproc.py::test_inproc_store_query_missing
SOAK     1.020 lane=2 END   nanopynix/tests/primops/test_sleep_primop.py::test_sleep_refuses_a_negative_duration ok
SOAK     1.024 lane=2 START nanopynix/tests/inproc/test_inproc.py::test_inproc_repl_supports_shared_protocol_operations
SOAK     1.078 lane=6 END   nanopynix/tests/inproc/test_inproc.py::test_inproc_store_query_missing ok
SOAK     1.078 lane=6 START nanopynix/tests/inproc/test_inproc.py::test_inproc_value_scalar_conversions
SOAK     1.139 lane=3 END   nanopynix/tests/test_flake_lock_graph.py::test_metadata_json_carries_the_whole_graph ok
SOAK     1.140 lane=3 START nanopynix/tests/inproc/test_inproc.py::test_inproc_value_auto_call
SOAK     1.166 lane=2 END   nanopynix/tests/inproc/test_inproc.py::test_inproc_repl_supports_shared_protocol_operations ok
SOAK     1.166 lane=2 START nanopynix/tests/inproc/test_inproc.py::test_inproc_concurrent_eval_sessions_have_independent_pure_eval
SOAK     1.167 lane=4 END   nanopynix/tests/test_flake_lock_graph.py::test_find_input_returns_a_locked_ref_with_a_rev ok
SOAK     1.167 lane=4 START nanopynix/tests/inproc/test_inproc.py::test_inproc_store_read_derivation
SOAK     1.208 lane=6 END   nanopynix/tests/inproc/test_inproc.py::test_inproc_value_scalar_conversions ok
SOAK     1.208 lane=6 START nanopynix/tests/inproc/test_inproc.py::test_inproc_value_release_is_idempotent
SOAK     1.266 lane=3 END   nanopynix/tests/inproc/test_inproc.py::test_inproc_value_auto_call ok
SOAK     1.266 lane=3 START nanopynix/tests/test_store_metadata_fidelity.py::test_inproc_build_reports_the_path_it_produced
SOAK     1.293 lane=4 END   nanopynix/tests/inproc/test_inproc.py::test_inproc_store_read_derivation ok
SOAK     1.293 lane=4 START nanopynix/tests/inproc/test_inproc.py::test_inproc_eval_rejects_store_from_different_session
SOAK     1.298 lane=6 END   nanopynix/tests/inproc/test_inproc.py::test_inproc_value_release_is_idempotent ok
SOAK     1.298 lane=6 START nanopynix/tests/inproc/test_inproc.py::test_inproc_session_subscribe_receives_log_events
SOAK     1.301 lane=2 END   nanopynix/tests/inproc/test_inproc.py::test_inproc_concurrent_eval_sessions_have_independent_pure_eval ok
SOAK     1.301 lane=2 START nanopynix/tests/bindings/test_store_empty_path.py::test_the_guard_lives_in_cpp_not_in_the_python_wrapper
SOAK     1.302 lane=4 END   nanopynix/tests/inproc/test_inproc.py::test_inproc_eval_rejects_store_from_different_session ok
SOAK     1.302 lane=4 START nanopynix/tests/test_store_engine_parity_semantics.py::test_the_selector_actually_reaches_nix
SOAK     1.309 lane=2 END   nanopynix/tests/bindings/test_store_empty_path.py::test_the_guard_lives_in_cpp_not_in_the_python_wrapper ok
SOAK     1.309 lane=2 START nanopynix/tests/inproc/test_inproc.py::test_inproc_eval_open_and_close_are_idempotent
SOAK     1.353 lane=6 END   nanopynix/tests/inproc/test_inproc.py::test_inproc_session_subscribe_receives_log_events ok
SOAK     1.355 lane=2 END   nanopynix/tests/inproc/test_inproc.py::test_inproc_eval_open_and_close_are_idempotent ok
SOAK     1.358 lane=6 START nanopynix/tests/test_flake_lock_graph.py::test_find_input_returns_none_for_a_name_that_is_not_an_input
SOAK     1.416 lane=2 START nanopynix/tests/inproc/test_inproc.py::test_inproc_eval_close_releases_leftover_locked_flakes
SOAK     1.491 lane=4 END   nanopynix/tests/test_store_engine_parity_semantics.py::test_the_selector_actually_reaches_nix ok
SOAK     1.491 lane=4 START nanopynix/tests/inproc/test_inproc.py::test_inproc_value_to_python
SOAK     1.537 lane=4 END   nanopynix/tests/inproc/test_inproc.py::test_inproc_value_to_python ok
SOAK     1.538 lane=4 START nanopynix/tests/inproc/test_inproc.py::test_inproc_lock_flake_update_inputs_variants
SOAK     1.594 lane=2 END   nanopynix/tests/inproc/test_inproc.py::test_inproc_eval_close_releases_leftover_locked_flakes ok
SOAK     1.596 lane=0 END   nanopynix/tests/test_repl_scope_capacity.py::test_inproc_fills_the_repl_scope_exactly_to_the_end ok
SOAK     1.597 lane=0 START nanopynix/tests/test_store_metadata_fidelity.py::test_an_opaque_request_builds_nothing_and_says_so
SOAK     1.652 lane=6 END   nanopynix/tests/test_flake_lock_graph.py::test_find_input_returns_none_for_a_name_that_is_not_an_input ok
SOAK     1.675 lane=4 END   nanopynix/tests/inproc/test_inproc.py::test_inproc_lock_flake_update_inputs_variants ok
SOAK     1.694 lane=1 END   nanopynix/tests/test_stores.py::test_two_handles_on_one_local_store_share_the_temp_roots_file ok
SOAK     1.694 lane=1 START nanopynix/tests/inproc/test_inproc.py::test_inproc_eval_value_navigation
SOAK     1.722 lane=1 END   nanopynix/tests/inproc/test_inproc.py::test_inproc_eval_value_navigation ok
SOAK     1.723 lane=1 START nanopynix/tests/test_flake_lock_graph.py::test_find_input_resolves_a_follows_edge
SOAK     1.767 lane=3 END   nanopynix/tests/test_store_metadata_fidelity.py::test_inproc_build_reports_the_path_it_produced ok
SOAK     1.767 lane=3 START nanopynix/tests/inproc/test_inproc.py::test_inproc_session_subscribe_receives_a_request_finalized_event
SOAK     1.770 lane=3 END   nanopynix/tests/inproc/test_inproc.py::test_inproc_session_subscribe_receives_a_request_finalized_event ok
SOAK     1.770 lane=3 START nanopynix/tests/test_store_metadata_fidelity.py::test_inproc_read_derivation_keeps_nested_input_drvs
SOAK     1.834 lane=3 END   nanopynix/tests/test_store_metadata_fidelity.py::test_inproc_read_derivation_keeps_nested_input_drvs ok
SOAK     1.868 lane=1 END   nanopynix/tests/test_flake_lock_graph.py::test_find_input_resolves_a_follows_edge ok
SOAK     1.868 lane=1 START nanopynix/tests/inproc/test_inproc.py::test_inproc_repl_open_is_idempotent
SOAK     1.898 lane=1 END   nanopynix/tests/inproc/test_inproc.py::test_inproc_repl_open_is_idempotent ok
SOAK     1.898 lane=1 START nanopynix/tests/inproc/test_inproc.py::test_inproc_eval_open_requires_open_store
SOAK     1.898 lane=1 END   nanopynix/tests/inproc/test_inproc.py::test_inproc_eval_open_requires_open_store ok
SOAK     1.899 lane=1 START nanopynix/tests/inproc/test_inproc.py::test_inproc_optimise_and_verify_a_private_store
SOAK     1.975 lane=1 END   nanopynix/tests/inproc/test_inproc.py::test_inproc_optimise_and_verify_a_private_store ok
SOAK     1.975 lane=1 START nanopynix/tests/inproc/test_inproc.py::test_inproc_value_rejects_use_after_eval_close
SOAK     1.988 lane=1 END   nanopynix/tests/inproc/test_inproc.py::test_inproc_value_rejects_use_after_eval_close ok
SOAK     1.988 lane=1 START nanopynix/tests/test_scalar_accessor_semantics.py::test_deep_conversion_of_a_derivation_terminates
SOAK     2.018 lane=1 END   nanopynix/tests/test_scalar_accessor_semantics.py::test_deep_conversion_of_a_derivation_terminates ok
SOAK     2.018 lane=1 START nanopynix/tests/inproc/test_inproc.py::test_inproc_store_query_derivation_outputs_and_valid_derivers
SOAK     2.053 lane=1 END   nanopynix/tests/inproc/test_inproc.py::test_inproc_store_query_derivation_outputs_and_valid_derivers ok
SOAK     6.713 lane=0 END   nanopynix/tests/test_store_metadata_fidelity.py::test_an_opaque_request_builds_nothing_and_says_so ok
SOAK     6.714 lane=0 START nanopynix/tests/test_scalar_accessor_semantics.py::test_max_call_depth_is_a_nix_error_with_error_info
SOAK     6.751 lane=0 END   nanopynix/tests/test_scalar_accessor_semantics.py::test_max_call_depth_is_a_nix_error_with_error_info ok
SOAK     6.751 lane=0 START nanopynix/tests/bindings/test_value_accessor_types.py::test_accessors_force_a_thunk_first
SOAK     6.762 lane=0 END   nanopynix/tests/bindings/test_value_accessor_types.py::test_accessors_force_a_thunk_first ok
SOAK     6.762 lane=0 START nanopynix/tests/inproc/test_inproc.py::test_inproc_store_cannot_close_while_its_eval_state_is_open
SOAK     6.774 lane=0 END   nanopynix/tests/inproc/test_inproc.py::test_inproc_store_cannot_close_while_its_eval_state_is_open ok
SOAK     6.774 lane=0 START nanopynix/tests/inproc/test_inproc.py::test_a_value_the_caller_still_holds_survives_a_collection
SOAK     7.162 lane=0 END   nanopynix/tests/inproc/test_inproc.py::test_a_value_the_caller_still_holds_survives_a_collection ok
SOAK     7.163 lane=0 START nanopynix/tests/inproc/test_inproc.py::test_inproc_eval_state_can_be_closed_and_reopened
SOAK     7.189 lane=0 END   nanopynix/tests/inproc/test_inproc.py::test_inproc_eval_state_can_be_closed_and_reopened ok
SOAK     7.804 lane=7 END   nanopynix/tests/inproc/test_inproc_cancel.py::test_a_cancelled_interruptible_operation_frees_the_evaluator ok
SOAK     7.804 lane=7 START nanopynix/tests/test_scalar_accessor_semantics.py::test_inproc_reads_a_string_carrying_store_path_context
SOAK     7.849 lane=7 END   nanopynix/tests/test_scalar_accessor_semantics.py::test_inproc_reads_a_string_carrying_store_path_context ok
SOAK     7.849 lane=7 START nanopynix/tests/test_store_metadata_fidelity.py::test_inproc_read_derivation_keeps_structured_attrs
SOAK     7.898 lane=7 END   nanopynix/tests/test_store_metadata_fidelity.py::test_inproc_read_derivation_keeps_structured_attrs ok
SOAK     7.898 lane=7 START nanopynix/tests/primops/test_sleep_primop.py::test_sleep_waits_for_the_time_it_is_given
SOAK     8.314 lane=7 END   nanopynix/tests/primops/test_sleep_primop.py::test_sleep_waits_for_the_time_it_is_given ok
SOAK     8.315 lane=7 START nanopynix/tests/test_store_exec.py::test_inproc_a_program_in_a_relocated_store_runs_through_the_exec_prefix
SOAK     9.143 lane=7 END   nanopynix/tests/test_store_exec.py::test_inproc_a_program_in_a_relocated_store_runs_through_the_exec_prefix ok
SOAK     9.146 lane=7 START nanopynix/tests/test_stores.py::test_two_store_roots_get_a_local_store_each
SOAK     9.240 lane=5 END   nanopynix/tests/inproc/test_inproc_cancel.py::test_an_operation_that_runs_a_nix_thread_pool_still_completes ok
SOAK     9.240 lane=5 START nanopynix/tests/inproc/test_inproc.py::test_inproc_value_autocall_and_realise_argv
SOAK     9.271 lane=5 END   nanopynix/tests/inproc/test_inproc.py::test_inproc_value_autocall_and_realise_argv ok
SOAK     9.271 lane=5 START nanopynix/tests/test_repl_scope_capacity.py::test_inproc_refuses_one_binding_past_the_end
SOAK     9.373 lane=7 END   nanopynix/tests/test_stores.py::test_two_store_roots_get_a_local_store_each ok
SOAK     9.373 lane=7 START nanopynix/tests/inproc/test_inproc.py::test_the_collector_owner_thread_outlives_the_session
SOAK     9.392 lane=7 END   nanopynix/tests/inproc/test_inproc.py::test_the_collector_owner_thread_outlives_the_session ok
SOAK     9.392 lane=7 START nanopynix/tests/test_scalar_accessor_semantics.py::test_deep_conversion_of_a_true_cycle_raises_instead_of_crashing
SOAK     9.625 lane=5 END   nanopynix/tests/test_repl_scope_capacity.py::test_inproc_refuses_one_binding_past_the_end ok
SOAK    11.437 lane=7 END   nanopynix/tests/test_scalar_accessor_semantics.py::test_deep_conversion_of_a_true_cycle_raises_instead_of_crashing ok
SOAK END ok=77 fail=0
PASSED
nanopynix/tests/test_concurrent_soak.py::test_soak_rpc[daemon] SOAK BEGIN seed=1 lanes=8 tests=43 roster=sha256:eef7d5aefd96e46b
SOAK     0.001 lane=4 START nanopynix/tests/test_store_metadata_fidelity.py::test_rpc_build_reports_the_path_it_produced
SOAK     0.017 lane=6 START nanopynix/tests/rpc/client/test_eval_rpc.py::test_eval_call_function_with_nested_value_proxy_arg
SOAK     0.040 lane=0 START nanopynix/tests/rpc/client/test_eval_rpc.py::test_repl_session_load_file_autocalls_top_level_function
SOAK     0.052 lane=1 START nanopynix/tests/rpc/client/test_eval_rpc.py::test_eval_attr_navigation
SOAK     0.066 lane=2 START nanopynix/tests/rpc/client/test_eval_rpc.py::test_eval_file_simple
SOAK     0.081 lane=3 START nanopynix/tests/rpc/client/test_eval_rpc.py::test_eval_attr_names
SOAK     0.096 lane=5 START nanopynix/tests/rpc/client/test_eval_rpc.py::test_repl_session_persists_bindings
SOAK     0.149 lane=7 START nanopynix/tests/rpc/client/test_eval_rpc.py::test_eval_concurrent_sessions
SOAK     1.823 lane=6 END   nanopynix/tests/rpc/client/test_eval_rpc.py::test_eval_call_function_with_nested_value_proxy_arg ok
SOAK     1.824 lane=1 END   nanopynix/tests/rpc/client/test_eval_rpc.py::test_eval_attr_navigation ok
SOAK     1.824 lane=1 START nanopynix/tests/rpc/test_error_identity.py::test_a_nix_error_still_refines_past_the_class_the_worker_named
SOAK     1.841 lane=2 END   nanopynix/tests/rpc/client/test_eval_rpc.py::test_eval_file_simple ok
SOAK     1.841 lane=2 START nanopynix/tests/rpc/client/test_eval_rpc.py::test_to_python_refuses_a_tree_containing_a_function
SOAK     1.857 lane=6 START nanopynix/tests/rpc/client/test_eval_rpc.py::test_eval_nested_navigation
SOAK     1.884 lane=3 END   nanopynix/tests/rpc/client/test_eval_rpc.py::test_eval_attr_names ok
SOAK     1.885 lane=4 END   nanopynix/tests/test_store_metadata_fidelity.py::test_rpc_build_reports_the_path_it_produced ok
SOAK     1.885 lane=0 END   nanopynix/tests/rpc/client/test_eval_rpc.py::test_repl_session_load_file_autocalls_top_level_function ok
SOAK     1.887 lane=5 END   nanopynix/tests/rpc/client/test_eval_rpc.py::test_repl_session_persists_bindings ok
SOAK     1.887 lane=5 START nanopynix/tests/rpc/client/test_eval_rpc.py::test_force_closing_store_closes_dependent_eval_state
SOAK     1.901 lane=7 END   nanopynix/tests/rpc/client/test_eval_rpc.py::test_eval_concurrent_sessions ok
SOAK     1.901 lane=7 START nanopynix/tests/rpc/client/test_eval_rpc.py::test_repl_session_adds_attrs_to_scope
SOAK     1.918 lane=3 START nanopynix/tests/rpc/client/test_eval_rpc.py::test_eval_thunk
SOAK     1.934 lane=4 START nanopynix/tests/test_store_exec.py::test_rpc_a_program_in_a_relocated_store_runs_through_the_exec_prefix
SOAK     1.952 lane=0 START nanopynix/tests/rpc/client/test_eval_rpc.py::test_eval_session_cleanup
SOAK     3.135 lane=5 END   nanopynix/tests/rpc/client/test_eval_rpc.py::test_force_closing_store_closes_dependent_eval_state ok
SOAK     3.135 lane=1 END   nanopynix/tests/rpc/test_error_identity.py::test_a_nix_error_still_refines_past_the_class_the_worker_named ok
SOAK     3.135 lane=1 START nanopynix/tests/rpc/client/test_eval_rpc.py::test_eval_auto_call_function_with_default_attrset_args
SOAK     3.157 lane=5 START nanopynix/tests/rpc/client/test_eval_rpc.py::test_eval_list
SOAK     3.175 lane=6 END   nanopynix/tests/rpc/client/test_eval_rpc.py::test_eval_nested_navigation ok
SOAK     3.175 lane=6 START nanopynix/tests/rpc/client/test_eval_rpc.py::test_forced_attrs_borrow_the_parent_value_handle
SOAK     3.202 lane=0 END   nanopynix/tests/rpc/client/test_eval_rpc.py::test_eval_session_cleanup ok
SOAK     3.206 lane=0 START nanopynix/tests/rpc/client/test_eval_rpc.py::test_eval_file_directory_loads_default_nix
SOAK     3.232 lane=3 END   nanopynix/tests/rpc/client/test_eval_rpc.py::test_eval_thunk ok
SOAK     3.232 lane=3 START nanopynix/tests/test_scalar_accessor_semantics.py::test_rpc_reads_a_string_carrying_store_path_context
SOAK     3.271 lane=7 END   nanopynix/tests/rpc/client/test_eval_rpc.py::test_repl_session_adds_attrs_to_scope ok
SOAK     3.271 lane=7 START nanopynix/tests/rpc/test_error_identity.py::test_an_unsupported_scalar_type_arrives_as_value_error
SOAK     3.293 lane=2 END   nanopynix/tests/rpc/client/test_eval_rpc.py::test_to_python_refuses_a_tree_containing_a_function ok
SOAK     3.293 lane=2 START nanopynix/tests/rpc/client/test_eval_rpc.py::test_eval_strict_accessor_and_apply
SOAK     3.945 lane=4 END   nanopynix/tests/test_store_exec.py::test_rpc_a_program_in_a_relocated_store_runs_through_the_exec_prefix ok
SOAK     3.945 lane=4 START nanopynix/tests/test_store_metadata_fidelity.py::test_rpc_read_derivation_keeps_structured_attrs
SOAK     4.474 lane=6 END   nanopynix/tests/rpc/client/test_eval_rpc.py::test_forced_attrs_borrow_the_parent_value_handle ok
SOAK     4.475 lane=6 START nanopynix/tests/rpc/client/test_eval_rpc.py::test_copy_closure_between_stores
SOAK     4.501 lane=0 END   nanopynix/tests/rpc/client/test_eval_rpc.py::test_eval_file_directory_loads_default_nix ok
SOAK     4.501 lane=0 START nanopynix/tests/rpc/test_error_identity.py::test_an_absent_handle_arrives_as_key_error
SOAK     4.517 lane=5 END   nanopynix/tests/rpc/client/test_eval_rpc.py::test_eval_list ok
SOAK     4.517 lane=5 START nanopynix/tests/test_store_metadata_fidelity.py::test_rpc_read_derivation_keeps_nested_input_drvs
SOAK     4.536 lane=1 END   nanopynix/tests/rpc/client/test_eval_rpc.py::test_eval_auto_call_function_with_default_attrset_args ok
SOAK     4.536 lane=1 START nanopynix/tests/rpc/client/test_eval_rpc.py::test_eval_string
SOAK     4.558 lane=7 END   nanopynix/tests/rpc/test_error_identity.py::test_an_unsupported_scalar_type_arrives_as_value_error ok
SOAK     4.558 lane=7 START nanopynix/tests/test_repl_scope_capacity.py::test_rpc_refuses_one_binding_past_the_end
SOAK     4.583 lane=3 END   nanopynix/tests/test_scalar_accessor_semantics.py::test_rpc_reads_a_string_carrying_store_path_context ok
SOAK     4.590 lane=3 START nanopynix/tests/rpc/client/test_eval_rpc.py::test_eval_force_does_not_consume
SOAK     4.624 lane=2 END   nanopynix/tests/rpc/client/test_eval_rpc.py::test_eval_strict_accessor_and_apply ok
SOAK     4.624 lane=2 START nanopynix/tests/rpc/test_error_identity.py::test_a_setting_refusal_arrives_as_setting_not_live_error
SOAK     5.135 lane=4 END   nanopynix/tests/test_store_metadata_fidelity.py::test_rpc_read_derivation_keeps_structured_attrs ok
SOAK     5.135 lane=4 START nanopynix/tests/rpc/client/test_eval_rpc.py::test_repl_session_open_is_idempotent
SOAK     5.814 lane=1 END   nanopynix/tests/rpc/client/test_eval_rpc.py::test_eval_string ok
SOAK     5.815 lane=0 END   nanopynix/tests/rpc/test_error_identity.py::test_an_absent_handle_arrives_as_key_error ok
SOAK     5.815 lane=0 START nanopynix/tests/rpc/client/test_eval_rpc.py::test_eval_call_function_with_value_proxy_arg
SOAK     5.829 lane=1 START nanopynix/tests/rpc/client/test_eval_rpc.py::test_eval_has_attr
SOAK     5.860 lane=3 END   nanopynix/tests/rpc/client/test_eval_rpc.py::test_eval_force_does_not_consume ok
SOAK     5.860 lane=3 START nanopynix/tests/rpc/test_error_identity.py::test_a_handle_of_the_wrong_kind_arrives_as_type_error
SOAK     5.876 lane=6 END   nanopynix/tests/rpc/client/test_eval_rpc.py::test_copy_closure_between_stores ok
SOAK     5.876 lane=6 START nanopynix/tests/rpc/client/test_eval_rpc.py::test_eval_call_non_function_raises
SOAK     5.896 lane=2 END   nanopynix/tests/rpc/test_error_identity.py::test_a_setting_refusal_arrives_as_setting_not_live_error ok
SOAK     5.900 lane=5 END   nanopynix/tests/test_store_metadata_fidelity.py::test_rpc_read_derivation_keeps_nested_input_drvs ok
SOAK     5.900 lane=5 START nanopynix/tests/rpc/test_error_identity.py::test_a_negative_index_past_the_start_arrives_as_index_error
SOAK     5.916 lane=2 START nanopynix/tests/rpc/client/test_eval_rpc.py::test_repl_session_edit_location_uses_function_source
SOAK     6.050 lane=7 END   nanopynix/tests/test_repl_scope_capacity.py::test_rpc_refuses_one_binding_past_the_end ok
SOAK     6.051 lane=7 START nanopynix/tests/rpc/client/test_eval_rpc.py::test_eval_reused_function_can_call_separately_evaluated_value
SOAK     6.344 lane=4 END   nanopynix/tests/rpc/client/test_eval_rpc.py::test_repl_session_open_is_idempotent ok
SOAK     6.344 lane=4 START nanopynix/tests/rpc/client/test_eval_rpc.py::test_repl_session_scope_names_include_bindings_and_base_scope
SOAK     7.054 lane=1 END   nanopynix/tests/rpc/client/test_eval_rpc.py::test_eval_has_attr ok
SOAK     7.054 lane=1 START nanopynix/tests/test_repl_scope_capacity.py::test_rpc_fills_the_repl_scope_exactly_to_the_end
SOAK     7.072 lane=0 END   nanopynix/tests/rpc/client/test_eval_rpc.py::test_eval_call_function_with_value_proxy_arg ok
SOAK     7.072 lane=0 START nanopynix/tests/rpc/client/test_eval_rpc.py::test_eval_call_function
SOAK     7.089 lane=3 END   nanopynix/tests/rpc/test_error_identity.py::test_a_handle_of_the_wrong_kind_arrives_as_type_error ok
SOAK     7.096 lane=6 END   nanopynix/tests/rpc/client/test_eval_rpc.py::test_eval_call_non_function_raises ok
SOAK     7.127 lane=5 END   nanopynix/tests/rpc/test_error_identity.py::test_a_negative_index_past_the_start_arrives_as_index_error ok
SOAK     7.148 lane=2 END   nanopynix/tests/rpc/client/test_eval_rpc.py::test_repl_session_edit_location_uses_function_source ok
SOAK     7.148 lane=2 START nanopynix/tests/rpc/client/test_eval_rpc.py::test_eval_callable_function_proxy
SOAK     7.197 lane=7 END   nanopynix/tests/rpc/client/test_eval_rpc.py::test_eval_reused_function_can_call_separately_evaluated_value ok
SOAK     7.495 lane=4 END   nanopynix/tests/rpc/client/test_eval_rpc.py::test_repl_session_scope_names_include_bindings_and_base_scope ok
SOAK     8.261 lane=0 END   nanopynix/tests/rpc/client/test_eval_rpc.py::test_eval_call_function ok
SOAK     8.329 lane=2 END   nanopynix/tests/rpc/client/test_eval_rpc.py::test_eval_callable_function_proxy ok
SOAK     8.842 lane=1 END   nanopynix/tests/test_repl_scope_capacity.py::test_rpc_fills_the_repl_scope_exactly_to_the_end ok
SOAK END ok=43 fail=0
PASSED

=============================== warnings summary ===============================
nanopynix-helpers/src/nanopynix_helpers/fod.py:28
  /nix/store/068zcmrz9dbz5w3kdja5bvbybfk1783n-nanopynix-source/nanopynix-helpers/src/nanopynix_helpers/fod.py:28: DeprecationWarning: int argument support is deprecated
    _NIX_LANGUAGE = Language(cast("int", tree_sitter_nix.language()))  # type: ignore[reportDeprecated, reportUnknownMemberType] -- tree-sitter-nix 0.3 exposes the legacy integer language pointer

pynix/src/pynix/_nix_syntax.py:24
  /nix/store/068zcmrz9dbz5w3kdja5bvbybfk1783n-nanopynix-source/pynix/src/pynix/_nix_syntax.py:24: DeprecationWarning: int argument support is deprecated
    NIX_LANGUAGE = Language(cast("int", tree_sitter_nix.language()))  # type: ignore[reportDeprecated, reportUnknownMemberType] -- tree-sitter-nix 0.3 exposes the legacy integer language pointer

../xdhampxgcaq13aah0q0lmq0zbdmx9yki-nanopynix-test-env/lib/python3.14/site-packages/_pytest/python.py:124
  /nix/store/xdhampxgcaq13aah0q0lmq0zbdmx9yki-nanopynix-test-env/lib/python3.14/site-packages/_pytest/python.py:124: PytestRemovedIn10Warning: Passing a non-Collection iterable to parametrize is deprecated.
  Test: tests/meta/test_ci_step_policy.py::test_a_run_body_is_one_line, argvalues type: generator
  Please convert to a list or tuple.
  See https://docs.pytest.org/en/stable/deprecations.html#parametrize-iterators
    metafunc.parametrize(*marker.args, **marker.kwargs, _param_mark=marker)

../xdhampxgcaq13aah0q0lmq0zbdmx9yki-nanopynix-test-env/lib/python3.14/site-packages/_pytest/python.py:124
  /nix/store/xdhampxgcaq13aah0q0lmq0zbdmx9yki-nanopynix-test-env/lib/python3.14/site-packages/_pytest/python.py:124: PytestRemovedIn10Warning: Passing a non-Collection iterable to parametrize is deprecated.
  Test: tests/meta/test_ci_step_policy.py::test_a_run_body_holds_no_workflow_expression, argvalues type: generator
  Please convert to a list or tuple.
  See https://docs.pytest.org/en/stable/deprecations.html#parametrize-iterators
    metafunc.parametrize(*marker.args, **marker.kwargs, _param_mark=marker)

-- Docs: https://docs.pytest.org/en/stable/how-to/capture-warnings.html
========== 4 passed, 3761 deselected, 4 warnings in 97.66s (0:01:37) ===========
=== TSAN run 1 exit status: 0 ===
=== TSAN run 2 ===
/nix/store/xdhampxgcaq13aah0q0lmq0zbdmx9yki-nanopynix-test-env/lib/python3.14/site-packages/hypothesis/_settings.py:1098: HypothesisWarning: The database setting is not configured, and the default location is unusable - falling back to an in-memory database for this session.  path=PosixPath('/nix/store/068zcmrz9dbz5w3kdja5bvbybfk1783n-nanopynix-source/.hypothesis/examples')
  value = getattr(self, name)
/nix/store/xdhampxgcaq13aah0q0lmq0zbdmx9yki-nanopynix-test-env/lib/python3.14/site-packages/hypothesis/_settings.py:1099: HypothesisWarning: The database setting is not configured, and the default location is unusable - falling back to an in-memory database for this session.  path=PosixPath('/nix/store/068zcmrz9dbz5w3kdja5bvbybfk1783n-nanopynix-source/.hypothesis/examples')
  if value != getattr(default, name):
============================= test session starts ==============================
platform linux -- Python 3.14.7, pytest-9.1.1, pluggy-1.6.0 -- /nix/store/xdhampxgcaq13aah0q0lmq0zbdmx9yki-nanopynix-test-env/bin/python3.14
hypothesis profile 'default' -> database=InMemoryExampleDatabase({})
rootdir: /nix/store/068zcmrz9dbz5w3kdja5bvbybfk1783n-nanopynix-source
configfile: pytest.ini
testpaths: tests, nanopynix/tests, nanopynix-helpers/tests, pynix/tests, pynix-lsp/tests
plugins: anyio-4.14.2, hypothesis-6.156.1, cov-7.1.0, dependency-0.6.1, forked-1.6.0, xdist-3.8.0, lsp-1.0.1, asyncio-1.4.0
asyncio: mode=Mode.STRICT, debug=False, asyncio_default_fixture_loop_scope=None, asyncio_default_test_loop_scope=function
collecting ... collected 3765 items / 3761 deselected / 4 selected

nanopynix/tests/test_concurrent_soak.py::test_soak_inproc[local] SOAK BEGIN seed=2 lanes=8 tests=77 roster=sha256:f79eb9dbfc68391d
SOAK     0.001 lane=0 START nanopynix/tests/bindings/test_store_empty_path.py::test_the_guard_lives_in_cpp_not_in_the_python_wrapper
SOAK     0.001 lane=1 START nanopynix/tests/inproc/test_inproc.py::test_a_value_the_caller_still_holds_survives_a_collection
SOAK     0.002 lane=2 START nanopynix/tests/test_store_engine_parity_semantics.py::test_the_selector_actually_reaches_nix
SOAK     0.002 lane=3 START nanopynix/tests/inproc/test_inproc.py::test_inproc_concurrent_eval_sessions_have_independent_pure_eval
SOAK     0.003 lane=4 START nanopynix/tests/test_repl_scope_capacity.py::test_inproc_fills_the_repl_scope_exactly_to_the_end
SOAK     0.003 lane=5 START nanopynix/tests/inproc/test_inproc.py::test_inproc_value_rejects_use_from_different_eval_session
SOAK     0.004 lane=6 START nanopynix/tests/test_store_metadata_fidelity.py::test_inproc_read_derivation_keeps_nested_input_drvs
SOAK     0.004 lane=7 START nanopynix/tests/inproc/test_inproc_cancel.py::test_an_operation_that_runs_a_nix_thread_pool_still_completes
SOAK     0.029 lane=0 END   nanopynix/tests/bindings/test_store_empty_path.py::test_the_guard_lives_in_cpp_not_in_the_python_wrapper ok
SOAK     0.034 lane=0 START nanopynix/tests/inproc/test_inproc.py::test_inproc_selection_on_a_released_value_raises_at_selection
SOAK     0.298 lane=5 END   nanopynix/tests/inproc/test_inproc.py::test_inproc_value_rejects_use_from_different_eval_session ok
SOAK     0.304 lane=5 START nanopynix/tests/inproc/test_inproc.py::test_inproc_locked_flake_release_is_idempotent
SOAK     0.325 lane=1 END   nanopynix/tests/inproc/test_inproc.py::test_a_value_the_caller_still_holds_survives_a_collection ok
SOAK     0.326 lane=1 START nanopynix/tests/test_scalar_accessor_semantics.py::test_apply_accepts_an_already_evaluated_function
SOAK     0.331 lane=0 END   nanopynix/tests/inproc/test_inproc.py::test_inproc_selection_on_a_released_value_raises_at_selection ok
SOAK     0.371 lane=6 END   nanopynix/tests/test_store_metadata_fidelity.py::test_inproc_read_derivation_keeps_nested_input_drvs ok
SOAK     0.386 lane=6 START nanopynix/tests/test_scalar_accessor_semantics.py::test_max_call_depth_is_a_nix_error_with_error_info
SOAK     0.418 lane=0 START nanopynix/tests/inproc/test_inproc.py::test_inproc_locked_flake_facade
SOAK     0.445 lane=4 END   nanopynix/tests/test_repl_scope_capacity.py::test_inproc_fills_the_repl_scope_exactly_to_the_end ok
SOAK     0.446 lane=4 START nanopynix/tests/inproc/test_inproc.py::test_inproc_eval_open_requires_open_store
SOAK     0.446 lane=4 END   nanopynix/tests/inproc/test_inproc.py::test_inproc_eval_open_requires_open_store ok
SOAK     0.446 lane=4 START nanopynix/tests/inproc/test_inproc.py::test_inproc_eval_value_navigation
SOAK     0.467 lane=2 END   nanopynix/tests/test_store_engine_parity_semantics.py::test_the_selector_actually_reaches_nix ok
SOAK     0.468 lane=2 START nanopynix/tests/inproc/test_inproc.py::test_inproc_eval_close_releases_values_left_open
SOAK     0.468 lane=3 END   nanopynix/tests/inproc/test_inproc.py::test_inproc_concurrent_eval_sessions_have_independent_pure_eval ok
SOAK     0.502 lane=3 START nanopynix/tests/test_flake_lock_graph.py::test_metadata_json_carries_the_whole_graph
SOAK     0.566 lane=6 END   nanopynix/tests/test_scalar_accessor_semantics.py::test_max_call_depth_is_a_nix_error_with_error_info ok
SOAK     0.567 lane=6 START nanopynix/tests/inproc/test_inproc.py::test_inproc_store_read_derivation
SOAK     0.567 lane=5 END   nanopynix/tests/inproc/test_inproc.py::test_inproc_locked_flake_release_is_idempotent ok
SOAK     0.588 lane=2 END   nanopynix/tests/inproc/test_inproc.py::test_inproc_eval_close_releases_values_left_open ok
SOAK     0.589 lane=2 START nanopynix/tests/test_scalar_accessor_semantics.py::test_inproc_reads_a_string_carrying_store_path_context
SOAK     0.589 lane=5 START nanopynix/tests/inproc/test_inproc.py::test_inproc_value_edit_location
SOAK     0.693 lane=1 END   nanopynix/tests/test_scalar_accessor_semantics.py::test_apply_accepts_an_already_evaluated_function ok
SOAK     0.693 lane=1 START nanopynix/tests/inproc/test_inproc.py::test_inproc_value_call_accepts_value_argument
SOAK     0.708 lane=6 END   nanopynix/tests/inproc/test_inproc.py::test_inproc_store_read_derivation ok
SOAK     0.708 lane=6 START nanopynix/tests/inproc/test_inproc.py::test_inproc_value_attr_names
SOAK     0.715 lane=4 END   nanopynix/tests/inproc/test_inproc.py::test_inproc_eval_value_navigation ok
SOAK     0.755 lane=4 START nanopynix/tests/test_store_metadata_fidelity.py::test_inproc_read_derivation_keeps_structured_attrs
SOAK     0.781 lane=5 END   nanopynix/tests/inproc/test_inproc.py::test_inproc_value_edit_location ok
SOAK     0.781 lane=5 START nanopynix/tests/primops/test_sleep_primop.py::test_sleep_is_a_builtin_and_not_a_global
SOAK     0.807 lane=2 END   nanopynix/tests/test_scalar_accessor_semantics.py::test_inproc_reads_a_string_carrying_store_path_context ok
SOAK     0.807 lane=2 START nanopynix/tests/primops/test_sleep_primop.py::test_sleep_refuses_a_negative_duration
SOAK     0.812 lane=0 END   nanopynix/tests/inproc/test_inproc.py::test_inproc_locked_flake_facade ok
SOAK     0.812 lane=0 START nanopynix/tests/inproc/test_inproc.py::test_inproc_store_open_is_idempotent
SOAK     0.813 lane=6 END   nanopynix/tests/inproc/test_inproc.py::test_inproc_value_attr_names ok
SOAK     0.813 lane=6 START nanopynix/tests/test_scalar_accessor_semantics.py::test_deep_conversion_of_a_true_cycle_raises_instead_of_crashing
SOAK     0.823 lane=3 END   nanopynix/tests/test_flake_lock_graph.py::test_metadata_json_carries_the_whole_graph ok
SOAK     0.830 lane=0 END   nanopynix/tests/inproc/test_inproc.py::test_inproc_store_open_is_idempotent ok
SOAK     0.830 lane=0 START nanopynix/tests/inproc/test_inproc.py::test_inproc_value_autocall_and_realise_argv
SOAK     0.832 lane=1 END   nanopynix/tests/inproc/test_inproc.py::test_inproc_value_call_accepts_value_argument ok
SOAK     0.832 lane=1 START nanopynix/tests/inproc/test_inproc.py::test_inproc_eval_open_and_close_are_idempotent
SOAK     0.835 lane=5 END   nanopynix/tests/primops/test_sleep_primop.py::test_sleep_is_a_builtin_and_not_a_global ok
SOAK     0.835 lane=5 START nanopynix/tests/test_store_metadata_fidelity.py::test_inproc_build_reports_the_path_it_produced
SOAK     0.841 lane=3 START nanopynix/tests/test_stores.py::test_two_store_roots_get_a_local_store_each
SOAK     0.850 lane=2 END   nanopynix/tests/primops/test_sleep_primop.py::test_sleep_refuses_a_negative_duration ok
SOAK     0.850 lane=2 START nanopynix/tests/inproc/test_inproc.py::test_inproc_store_cannot_close_while_its_eval_state_is_open
SOAK     0.859 lane=4 END   nanopynix/tests/test_store_metadata_fidelity.py::test_inproc_read_derivation_keeps_structured_attrs ok
SOAK     0.859 lane=4 START nanopynix/tests/inproc/test_inproc.py::test_the_collector_owner_thread_outlives_the_session
SOAK     0.878 lane=1 END   nanopynix/tests/inproc/test_inproc.py::test_inproc_eval_open_and_close_are_idempotent ok
SOAK     0.878 lane=1 START nanopynix/tests/inproc/test_inproc.py::test_inproc_session_subscribe_receives_a_request_finalized_event
SOAK     0.881 lane=1 END   nanopynix/tests/inproc/test_inproc.py::test_inproc_session_subscribe_receives_a_request_finalized_event ok
SOAK     0.883 lane=2 END   nanopynix/tests/inproc/test_inproc.py::test_inproc_store_cannot_close_while_its_eval_state_is_open ok
SOAK     0.883 lane=2 START nanopynix/tests/inproc/test_inproc.py::test_inproc_value_rejects_use_after_eval_close
SOAK     0.889 lane=1 START nanopynix/tests/inproc/test_inproc.py::test_inproc_eval_close_releases_leftover_locked_flakes
SOAK     0.909 lane=4 END   nanopynix/tests/inproc/test_inproc.py::test_the_collector_owner_thread_outlives_the_session ok
SOAK     0.915 lane=4 START nanopynix/tests/inproc/test_inproc.py::test_inproc_value_to_python
SOAK     0.917 lane=0 END   nanopynix/tests/inproc/test_inproc.py::test_inproc_value_autocall_and_realise_argv ok
SOAK     0.917 lane=0 START nanopynix/tests/test_scalar_accessor_semantics.py::test_deep_conversion_of_a_derivation_terminates
SOAK     0.931 lane=2 END   nanopynix/tests/inproc/test_inproc.py::test_inproc_value_rejects_use_after_eval_close ok
SOAK     0.938 lane=2 START nanopynix/tests/test_stores.py::test_a_store_root_that_came_back_is_not_the_old_store
SOAK     1.014 lane=4 END   nanopynix/tests/inproc/test_inproc.py::test_inproc_value_to_python ok
SOAK     1.016 lane=1 END   nanopynix/tests/inproc/test_inproc.py::test_inproc_eval_close_releases_leftover_locked_flakes ok
SOAK     1.016 lane=1 START nanopynix/tests/inproc/test_inproc.py::test_inproc_store_uri_and_store_dir
SOAK     1.036 lane=4 START nanopynix/tests/test_store_exec.py::test_inproc_a_program_in_a_relocated_store_runs_through_the_exec_prefix
SOAK     1.087 lane=0 END   nanopynix/tests/test_scalar_accessor_semantics.py::test_deep_conversion_of_a_derivation_terminates ok
SOAK     1.092 lane=1 END   nanopynix/tests/inproc/test_inproc.py::test_inproc_store_uri_and_store_dir ok
SOAK     1.092 lane=1 START nanopynix/tests/bindings/test_value_accessor_types.py::test_accessors_force_a_thunk_first
SOAK     1.092 lane=0 START nanopynix/tests/test_stores.py::test_two_handles_on_one_local_store_share_the_temp_roots_file
SOAK     1.152 lane=1 END   nanopynix/tests/bindings/test_value_accessor_types.py::test_accessors_force_a_thunk_first ok
SOAK     1.152 lane=1 START nanopynix/tests/inproc/test_inproc_cancel.py::test_a_cancelled_interruptible_operation_frees_the_evaluator
SOAK     1.437 lane=3 END   nanopynix/tests/test_stores.py::test_two_store_roots_get_a_local_store_each ok
SOAK     1.437 lane=3 START nanopynix/tests/inproc/test_inproc.py::test_inproc_allows_concurrent_eval_states_on_one_store
SOAK     1.446 lane=2 END   nanopynix/tests/test_stores.py::test_a_store_root_that_came_back_is_not_the_old_store ok
SOAK     1.447 lane=5 END   nanopynix/tests/test_store_metadata_fidelity.py::test_inproc_build_reports_the_path_it_produced ok
SOAK     1.447 lane=5 START nanopynix/tests/test_repl_scope_capacity.py::test_inproc_refuses_one_binding_past_the_end
SOAK     1.482 lane=2 START nanopynix/tests/test_store_dump_db.py::test_the_records_follow_the_order_of_the_argument
SOAK     1.528 lane=3 END   nanopynix/tests/inproc/test_inproc.py::test_inproc_allows_concurrent_eval_states_on_one_store ok
SOAK     1.530 lane=3 START nanopynix/tests/inproc/test_inproc.py::test_inproc_value_context_manager_releases_rooted_value
SOAK     1.536 lane=2 END   nanopynix/tests/test_store_dump_db.py::test_the_records_follow_the_order_of_the_argument ok
SOAK     1.556 lane=2 START nanopynix/tests/test_flake_lock_graph.py::test_find_input_resolves_a_follows_edge
SOAK     1.625 lane=3 END   nanopynix/tests/inproc/test_inproc.py::test_inproc_value_context_manager_releases_rooted_value ok
SOAK     1.625 lane=3 START nanopynix/tests/primops/test_sleep_primop.py::test_sleep_waits_for_the_time_it_is_given
SOAK     1.702 lane=0 END   nanopynix/tests/test_stores.py::test_two_handles_on_one_local_store_share_the_temp_roots_file ok
SOAK     1.704 lane=0 START nanopynix/tests/inproc/test_inproc.py::test_inproc_repl_requires_open_repl
SOAK     1.709 lane=0 END   nanopynix/tests/inproc/test_inproc.py::test_inproc_repl_requires_open_repl ok
SOAK     1.710 lane=0 START nanopynix/tests/inproc/test_inproc.py::test_inproc_value_scalar_conversions
SOAK     1.753 lane=4 END   nanopynix/tests/test_store_exec.py::test_inproc_a_program_in_a_relocated_store_runs_through_the_exec_prefix ok
SOAK     1.754 lane=2 END   nanopynix/tests/test_flake_lock_graph.py::test_find_input_resolves_a_follows_edge ok
SOAK     1.756 lane=2 START nanopynix/tests/inproc/test_inproc.py::test_inproc_eval_file
SOAK     1.759 lane=4 START nanopynix/tests/test_flake_lock_graph.py::test_find_input_returns_none_for_a_name_that_is_not_an_input
SOAK     1.842 lane=0 END   nanopynix/tests/inproc/test_inproc.py::test_inproc_value_scalar_conversions ok
SOAK     1.849 lane=0 START nanopynix/tests/inproc/test_inproc.py::test_inproc_repl_load_file_and_add_attrs
SOAK     1.893 lane=2 END   nanopynix/tests/inproc/test_inproc.py::test_inproc_eval_file ok
SOAK     1.907 lane=0 END   nanopynix/tests/inproc/test_inproc.py::test_inproc_repl_load_file_and_add_attrs ok
SOAK     1.983 lane=4 END   nanopynix/tests/test_flake_lock_graph.py::test_find_input_returns_none_for_a_name_that_is_not_an_input ok
SOAK     1.983 lane=4 START nanopynix/tests/inproc/test_inproc.py::test_collect_garbage_rejects_an_unsupported_action
SOAK     1.990 lane=4 END   nanopynix/tests/inproc/test_inproc.py::test_collect_garbage_rejects_an_unsupported_action ok
SOAK     1.995 lane=4 START nanopynix/tests/inproc/test_inproc.py::test_inproc_copy_closure_copies_between_two_stores_in_one_session
SOAK     2.058 lane=3 END   nanopynix/tests/primops/test_sleep_primop.py::test_sleep_waits_for_the_time_it_is_given ok
SOAK     2.058 lane=3 START nanopynix/tests/inproc/test_inproc.py::test_inproc_store_query_missing
SOAK     2.082 lane=3 END   nanopynix/tests/inproc/test_inproc.py::test_inproc_store_query_missing ok
SOAK     2.082 lane=3 START nanopynix/tests/bindings/test_value_accessor_types.py::test_an_int_read_as_a_string_names_both_types
SOAK     2.101 lane=3 END   nanopynix/tests/bindings/test_value_accessor_types.py::test_an_int_read_as_a_string_names_both_types ok
SOAK     2.110 lane=3 START nanopynix/tests/inproc/test_inproc.py::test_inproc_optimise_and_verify_a_private_store
SOAK     2.112 lane=4 END   nanopynix/tests/inproc/test_inproc.py::test_inproc_copy_closure_copies_between_two_stores_in_one_session ok
SOAK     2.165 lane=5 END   nanopynix/tests/test_repl_scope_capacity.py::test_inproc_refuses_one_binding_past_the_end ok
SOAK     2.168 lane=5 START nanopynix/tests/inproc/test_inproc.py::test_inproc_repl_supports_shared_protocol_operations
SOAK     2.213 lane=3 END   nanopynix/tests/inproc/test_inproc.py::test_inproc_optimise_and_verify_a_private_store ok
SOAK     2.215 lane=5 END   nanopynix/tests/inproc/test_inproc.py::test_inproc_repl_supports_shared_protocol_operations ok
SOAK     2.215 lane=3 START nanopynix/tests/inproc/test_inproc.py::test_inproc_eval_flake
SOAK     2.226 lane=5 START nanopynix/tests/inproc/test_inproc.py::test_inproc_lock_flake_update_inputs_variants
SOAK     2.281 lane=3 END   nanopynix/tests/inproc/test_inproc.py::test_inproc_eval_flake ok
SOAK     2.288 lane=5 END   nanopynix/tests/inproc/test_inproc.py::test_inproc_lock_flake_update_inputs_variants ok
SOAK     2.289 lane=5 START nanopynix/tests/inproc/test_inproc.py::test_inproc_session_subscribe_receives_log_events
SOAK     2.340 lane=5 END   nanopynix/tests/inproc/test_inproc.py::test_inproc_session_subscribe_receives_log_events ok
SOAK     4.456 lane=6 END   nanopynix/tests/test_scalar_accessor_semantics.py::test_deep_conversion_of_a_true_cycle_raises_instead_of_crashing ok
SOAK     4.456 lane=6 START nanopynix/tests/inproc/test_inproc.py::test_inproc_eval_rejects_store_from_different_session
SOAK     4.462 lane=6 END   nanopynix/tests/inproc/test_inproc.py::test_inproc_eval_rejects_store_from_different_session ok
SOAK     4.463 lane=6 START nanopynix/tests/test_store_engine_parity_semantics.py::test_a_bare_drv_round_trips_through_its_own_reply
SOAK     4.474 lane=6 END   nanopynix/tests/test_store_engine_parity_semantics.py::test_a_bare_drv_round_trips_through_its_own_reply ok
SOAK     4.474 lane=6 START nanopynix/tests/test_store_metadata_fidelity.py::test_an_opaque_request_builds_nothing_and_says_so
SOAK     4.496 lane=6 END   nanopynix/tests/test_store_metadata_fidelity.py::test_an_opaque_request_builds_nothing_and_says_so ok
SOAK     4.496 lane=6 START nanopynix/tests/inproc/test_inproc.py::test_inproc_store_query_derivation_outputs_and_valid_derivers
SOAK     4.520 lane=6 END   nanopynix/tests/inproc/test_inproc.py::test_inproc_store_query_derivation_outputs_and_valid_derivers ok
SOAK     7.592 lane=1 END   nanopynix/tests/inproc/test_inproc_cancel.py::test_a_cancelled_interruptible_operation_frees_the_evaluator ok
SOAK     7.592 lane=1 START nanopynix/tests/inproc/test_inproc.py::test_inproc_value_release_is_idempotent
SOAK     7.602 lane=1 END   nanopynix/tests/inproc/test_inproc.py::test_inproc_value_release_is_idempotent ok
SOAK     7.875 lane=7 END   nanopynix/tests/inproc/test_inproc_cancel.py::test_an_operation_that_runs_a_nix_thread_pool_still_completes ok
SOAK     7.875 lane=7 START nanopynix/tests/inproc/test_inproc.py::test_inproc_store_not_open_raises
SOAK     7.875 lane=7 END   nanopynix/tests/inproc/test_inproc.py::test_inproc_store_not_open_raises ok
SOAK     7.875 lane=7 START nanopynix/tests/inproc/test_inproc.py::test_inproc_value_auto_call
SOAK     7.887 lane=7 END   nanopynix/tests/inproc/test_inproc.py::test_inproc_value_auto_call ok
SOAK     7.887 lane=7 START nanopynix/tests/inproc/test_inproc.py::test_inproc_repl_open_is_idempotent
SOAK     7.905 lane=7 END   nanopynix/tests/inproc/test_inproc.py::test_inproc_repl_open_is_idempotent ok
SOAK     7.905 lane=7 START nanopynix/tests/inproc/test_inproc.py::test_inproc_value_build_rejects_store_from_different_session
SOAK     7.915 lane=7 END   nanopynix/tests/inproc/test_inproc.py::test_inproc_value_build_rejects_store_from_different_session ok
SOAK     7.916 lane=7 START nanopynix/tests/inproc/test_inproc.py::test_inproc_eval_state_can_be_closed_and_reopened
SOAK     7.929 lane=7 END   nanopynix/tests/inproc/test_inproc.py::test_inproc_eval_state_can_be_closed_and_reopened ok
SOAK     7.929 lane=7 START nanopynix/tests/inproc/test_inproc.py::test_inproc_store_collect_garbage_return_dead
SOAK     8.016 lane=7 END   nanopynix/tests/inproc/test_inproc.py::test_inproc_store_collect_garbage_return_dead ok
SOAK     8.017 lane=7 START nanopynix/tests/test_flake_lock_graph.py::test_find_input_returns_a_locked_ref_with_a_rev
SOAK     8.076 lane=7 END   nanopynix/tests/test_flake_lock_graph.py::test_find_input_returns_a_locked_ref_with_a_rev ok
SOAK     8.076 lane=7 START nanopynix/tests/inproc/test_inproc.py::test_inproc_value_build_raises_on_build_failure
SOAK     8.549 lane=7 END   nanopynix/tests/inproc/test_inproc.py::test_inproc_value_build_raises_on_build_failure ok
SOAK END ok=77 fail=0
PASSED
nanopynix/tests/test_concurrent_soak.py::test_soak_rpc[local] SOAK BEGIN seed=2 lanes=8 tests=43 roster=sha256:eef7d5aefd96e46b
SOAK     0.001 lane=0 START nanopynix/tests/rpc/client/test_eval_rpc.py::test_eval_call_non_function_raises
SOAK     0.012 lane=1 START nanopynix/tests/test_repl_scope_capacity.py::test_rpc_refuses_one_binding_past_the_end
SOAK     0.023 lane=2 START nanopynix/tests/test_store_metadata_fidelity.py::test_rpc_build_reports_the_path_it_produced
SOAK     0.034 lane=3 START nanopynix/tests/rpc/client/test_eval_rpc.py::test_eval_call_function
SOAK     0.052 lane=4 START nanopynix/tests/rpc/client/test_eval_rpc.py::test_eval_call_function_with_value_proxy_arg
SOAK     0.064 lane=5 START nanopynix/tests/rpc/test_error_identity.py::test_a_handle_of_the_wrong_kind_arrives_as_type_error
SOAK     0.076 lane=6 START nanopynix/tests/rpc/client/test_eval_rpc.py::test_force_closing_store_closes_dependent_eval_state
SOAK     0.107 lane=7 START nanopynix/tests/rpc/client/test_eval_rpc.py::test_eval_thunk
SOAK     1.387 lane=5 END   nanopynix/tests/rpc/test_error_identity.py::test_a_handle_of_the_wrong_kind_arrives_as_type_error ok
SOAK     1.387 lane=5 START nanopynix/tests/rpc/client/test_eval_rpc.py::test_forced_attrs_borrow_the_parent_value_handle
SOAK     1.401 lane=4 END   nanopynix/tests/rpc/client/test_eval_rpc.py::test_eval_call_function_with_value_proxy_arg ok
SOAK     1.401 lane=4 START nanopynix/tests/rpc/test_error_identity.py::test_an_absent_handle_arrives_as_key_error
SOAK     1.429 lane=3 END   nanopynix/tests/rpc/client/test_eval_rpc.py::test_eval_call_function ok
SOAK     1.431 lane=3 START nanopynix/tests/rpc/client/test_eval_rpc.py::test_eval_nested_navigation
SOAK     1.449 lane=0 END   nanopynix/tests/rpc/client/test_eval_rpc.py::test_eval_call_non_function_raises ok
SOAK     1.454 lane=7 END   nanopynix/tests/rpc/client/test_eval_rpc.py::test_eval_thunk ok
SOAK     1.454 lane=7 START nanopynix/tests/rpc/test_error_identity.py::test_an_unsupported_scalar_type_arrives_as_value_error
SOAK     1.467 lane=0 START nanopynix/tests/rpc/client/test_eval_rpc.py::test_eval_concurrent_sessions
SOAK     1.467 lane=6 END   nanopynix/tests/rpc/client/test_eval_rpc.py::test_force_closing_store_closes_dependent_eval_state ok
SOAK     1.468 lane=6 START nanopynix/tests/rpc/client/test_eval_rpc.py::test_eval_strict_accessor_and_apply
SOAK     1.521 lane=2 END   nanopynix/tests/test_store_metadata_fidelity.py::test_rpc_build_reports_the_path_it_produced ok
SOAK     1.521 lane=2 START nanopynix/tests/rpc/client/test_eval_rpc.py::test_to_python_refuses_a_tree_containing_a_function
SOAK     1.559 lane=1 END   nanopynix/tests/test_repl_scope_capacity.py::test_rpc_refuses_one_binding_past_the_end ok
SOAK     1.561 lane=1 START nanopynix/tests/test_store_metadata_fidelity.py::test_rpc_read_derivation_keeps_structured_attrs
SOAK     2.765 lane=4 END   nanopynix/tests/rpc/test_error_identity.py::test_an_absent_handle_arrives_as_key_error ok
SOAK     2.766 lane=4 START nanopynix/tests/rpc/client/test_eval_rpc.py::test_copy_closure_between_stores
SOAK     2.791 lane=5 END   nanopynix/tests/rpc/client/test_eval_rpc.py::test_forced_attrs_borrow_the_parent_value_handle ok
SOAK     2.791 lane=5 START nanopynix/tests/rpc/client/test_eval_rpc.py::test_eval_attr_names
SOAK     2.816 lane=0 END   nanopynix/tests/rpc/client/test_eval_rpc.py::test_eval_concurrent_sessions ok
SOAK     2.817 lane=0 START nanopynix/tests/rpc/client/test_eval_rpc.py::test_eval_force_does_not_consume
SOAK     2.836 lane=3 END   nanopynix/tests/rpc/client/test_eval_rpc.py::test_eval_nested_navigation ok
SOAK     2.836 lane=3 START nanopynix/tests/rpc/client/test_eval_rpc.py::test_repl_session_open_is_idempotent
SOAK     2.855 lane=7 END   nanopynix/tests/rpc/test_error_identity.py::test_an_unsupported_scalar_type_arrives_as_value_error ok
SOAK     2.855 lane=7 START nanopynix/tests/rpc/client/test_eval_rpc.py::test_repl_session_scope_names_include_bindings_and_base_scope
SOAK     2.878 lane=1 END   nanopynix/tests/test_store_metadata_fidelity.py::test_rpc_read_derivation_keeps_structured_attrs ok
SOAK     2.878 lane=1 START nanopynix/tests/rpc/test_error_identity.py::test_a_setting_refusal_arrives_as_setting_not_live_error
SOAK     2.921 lane=2 END   nanopynix/tests/rpc/client/test_eval_rpc.py::test_to_python_refuses_a_tree_containing_a_function ok
SOAK     2.930 lane=2 START nanopynix/tests/rpc/client/test_eval_rpc.py::test_repl_session_edit_location_uses_function_source
SOAK     2.962 lane=6 END   nanopynix/tests/rpc/client/test_eval_rpc.py::test_eval_strict_accessor_and_apply ok
SOAK     2.962 lane=6 START nanopynix/tests/rpc/client/test_eval_rpc.py::test_eval_callable_function_proxy
SOAK     4.083 lane=5 END   nanopynix/tests/rpc/client/test_eval_rpc.py::test_eval_attr_names ok
SOAK     4.084 lane=5 START nanopynix/tests/test_store_exec.py::test_rpc_a_program_in_a_relocated_store_runs_through_the_exec_prefix
SOAK     4.142 lane=0 END   nanopynix/tests/rpc/client/test_eval_rpc.py::test_eval_force_does_not_consume ok
SOAK     4.143 lane=1 END   nanopynix/tests/rpc/test_error_identity.py::test_a_setting_refusal_arrives_as_setting_not_live_error ok
SOAK     4.144 lane=7 END   nanopynix/tests/rpc/client/test_eval_rpc.py::test_repl_session_scope_names_include_bindings_and_base_scope ok
SOAK     4.144 lane=1 START nanopynix/tests/rpc/client/test_eval_rpc.py::test_eval_session_cleanup
SOAK     4.153 lane=0 START nanopynix/tests/rpc/client/test_eval_rpc.py::test_eval_list
SOAK     4.168 lane=7 START nanopynix/tests/rpc/client/test_eval_rpc.py::test_repl_session_load_file_autocalls_top_level_function
SOAK     4.183 lane=4 END   nanopynix/tests/rpc/client/test_eval_rpc.py::test_copy_closure_between_stores ok
SOAK     4.184 lane=4 START nanopynix/tests/rpc/test_error_identity.py::test_a_nix_error_still_refines_past_the_class_the_worker_named
SOAK     4.197 lane=3 END   nanopynix/tests/rpc/client/test_eval_rpc.py::test_repl_session_open_is_idempotent ok
SOAK     4.197 lane=3 START nanopynix/tests/test_repl_scope_capacity.py::test_rpc_fills_the_repl_scope_exactly_to_the_end
SOAK     4.215 lane=2 END   nanopynix/tests/rpc/client/test_eval_rpc.py::test_repl_session_edit_location_uses_function_source ok
SOAK     4.218 lane=6 END   nanopynix/tests/rpc/client/test_eval_rpc.py::test_eval_callable_function_proxy ok
SOAK     4.218 lane=6 START nanopynix/tests/rpc/test_error_identity.py::test_a_negative_index_past_the_start_arrives_as_index_error
SOAK     4.245 lane=2 START nanopynix/tests/rpc/client/test_eval_rpc.py::test_eval_file_simple
SOAK     5.381 lane=1 END   nanopynix/tests/rpc/client/test_eval_rpc.py::test_eval_session_cleanup ok
SOAK     5.381 lane=1 START nanopynix/tests/test_scalar_accessor_semantics.py::test_rpc_reads_a_string_carrying_store_path_context
SOAK     5.398 lane=0 END   nanopynix/tests/rpc/client/test_eval_rpc.py::test_eval_list ok
SOAK     5.404 lane=0 START nanopynix/tests/rpc/client/test_eval_rpc.py::test_repl_session_persists_bindings
SOAK     5.445 lane=4 END   nanopynix/tests/rpc/test_error_identity.py::test_a_nix_error_still_refines_past_the_class_the_worker_named ok
SOAK     5.446 lane=4 START nanopynix/tests/rpc/client/test_eval_rpc.py::test_eval_reused_function_can_call_separately_evaluated_value
SOAK     5.485 lane=7 END   nanopynix/tests/rpc/client/test_eval_rpc.py::test_repl_session_load_file_autocalls_top_level_function ok
SOAK     5.485 lane=7 START nanopynix/tests/rpc/client/test_eval_rpc.py::test_repl_session_adds_attrs_to_scope
SOAK     5.498 lane=6 END   nanopynix/tests/rpc/test_error_identity.py::test_a_negative_index_past_the_start_arrives_as_index_error ok
SOAK     5.509 lane=2 END   nanopynix/tests/rpc/client/test_eval_rpc.py::test_eval_file_simple ok
SOAK     5.509 lane=6 START nanopynix/tests/rpc/client/test_eval_rpc.py::test_eval_file_directory_loads_default_nix
SOAK     5.522 lane=2 START nanopynix/tests/rpc/client/test_eval_rpc.py::test_eval_attr_navigation
SOAK     6.037 lane=5 END   nanopynix/tests/test_store_exec.py::test_rpc_a_program_in_a_relocated_store_runs_through_the_exec_prefix ok
SOAK     6.037 lane=5 START nanopynix/tests/rpc/client/test_eval_rpc.py::test_eval_string
SOAK     6.051 lane=3 END   nanopynix/tests/test_repl_scope_capacity.py::test_rpc_fills_the_repl_scope_exactly_to_the_end ok
SOAK     6.052 lane=3 START nanopynix/tests/rpc/client/test_eval_rpc.py::test_eval_has_attr
SOAK     6.608 lane=1 END   nanopynix/tests/test_scalar_accessor_semantics.py::test_rpc_reads_a_string_carrying_store_path_context ok
SOAK     6.608 lane=1 START nanopynix/tests/rpc/client/test_eval_rpc.py::test_eval_call_function_with_nested_value_proxy_arg
SOAK     6.652 lane=0 END   nanopynix/tests/rpc/client/test_eval_rpc.py::test_repl_session_persists_bindings ok
SOAK     6.652 lane=0 START nanopynix/tests/test_store_metadata_fidelity.py::test_rpc_read_derivation_keeps_nested_input_drvs
SOAK     6.669 lane=4 END   nanopynix/tests/rpc/client/test_eval_rpc.py::test_eval_reused_function_can_call_separately_evaluated_value ok
SOAK     6.708 lane=6 END   nanopynix/tests/rpc/client/test_eval_rpc.py::test_eval_file_directory_loads_default_nix ok
SOAK     6.713 lane=7 END   nanopynix/tests/rpc/client/test_eval_rpc.py::test_repl_session_adds_attrs_to_scope ok
SOAK     6.725 lane=2 END   nanopynix/tests/rpc/client/test_eval_rpc.py::test_eval_attr_navigation ok
SOAK     6.725 lane=2 START nanopynix/tests/rpc/client/test_eval_rpc.py::test_eval_auto_call_function_with_default_attrset_args
SOAK     7.180 lane=5 END   nanopynix/tests/rpc/client/test_eval_rpc.py::test_eval_string ok
SOAK     7.205 lane=3 END   nanopynix/tests/rpc/client/test_eval_rpc.py::test_eval_has_attr ok
SOAK     7.797 lane=1 END   nanopynix/tests/rpc/client/test_eval_rpc.py::test_eval_call_function_with_nested_value_proxy_arg ok
SOAK     7.865 lane=0 END   nanopynix/tests/test_store_metadata_fidelity.py::test_rpc_read_derivation_keeps_nested_input_drvs ok
SOAK     7.897 lane=2 END   nanopynix/tests/rpc/client/test_eval_rpc.py::test_eval_auto_call_function_with_default_attrset_args ok
SOAK END ok=43 fail=0
PASSED
nanopynix/tests/test_concurrent_soak.py::test_soak_inproc[daemon] SOAK BEGIN seed=2 lanes=8 tests=77 roster=sha256:f79eb9dbfc68391d
SOAK     0.000 lane=0 START nanopynix/tests/bindings/test_store_empty_path.py::test_the_guard_lives_in_cpp_not_in_the_python_wrapper
SOAK     0.001 lane=1 START nanopynix/tests/inproc/test_inproc.py::test_a_value_the_caller_still_holds_survives_a_collection
SOAK     0.001 lane=2 START nanopynix/tests/test_store_engine_parity_semantics.py::test_the_selector_actually_reaches_nix
SOAK     0.002 lane=3 START nanopynix/tests/inproc/test_inproc.py::test_inproc_concurrent_eval_sessions_have_independent_pure_eval
SOAK     0.003 lane=4 START nanopynix/tests/test_repl_scope_capacity.py::test_inproc_fills_the_repl_scope_exactly_to_the_end
SOAK     0.003 lane=5 START nanopynix/tests/inproc/test_inproc.py::test_inproc_value_rejects_use_from_different_eval_session
SOAK     0.004 lane=6 START nanopynix/tests/test_store_metadata_fidelity.py::test_inproc_read_derivation_keeps_nested_input_drvs
SOAK     0.004 lane=7 START nanopynix/tests/inproc/test_inproc_cancel.py::test_an_operation_that_runs_a_nix_thread_pool_still_completes
SOAK     0.027 lane=0 END   nanopynix/tests/bindings/test_store_empty_path.py::test_the_guard_lives_in_cpp_not_in_the_python_wrapper ok
SOAK     0.027 lane=0 START nanopynix/tests/inproc/test_inproc.py::test_inproc_selection_on_a_released_value_raises_at_selection
SOAK     0.295 lane=5 END   nanopynix/tests/inproc/test_inproc.py::test_inproc_value_rejects_use_from_different_eval_session ok
SOAK     0.304 lane=1 END   nanopynix/tests/inproc/test_inproc.py::test_a_value_the_caller_still_holds_survives_a_collection ok
SOAK     0.304 lane=1 START nanopynix/tests/test_scalar_accessor_semantics.py::test_apply_accepts_an_already_evaluated_function
SOAK     0.312 lane=5 START nanopynix/tests/inproc/test_inproc.py::test_inproc_locked_flake_release_is_idempotent
SOAK     0.326 lane=0 END   nanopynix/tests/inproc/test_inproc.py::test_inproc_selection_on_a_released_value_raises_at_selection ok
SOAK     0.349 lane=6 END   nanopynix/tests/test_store_metadata_fidelity.py::test_inproc_read_derivation_keeps_nested_input_drvs ok
SOAK     0.349 lane=6 START nanopynix/tests/test_scalar_accessor_semantics.py::test_max_call_depth_is_a_nix_error_with_error_info
SOAK     0.351 lane=0 START nanopynix/tests/inproc/test_inproc.py::test_inproc_locked_flake_facade
SOAK     0.359 lane=3 END   nanopynix/tests/inproc/test_inproc.py::test_inproc_concurrent_eval_sessions_have_independent_pure_eval ok
SOAK     0.384 lane=3 START nanopynix/tests/test_flake_lock_graph.py::test_metadata_json_carries_the_whole_graph
SOAK     0.442 lane=2 END   nanopynix/tests/test_store_engine_parity_semantics.py::test_the_selector_actually_reaches_nix ok
SOAK     0.442 lane=2 START nanopynix/tests/inproc/test_inproc.py::test_inproc_eval_close_releases_values_left_open
SOAK     0.509 lane=6 END   nanopynix/tests/test_scalar_accessor_semantics.py::test_max_call_depth_is_a_nix_error_with_error_info ok
SOAK     0.509 lane=6 START nanopynix/tests/inproc/test_inproc.py::test_inproc_store_read_derivation
SOAK     0.518 lane=5 END   nanopynix/tests/inproc/test_inproc.py::test_inproc_locked_flake_release_is_idempotent ok
SOAK     0.550 lane=2 END   nanopynix/tests/inproc/test_inproc.py::test_inproc_eval_close_releases_values_left_open ok
SOAK     0.550 lane=2 START nanopynix/tests/test_scalar_accessor_semantics.py::test_inproc_reads_a_string_carrying_store_path_context
SOAK     0.570 lane=5 START nanopynix/tests/inproc/test_inproc.py::test_inproc_value_edit_location
SOAK     0.573 lane=4 END   nanopynix/tests/test_repl_scope_capacity.py::test_inproc_fills_the_repl_scope_exactly_to_the_end ok
SOAK     0.573 lane=4 START nanopynix/tests/inproc/test_inproc.py::test_inproc_eval_open_requires_open_store
SOAK     0.573 lane=4 END   nanopynix/tests/inproc/test_inproc.py::test_inproc_eval_open_requires_open_store ok
SOAK     0.574 lane=4 START nanopynix/tests/inproc/test_inproc.py::test_inproc_eval_value_navigation
SOAK     0.670 lane=1 END   nanopynix/tests/test_scalar_accessor_semantics.py::test_apply_accepts_an_already_evaluated_function ok
SOAK     0.671 lane=1 START nanopynix/tests/inproc/test_inproc.py::test_inproc_value_call_accepts_value_argument
SOAK     0.834 lane=6 END   nanopynix/tests/inproc/test_inproc.py::test_inproc_store_read_derivation ok
SOAK     0.835 lane=6 START nanopynix/tests/inproc/test_inproc.py::test_inproc_value_attr_names
SOAK     0.837 lane=5 END   nanopynix/tests/inproc/test_inproc.py::test_inproc_value_edit_location ok
SOAK     0.837 lane=5 START nanopynix/tests/primops/test_sleep_primop.py::test_sleep_is_a_builtin_and_not_a_global
SOAK     0.882 lane=2 END   nanopynix/tests/test_scalar_accessor_semantics.py::test_inproc_reads_a_string_carrying_store_path_context ok
SOAK     0.889 lane=2 START nanopynix/tests/primops/test_sleep_primop.py::test_sleep_refuses_a_negative_duration
SOAK     0.889 lane=3 END   nanopynix/tests/test_flake_lock_graph.py::test_metadata_json_carries_the_whole_graph ok
SOAK     0.896 lane=1 END   nanopynix/tests/inproc/test_inproc.py::test_inproc_value_call_accepts_value_argument ok
SOAK     0.906 lane=1 START nanopynix/tests/inproc/test_inproc.py::test_inproc_eval_open_and_close_are_idempotent
SOAK     0.907 lane=3 START nanopynix/tests/test_stores.py::test_two_store_roots_get_a_local_store_each
SOAK     0.928 lane=6 END   nanopynix/tests/inproc/test_inproc.py::test_inproc_value_attr_names ok
SOAK     0.928 lane=6 START nanopynix/tests/test_scalar_accessor_semantics.py::test_deep_conversion_of_a_true_cycle_raises_instead_of_crashing
SOAK     0.939 lane=4 END   nanopynix/tests/inproc/test_inproc.py::test_inproc_eval_value_navigation ok
SOAK     0.944 lane=4 START nanopynix/tests/test_store_metadata_fidelity.py::test_inproc_read_derivation_keeps_structured_attrs
SOAK     0.945 lane=2 END   nanopynix/tests/primops/test_sleep_primop.py::test_sleep_refuses_a_negative_duration ok
SOAK     0.945 lane=2 START nanopynix/tests/inproc/test_inproc.py::test_inproc_store_cannot_close_while_its_eval_state_is_open
SOAK     0.946 lane=1 END   nanopynix/tests/inproc/test_inproc.py::test_inproc_eval_open_and_close_are_idempotent ok
SOAK     0.946 lane=1 START nanopynix/tests/inproc/test_inproc.py::test_inproc_session_subscribe_receives_a_request_finalized_event
SOAK     0.946 lane=5 END   nanopynix/tests/primops/test_sleep_primop.py::test_sleep_is_a_builtin_and_not_a_global ok
SOAK     0.946 lane=5 START nanopynix/tests/test_store_metadata_fidelity.py::test_inproc_build_reports_the_path_it_produced
SOAK     0.950 lane=1 END   nanopynix/tests/inproc/test_inproc.py::test_inproc_session_subscribe_receives_a_request_finalized_event ok
SOAK     0.982 lane=1 START nanopynix/tests/inproc/test_inproc.py::test_inproc_eval_close_releases_leftover_locked_flakes
SOAK     0.990 lane=0 END   nanopynix/tests/inproc/test_inproc.py::test_inproc_locked_flake_facade ok
SOAK     0.990 lane=0 START nanopynix/tests/inproc/test_inproc.py::test_inproc_store_open_is_idempotent
SOAK     0.990 lane=2 END   nanopynix/tests/inproc/test_inproc.py::test_inproc_store_cannot_close_while_its_eval_state_is_open ok
SOAK     0.991 lane=2 START nanopynix/tests/inproc/test_inproc.py::test_inproc_value_rejects_use_after_eval_close
SOAK     1.014 lane=0 END   nanopynix/tests/inproc/test_inproc.py::test_inproc_store_open_is_idempotent ok
SOAK     1.014 lane=0 START nanopynix/tests/inproc/test_inproc.py::test_inproc_value_autocall_and_realise_argv
SOAK     1.029 lane=2 END   nanopynix/tests/inproc/test_inproc.py::test_inproc_value_rejects_use_after_eval_close ok
SOAK     1.033 lane=2 START nanopynix/tests/test_stores.py::test_a_store_root_that_came_back_is_not_the_old_store
SOAK     1.035 lane=4 END   nanopynix/tests/test_store_metadata_fidelity.py::test_inproc_read_derivation_keeps_structured_attrs ok
SOAK     1.035 lane=4 START nanopynix/tests/inproc/test_inproc.py::test_the_collector_owner_thread_outlives_the_session
SOAK     1.075 lane=1 END   nanopynix/tests/inproc/test_inproc.py::test_inproc_eval_close_releases_leftover_locked_flakes ok
SOAK     1.075 lane=1 START nanopynix/tests/inproc/test_inproc.py::test_inproc_store_uri_and_store_dir
SOAK     1.120 lane=0 END   nanopynix/tests/inproc/test_inproc.py::test_inproc_value_autocall_and_realise_argv ok
SOAK     1.120 lane=0 START nanopynix/tests/test_scalar_accessor_semantics.py::test_deep_conversion_of_a_derivation_terminates
SOAK     1.147 lane=1 END   nanopynix/tests/inproc/test_inproc.py::test_inproc_store_uri_and_store_dir ok
SOAK     1.147 lane=1 START nanopynix/tests/bindings/test_value_accessor_types.py::test_accessors_force_a_thunk_first
SOAK     1.159 lane=4 END   nanopynix/tests/inproc/test_inproc.py::test_the_collector_owner_thread_outlives_the_session ok
SOAK     1.159 lane=4 START nanopynix/tests/inproc/test_inproc.py::test_inproc_value_to_python
SOAK     1.240 lane=1 END   nanopynix/tests/bindings/test_value_accessor_types.py::test_accessors_force_a_thunk_first ok
SOAK     1.240 lane=1 START nanopynix/tests/inproc/test_inproc_cancel.py::test_a_cancelled_interruptible_operation_frees_the_evaluator
SOAK     1.254 lane=4 END   nanopynix/tests/inproc/test_inproc.py::test_inproc_value_to_python ok
SOAK     1.271 lane=4 START nanopynix/tests/test_store_exec.py::test_inproc_a_program_in_a_relocated_store_runs_through_the_exec_prefix
SOAK     1.278 lane=2 END   nanopynix/tests/test_stores.py::test_a_store_root_that_came_back_is_not_the_old_store ok
SOAK     1.279 lane=0 END   nanopynix/tests/test_scalar_accessor_semantics.py::test_deep_conversion_of_a_derivation_terminates ok
SOAK     1.279 lane=5 END   nanopynix/tests/test_store_metadata_fidelity.py::test_inproc_build_reports_the_path_it_produced ok
SOAK     1.279 lane=5 START nanopynix/tests/test_repl_scope_capacity.py::test_inproc_refuses_one_binding_past_the_end
SOAK     1.285 lane=2 START nanopynix/tests/test_store_dump_db.py::test_the_records_follow_the_order_of_the_argument
SOAK     1.290 lane=0 START nanopynix/tests/test_stores.py::test_two_handles_on_one_local_store_share_the_temp_roots_file
SOAK     1.455 lane=2 END   nanopynix/tests/test_store_dump_db.py::test_the_records_follow_the_order_of_the_argument ok
SOAK     1.467 lane=2 START nanopynix/tests/test_flake_lock_graph.py::test_find_input_resolves_a_follows_edge
SOAK     1.661 lane=3 END   nanopynix/tests/test_stores.py::test_two_store_roots_get_a_local_store_each ok
SOAK     1.661 lane=3 START nanopynix/tests/inproc/test_inproc.py::test_inproc_allows_concurrent_eval_states_on_one_store
SOAK     1.713 lane=3 END   nanopynix/tests/inproc/test_inproc.py::test_inproc_allows_concurrent_eval_states_on_one_store ok
SOAK     1.713 lane=3 START nanopynix/tests/inproc/test_inproc.py::test_inproc_value_context_manager_releases_rooted_value
SOAK     1.742 lane=2 END   nanopynix/tests/test_flake_lock_graph.py::test_find_input_resolves_a_follows_edge ok
SOAK     1.745 lane=2 START nanopynix/tests/inproc/test_inproc.py::test_inproc_eval_file
SOAK     1.773 lane=3 END   nanopynix/tests/inproc/test_inproc.py::test_inproc_value_context_manager_releases_rooted_value ok
SOAK     1.774 lane=3 START nanopynix/tests/primops/test_sleep_primop.py::test_sleep_waits_for_the_time_it_is_given
SOAK     1.810 lane=2 END   nanopynix/tests/inproc/test_inproc.py::test_inproc_eval_file ok
SOAK     1.876 lane=0 END   nanopynix/tests/test_stores.py::test_two_handles_on_one_local_store_share_the_temp_roots_file ok
SOAK     1.876 lane=0 START nanopynix/tests/inproc/test_inproc.py::test_inproc_repl_requires_open_repl
SOAK     1.884 lane=0 END   nanopynix/tests/inproc/test_inproc.py::test_inproc_repl_requires_open_repl ok
SOAK     1.885 lane=0 START nanopynix/tests/inproc/test_inproc.py::test_inproc_value_scalar_conversions
SOAK     1.905 lane=0 END   nanopynix/tests/inproc/test_inproc.py::test_inproc_value_scalar_conversions ok
SOAK     1.907 lane=0 START nanopynix/tests/inproc/test_inproc.py::test_inproc_repl_load_file_and_add_attrs
SOAK     1.931 lane=0 END   nanopynix/tests/inproc/test_inproc.py::test_inproc_repl_load_file_and_add_attrs ok
SOAK     2.096 lane=5 END   nanopynix/tests/test_repl_scope_capacity.py::test_inproc_refuses_one_binding_past_the_end ok
SOAK     2.096 lane=5 START nanopynix/tests/inproc/test_inproc.py::test_inproc_repl_supports_shared_protocol_operations
SOAK     2.133 lane=5 END   nanopynix/tests/inproc/test_inproc.py::test_inproc_repl_supports_shared_protocol_operations ok
SOAK     2.134 lane=5 START nanopynix/tests/inproc/test_inproc.py::test_inproc_lock_flake_update_inputs_variants
SOAK     2.216 lane=3 END   nanopynix/tests/primops/test_sleep_primop.py::test_sleep_waits_for_the_time_it_is_given ok
SOAK     2.216 lane=3 START nanopynix/tests/inproc/test_inproc.py::test_inproc_store_query_missing
SOAK     2.217 lane=5 END   nanopynix/tests/inproc/test_inproc.py::test_inproc_lock_flake_update_inputs_variants ok
SOAK     2.217 lane=5 START nanopynix/tests/inproc/test_inproc.py::test_inproc_session_subscribe_receives_log_events
SOAK     2.264 lane=3 END   nanopynix/tests/inproc/test_inproc.py::test_inproc_store_query_missing ok
SOAK     2.265 lane=3 START nanopynix/tests/bindings/test_value_accessor_types.py::test_an_int_read_as_a_string_names_both_types
SOAK     2.268 lane=5 END   nanopynix/tests/inproc/test_inproc.py::test_inproc_session_subscribe_receives_log_events ok
SOAK     2.281 lane=3 END   nanopynix/tests/bindings/test_value_accessor_types.py::test_an_int_read_as_a_string_names_both_types ok
SOAK     2.284 lane=3 START nanopynix/tests/inproc/test_inproc.py::test_inproc_optimise_and_verify_a_private_store
SOAK     2.376 lane=3 END   nanopynix/tests/inproc/test_inproc.py::test_inproc_optimise_and_verify_a_private_store ok
SOAK     2.377 lane=3 START nanopynix/tests/inproc/test_inproc.py::test_inproc_eval_flake
SOAK     2.451 lane=3 END   nanopynix/tests/inproc/test_inproc.py::test_inproc_eval_flake ok
SOAK     2.605 lane=4 END   nanopynix/tests/test_store_exec.py::test_inproc_a_program_in_a_relocated_store_runs_through_the_exec_prefix ok
SOAK     2.606 lane=4 START nanopynix/tests/test_flake_lock_graph.py::test_find_input_returns_none_for_a_name_that_is_not_an_input
SOAK     2.712 lane=4 END   nanopynix/tests/test_flake_lock_graph.py::test_find_input_returns_none_for_a_name_that_is_not_an_input ok
SOAK     2.712 lane=4 START nanopynix/tests/inproc/test_inproc.py::test_collect_garbage_rejects_an_unsupported_action
SOAK     2.714 lane=4 END   nanopynix/tests/inproc/test_inproc.py::test_collect_garbage_rejects_an_unsupported_action ok
SOAK     2.715 lane=4 START nanopynix/tests/inproc/test_inproc.py::test_inproc_copy_closure_copies_between_two_stores_in_one_session
SOAK     2.796 lane=4 END   nanopynix/tests/inproc/test_inproc.py::test_inproc_copy_closure_copies_between_two_stores_in_one_session ok
SOAK     4.234 lane=6 END   nanopynix/tests/test_scalar_accessor_semantics.py::test_deep_conversion_of_a_true_cycle_raises_instead_of_crashing ok
SOAK     4.236 lane=6 START nanopynix/tests/inproc/test_inproc.py::test_inproc_eval_rejects_store_from_different_session
SOAK     4.312 lane=6 END   nanopynix/tests/inproc/test_inproc.py::test_inproc_eval_rejects_store_from_different_session ok
SOAK     4.312 lane=6 START nanopynix/tests/test_store_engine_parity_semantics.py::test_a_bare_drv_round_trips_through_its_own_reply
SOAK     4.381 lane=6 END   nanopynix/tests/test_store_engine_parity_semantics.py::test_a_bare_drv_round_trips_through_its_own_reply ok
SOAK     4.381 lane=6 START nanopynix/tests/test_store_metadata_fidelity.py::test_an_opaque_request_builds_nothing_and_says_so
SOAK     4.516 lane=6 END   nanopynix/tests/test_store_metadata_fidelity.py::test_an_opaque_request_builds_nothing_and_says_so ok
SOAK     4.516 lane=6 START nanopynix/tests/inproc/test_inproc.py::test_inproc_store_query_derivation_outputs_and_valid_derivers
SOAK     4.586 lane=6 END   nanopynix/tests/inproc/test_inproc.py::test_inproc_store_query_derivation_outputs_and_valid_derivers ok
SOAK    10.347 lane=1 END   nanopynix/tests/inproc/test_inproc_cancel.py::test_a_cancelled_interruptible_operation_frees_the_evaluator ok
SOAK    10.348 lane=1 START nanopynix/tests/inproc/test_inproc.py::test_inproc_value_release_is_idempotent
SOAK    10.548 lane=7 END   nanopynix/tests/inproc/test_inproc_cancel.py::test_an_operation_that_runs_a_nix_thread_pool_still_completes ok
SOAK    10.549 lane=7 START nanopynix/tests/inproc/test_inproc.py::test_inproc_store_not_open_raises
SOAK    10.552 lane=7 END   nanopynix/tests/inproc/test_inproc.py::test_inproc_store_not_open_raises ok
SOAK    10.552 lane=7 START nanopynix/tests/inproc/test_inproc.py::test_inproc_value_auto_call
SOAK    10.554 lane=1 END   nanopynix/tests/inproc/test_inproc.py::test_inproc_value_release_is_idempotent ok
SOAK    10.596 lane=7 END   nanopynix/tests/inproc/test_inproc.py::test_inproc_value_auto_call ok
SOAK    10.596 lane=7 START nanopynix/tests/inproc/test_inproc.py::test_inproc_repl_open_is_idempotent
SOAK    10.675 lane=7 END   nanopynix/tests/inproc/test_inproc.py::test_inproc_repl_open_is_idempotent ok
SOAK    10.675 lane=7 START nanopynix/tests/inproc/test_inproc.py::test_inproc_value_build_rejects_store_from_different_session
SOAK    10.701 lane=7 END   nanopynix/tests/inproc/test_inproc.py::test_inproc_value_build_rejects_store_from_different_session ok
SOAK    10.701 lane=7 START nanopynix/tests/inproc/test_inproc.py::test_inproc_eval_state_can_be_closed_and_reopened
SOAK    10.740 lane=7 END   nanopynix/tests/inproc/test_inproc.py::test_inproc_eval_state_can_be_closed_and_reopened ok
SOAK    10.740 lane=7 START nanopynix/tests/inproc/test_inproc.py::test_inproc_store_collect_garbage_return_dead
SOAK    10.967 lane=7 END   nanopynix/tests/inproc/test_inproc.py::test_inproc_store_collect_garbage_return_dead ok
SOAK    10.990 lane=7 START nanopynix/tests/test_flake_lock_graph.py::test_find_input_returns_a_locked_ref_with_a_rev
SOAK    11.362 lane=7 END   nanopynix/tests/test_flake_lock_graph.py::test_find_input_returns_a_locked_ref_with_a_rev ok
SOAK    11.362 lane=7 START nanopynix/tests/inproc/test_inproc.py::test_inproc_value_build_raises_on_build_failure
SOAK    11.646 lane=7 END   nanopynix/tests/inproc/test_inproc.py::test_inproc_value_build_raises_on_build_failure ok
SOAK END ok=77 fail=0
PASSED
nanopynix/tests/test_concurrent_soak.py::test_soak_rpc[daemon] SOAK BEGIN seed=2 lanes=8 tests=43 roster=sha256:eef7d5aefd96e46b
SOAK     0.006 lane=0 START nanopynix/tests/rpc/client/test_eval_rpc.py::test_eval_call_non_function_raises
SOAK     0.016 lane=1 START nanopynix/tests/test_repl_scope_capacity.py::test_rpc_refuses_one_binding_past_the_end
SOAK     0.027 lane=2 START nanopynix/tests/test_store_metadata_fidelity.py::test_rpc_build_reports_the_path_it_produced
SOAK     0.043 lane=3 START nanopynix/tests/rpc/client/test_eval_rpc.py::test_eval_call_function
SOAK     0.056 lane=4 START nanopynix/tests/rpc/client/test_eval_rpc.py::test_eval_call_function_with_value_proxy_arg
SOAK     0.068 lane=5 START nanopynix/tests/rpc/test_error_identity.py::test_a_handle_of_the_wrong_kind_arrives_as_type_error
SOAK     0.102 lane=6 START nanopynix/tests/rpc/client/test_eval_rpc.py::test_force_closing_store_closes_dependent_eval_state
SOAK     0.233 lane=7 START nanopynix/tests/rpc/client/test_eval_rpc.py::test_eval_thunk
SOAK     1.850 lane=5 END   nanopynix/tests/rpc/test_error_identity.py::test_a_handle_of_the_wrong_kind_arrives_as_type_error ok
SOAK     1.850 lane=5 START nanopynix/tests/rpc/client/test_eval_rpc.py::test_forced_attrs_borrow_the_parent_value_handle
SOAK     1.862 lane=0 END   nanopynix/tests/rpc/client/test_eval_rpc.py::test_eval_call_non_function_raises ok
SOAK     1.863 lane=6 END   nanopynix/tests/rpc/client/test_eval_rpc.py::test_force_closing_store_closes_dependent_eval_state ok
SOAK     1.863 lane=6 START nanopynix/tests/rpc/client/test_eval_rpc.py::test_eval_strict_accessor_and_apply
SOAK     1.878 lane=0 START nanopynix/tests/rpc/client/test_eval_rpc.py::test_eval_concurrent_sessions
SOAK     1.918 lane=3 END   nanopynix/tests/rpc/client/test_eval_rpc.py::test_eval_call_function ok
SOAK     1.919 lane=7 END   nanopynix/tests/rpc/client/test_eval_rpc.py::test_eval_thunk ok
SOAK     1.919 lane=7 START nanopynix/tests/rpc/test_error_identity.py::test_an_unsupported_scalar_type_arrives_as_value_error
SOAK     1.947 lane=4 END   nanopynix/tests/rpc/client/test_eval_rpc.py::test_eval_call_function_with_value_proxy_arg ok
SOAK     1.947 lane=4 START nanopynix/tests/rpc/test_error_identity.py::test_an_absent_handle_arrives_as_key_error
SOAK     1.974 lane=2 END   nanopynix/tests/test_store_metadata_fidelity.py::test_rpc_build_reports_the_path_it_produced ok
SOAK     1.974 lane=2 START nanopynix/tests/rpc/client/test_eval_rpc.py::test_to_python_refuses_a_tree_containing_a_function
SOAK     2.012 lane=3 START nanopynix/tests/rpc/client/test_eval_rpc.py::test_eval_nested_navigation
SOAK     2.118 lane=1 END   nanopynix/tests/test_repl_scope_capacity.py::test_rpc_refuses_one_binding_past_the_end ok
SOAK     2.118 lane=1 START nanopynix/tests/test_store_metadata_fidelity.py::test_rpc_read_derivation_keeps_structured_attrs
SOAK     3.277 lane=5 END   nanopynix/tests/rpc/client/test_eval_rpc.py::test_forced_attrs_borrow_the_parent_value_handle ok
SOAK     3.278 lane=5 START nanopynix/tests/rpc/client/test_eval_rpc.py::test_eval_attr_names
SOAK     3.289 lane=4 END   nanopynix/tests/rpc/test_error_identity.py::test_an_absent_handle_arrives_as_key_error ok
SOAK     3.292 lane=7 END   nanopynix/tests/rpc/test_error_identity.py::test_an_unsupported_scalar_type_arrives_as_value_error ok
SOAK     3.292 lane=7 START nanopynix/tests/rpc/client/test_eval_rpc.py::test_repl_session_scope_names_include_bindings_and_base_scope
SOAK     3.305 lane=4 START nanopynix/tests/rpc/client/test_eval_rpc.py::test_copy_closure_between_stores
SOAK     3.322 lane=0 END   nanopynix/tests/rpc/client/test_eval_rpc.py::test_eval_concurrent_sessions ok
SOAK     3.333 lane=3 END   nanopynix/tests/rpc/client/test_eval_rpc.py::test_eval_nested_navigation ok
SOAK     3.333 lane=3 START nanopynix/tests/rpc/client/test_eval_rpc.py::test_repl_session_open_is_idempotent
SOAK     3.359 lane=0 START nanopynix/tests/rpc/client/test_eval_rpc.py::test_eval_force_does_not_consume
SOAK     3.378 lane=2 END   nanopynix/tests/rpc/client/test_eval_rpc.py::test_to_python_refuses_a_tree_containing_a_function ok
SOAK     3.380 lane=6 END   nanopynix/tests/rpc/client/test_eval_rpc.py::test_eval_strict_accessor_and_apply ok
SOAK     3.382 lane=6 START nanopynix/tests/rpc/client/test_eval_rpc.py::test_eval_callable_function_proxy
SOAK     3.406 lane=2 START nanopynix/tests/rpc/client/test_eval_rpc.py::test_repl_session_edit_location_uses_function_source
SOAK     3.431 lane=1 END   nanopynix/tests/test_store_metadata_fidelity.py::test_rpc_read_derivation_keeps_structured_attrs ok
SOAK     3.431 lane=1 START nanopynix/tests/rpc/test_error_identity.py::test_a_setting_refusal_arrives_as_setting_not_live_error
SOAK     4.576 lane=7 END   nanopynix/tests/rpc/client/test_eval_rpc.py::test_repl_session_scope_names_include_bindings_and_base_scope ok
SOAK     4.577 lane=7 START nanopynix/tests/rpc/client/test_eval_rpc.py::test_repl_session_load_file_autocalls_top_level_function
SOAK     4.593 lane=5 END   nanopynix/tests/rpc/client/test_eval_rpc.py::test_eval_attr_names ok
SOAK     4.599 lane=0 END   nanopynix/tests/rpc/client/test_eval_rpc.py::test_eval_force_does_not_consume ok
SOAK     4.599 lane=5 START nanopynix/tests/test_store_exec.py::test_rpc_a_program_in_a_relocated_store_runs_through_the_exec_prefix
SOAK     4.614 lane=0 START nanopynix/tests/rpc/client/test_eval_rpc.py::test_eval_list
SOAK     4.665 lane=3 END   nanopynix/tests/rpc/client/test_eval_rpc.py::test_repl_session_open_is_idempotent ok
SOAK     4.665 lane=3 START nanopynix/tests/test_repl_scope_capacity.py::test_rpc_fills_the_repl_scope_exactly_to_the_end
SOAK     4.697 lane=1 END   nanopynix/tests/rpc/test_error_identity.py::test_a_setting_refusal_arrives_as_setting_not_live_error ok
SOAK     4.701 lane=2 END   nanopynix/tests/rpc/client/test_eval_rpc.py::test_repl_session_edit_location_uses_function_source ok
SOAK     4.702 lane=6 END   nanopynix/tests/rpc/client/test_eval_rpc.py::test_eval_callable_function_proxy ok
SOAK     4.702 lane=6 START nanopynix/tests/rpc/test_error_identity.py::test_a_negative_index_past_the_start_arrives_as_index_error
SOAK     4.720 lane=4 END   nanopynix/tests/rpc/client/test_eval_rpc.py::test_copy_closure_between_stores ok
SOAK     4.720 lane=4 START nanopynix/tests/rpc/test_error_identity.py::test_a_nix_error_still_refines_past_the_class_the_worker_named
SOAK     4.745 lane=1 START nanopynix/tests/rpc/client/test_eval_rpc.py::test_eval_session_cleanup
SOAK     4.785 lane=2 START nanopynix/tests/rpc/client/test_eval_rpc.py::test_eval_file_simple
SOAK     5.940 lane=0 END   nanopynix/tests/rpc/client/test_eval_rpc.py::test_eval_list ok
SOAK     5.941 lane=6 END   nanopynix/tests/rpc/test_error_identity.py::test_a_negative_index_past_the_start_arrives_as_index_error ok
SOAK     5.941 lane=0 START nanopynix/tests/rpc/client/test_eval_rpc.py::test_repl_session_persists_bindings
SOAK     5.951 lane=6 START nanopynix/tests/rpc/client/test_eval_rpc.py::test_eval_file_directory_loads_default_nix
SOAK     5.967 lane=4 END   nanopynix/tests/rpc/test_error_identity.py::test_a_nix_error_still_refines_past_the_class_the_worker_named ok
SOAK     5.967 lane=4 START nanopynix/tests/rpc/client/test_eval_rpc.py::test_eval_reused_function_can_call_separately_evaluated_value
SOAK     5.986 lane=1 END   nanopynix/tests/rpc/client/test_eval_rpc.py::test_eval_session_cleanup ok
SOAK     5.986 lane=1 START nanopynix/tests/test_scalar_accessor_semantics.py::test_rpc_reads_a_string_carrying_store_path_context
SOAK     6.015 lane=7 END   nanopynix/tests/rpc/client/test_eval_rpc.py::test_repl_session_load_file_autocalls_top_level_function ok
SOAK     6.015 lane=7 START nanopynix/tests/rpc/client/test_eval_rpc.py::test_repl_session_adds_attrs_to_scope
SOAK     6.048 lane=2 END   nanopynix/tests/rpc/client/test_eval_rpc.py::test_eval_file_simple ok
SOAK     6.049 lane=2 START nanopynix/tests/rpc/client/test_eval_rpc.py::test_eval_attr_navigation
SOAK     6.643 lane=3 END   nanopynix/tests/test_repl_scope_capacity.py::test_rpc_fills_the_repl_scope_exactly_to_the_end ok
SOAK     6.644 lane=3 START nanopynix/tests/rpc/client/test_eval_rpc.py::test_eval_has_attr
SOAK     6.764 lane=5 END   nanopynix/tests/test_store_exec.py::test_rpc_a_program_in_a_relocated_store_runs_through_the_exec_prefix ok
SOAK     6.764 lane=5 START nanopynix/tests/rpc/client/test_eval_rpc.py::test_eval_string
SOAK     7.385 lane=6 END   nanopynix/tests/rpc/client/test_eval_rpc.py::test_eval_file_directory_loads_default_nix ok
SOAK     7.385 lane=2 END   nanopynix/tests/rpc/client/test_eval_rpc.py::test_eval_attr_navigation ok
SOAK     7.386 lane=2 START nanopynix/tests/rpc/client/test_eval_rpc.py::test_eval_auto_call_function_with_default_attrset_args
SOAK     7.402 lane=1 END   nanopynix/tests/test_scalar_accessor_semantics.py::test_rpc_reads_a_string_carrying_store_path_context ok
SOAK     7.402 lane=1 START nanopynix/tests/rpc/client/test_eval_rpc.py::test_eval_call_function_with_nested_value_proxy_arg
SOAK     7.415 lane=7 END   nanopynix/tests/rpc/client/test_eval_rpc.py::test_repl_session_adds_attrs_to_scope ok
SOAK     7.415 lane=4 END   nanopynix/tests/rpc/client/test_eval_rpc.py::test_eval_reused_function_can_call_separately_evaluated_value ok
SOAK     7.415 lane=0 END   nanopynix/tests/rpc/client/test_eval_rpc.py::test_repl_session_persists_bindings ok
SOAK     7.415 lane=0 START nanopynix/tests/test_store_metadata_fidelity.py::test_rpc_read_derivation_keeps_nested_input_drvs
SOAK     7.801 lane=3 END   nanopynix/tests/rpc/client/test_eval_rpc.py::test_eval_has_attr ok
SOAK     7.897 lane=5 END   nanopynix/tests/rpc/client/test_eval_rpc.py::test_eval_string ok
SOAK     8.568 lane=2 END   nanopynix/tests/rpc/client/test_eval_rpc.py::test_eval_auto_call_function_with_default_attrset_args ok
SOAK     8.590 lane=1 END   nanopynix/tests/rpc/client/test_eval_rpc.py::test_eval_call_function_with_nested_value_proxy_arg ok
SOAK     8.638 lane=0 END   nanopynix/tests/test_store_metadata_fidelity.py::test_rpc_read_derivation_keeps_nested_input_drvs ok
SOAK END ok=43 fail=0
PASSED

=============================== warnings summary ===============================
nanopynix-helpers/src/nanopynix_helpers/fod.py:28
  /nix/store/068zcmrz9dbz5w3kdja5bvbybfk1783n-nanopynix-source/nanopynix-helpers/src/nanopynix_helpers/fod.py:28: DeprecationWarning: int argument support is deprecated
    _NIX_LANGUAGE = Language(cast("int", tree_sitter_nix.language()))  # type: ignore[reportDeprecated, reportUnknownMemberType] -- tree-sitter-nix 0.3 exposes the legacy integer language pointer

pynix/src/pynix/_nix_syntax.py:24
  /nix/store/068zcmrz9dbz5w3kdja5bvbybfk1783n-nanopynix-source/pynix/src/pynix/_nix_syntax.py:24: DeprecationWarning: int argument support is deprecated
    NIX_LANGUAGE = Language(cast("int", tree_sitter_nix.language()))  # type: ignore[reportDeprecated, reportUnknownMemberType] -- tree-sitter-nix 0.3 exposes the legacy integer language pointer

../xdhampxgcaq13aah0q0lmq0zbdmx9yki-nanopynix-test-env/lib/python3.14/site-packages/_pytest/python.py:124
  /nix/store/xdhampxgcaq13aah0q0lmq0zbdmx9yki-nanopynix-test-env/lib/python3.14/site-packages/_pytest/python.py:124: PytestRemovedIn10Warning: Passing a non-Collection iterable to parametrize is deprecated.
  Test: tests/meta/test_ci_step_policy.py::test_a_run_body_is_one_line, argvalues type: generator
  Please convert to a list or tuple.
  See https://docs.pytest.org/en/stable/deprecations.html#parametrize-iterators
    metafunc.parametrize(*marker.args, **marker.kwargs, _param_mark=marker)

../xdhampxgcaq13aah0q0lmq0zbdmx9yki-nanopynix-test-env/lib/python3.14/site-packages/_pytest/python.py:124
  /nix/store/xdhampxgcaq13aah0q0lmq0zbdmx9yki-nanopynix-test-env/lib/python3.14/site-packages/_pytest/python.py:124: PytestRemovedIn10Warning: Passing a non-Collection iterable to parametrize is deprecated.
  Test: tests/meta/test_ci_step_policy.py::test_a_run_body_holds_no_workflow_expression, argvalues type: generator
  Please convert to a list or tuple.
  See https://docs.pytest.org/en/stable/deprecations.html#parametrize-iterators
    metafunc.parametrize(*marker.args, **marker.kwargs, _param_mark=marker)

-- Docs: https://docs.pytest.org/en/stable/how-to/capture-warnings.html
=============== 4 passed, 3761 deselected, 4 warnings in 57.22s ================
=== TSAN run 2 exit status: 0 ===
=== TSAN run 3 ===
/nix/store/xdhampxgcaq13aah0q0lmq0zbdmx9yki-nanopynix-test-env/lib/python3.14/site-packages/hypothesis/_settings.py:1098: HypothesisWarning: The database setting is not configured, and the default location is unusable - falling back to an in-memory database for this session.  path=PosixPath('/nix/store/068zcmrz9dbz5w3kdja5bvbybfk1783n-nanopynix-source/.hypothesis/examples')
  value = getattr(self, name)
/nix/store/xdhampxgcaq13aah0q0lmq0zbdmx9yki-nanopynix-test-env/lib/python3.14/site-packages/hypothesis/_settings.py:1099: HypothesisWarning: The database setting is not configured, and the default location is unusable - falling back to an in-memory database for this session.  path=PosixPath('/nix/store/068zcmrz9dbz5w3kdja5bvbybfk1783n-nanopynix-source/.hypothesis/examples')
  if value != getattr(default, name):
============================= test session starts ==============================
platform linux -- Python 3.14.7, pytest-9.1.1, pluggy-1.6.0 -- /nix/store/xdhampxgcaq13aah0q0lmq0zbdmx9yki-nanopynix-test-env/bin/python3.14
hypothesis profile 'default' -> database=InMemoryExampleDatabase({})
rootdir: /nix/store/068zcmrz9dbz5w3kdja5bvbybfk1783n-nanopynix-source
configfile: pytest.ini
testpaths: tests, nanopynix/tests, nanopynix-helpers/tests, pynix/tests, pynix-lsp/tests
plugins: anyio-4.14.2, hypothesis-6.156.1, cov-7.1.0, dependency-0.6.1, forked-1.6.0, xdist-3.8.0, lsp-1.0.1, asyncio-1.4.0
asyncio: mode=Mode.STRICT, debug=False, asyncio_default_fixture_loop_scope=None, asyncio_default_test_loop_scope=function
collecting ... collected 3765 items / 3761 deselected / 4 selected

nanopynix/tests/test_concurrent_soak.py::test_soak_inproc[local] SOAK BEGIN seed=3 lanes=8 tests=77 roster=sha256:f79eb9dbfc68391d
SOAK     0.001 lane=1 START nanopynix/tests/inproc/test_inproc.py::test_a_value_the_caller_still_holds_survives_a_collection
SOAK     0.001 lane=3 START nanopynix/tests/inproc/test_inproc_cancel.py::test_a_cancelled_interruptible_operation_frees_the_evaluator
SOAK     0.002 lane=5 START nanopynix/tests/inproc/test_inproc.py::test_inproc_store_uri_and_store_dir
SOAK     0.003 lane=6 START nanopynix/tests/inproc/test_inproc.py::test_inproc_value_rejects_use_after_eval_close
SOAK     0.004 lane=7 START nanopynix/tests/primops/test_sleep_primop.py::test_sleep_waits_for_the_time_it_is_given
SOAK     0.007 lane=0 START nanopynix/tests/inproc/test_inproc.py::test_inproc_value_edit_location
SOAK     0.008 lane=2 START nanopynix/tests/test_flake_lock_graph.py::test_find_input_returns_none_for_a_name_that_is_not_an_input
SOAK     0.028 lane=4 START nanopynix/tests/test_store_dump_db.py::test_the_records_follow_the_order_of_the_argument
SOAK     0.084 lane=5 END   nanopynix/tests/inproc/test_inproc.py::test_inproc_store_uri_and_store_dir ok
SOAK     0.084 lane=5 START nanopynix/tests/inproc/test_inproc.py::test_inproc_allows_concurrent_eval_states_on_one_store
SOAK     0.535 lane=6 END   nanopynix/tests/inproc/test_inproc.py::test_inproc_value_rejects_use_after_eval_close ok
SOAK     0.554 lane=6 START nanopynix/tests/test_flake_lock_graph.py::test_metadata_json_carries_the_whole_graph
SOAK     0.575 lane=1 END   nanopynix/tests/inproc/test_inproc.py::test_a_value_the_caller_still_holds_survives_a_collection ok
SOAK     0.575 lane=1 START nanopynix/tests/inproc/test_inproc.py::test_inproc_repl_open_is_idempotent
SOAK     0.575 lane=0 END   nanopynix/tests/inproc/test_inproc.py::test_inproc_value_edit_location ok
SOAK     0.575 lane=0 START nanopynix/tests/inproc/test_inproc.py::test_inproc_store_open_is_idempotent
SOAK     0.578 lane=7 END   nanopynix/tests/primops/test_sleep_primop.py::test_sleep_waits_for_the_time_it_is_given ok
SOAK     0.601 lane=7 START nanopynix/tests/inproc/test_inproc.py::test_inproc_copy_closure_copies_between_two_stores_in_one_session
SOAK     0.601 lane=0 END   nanopynix/tests/inproc/test_inproc.py::test_inproc_store_open_is_idempotent ok
SOAK     0.602 lane=0 START nanopynix/tests/inproc/test_inproc.py::test_inproc_session_subscribe_receives_a_request_finalized_event
SOAK     0.608 lane=0 END   nanopynix/tests/inproc/test_inproc.py::test_inproc_session_subscribe_receives_a_request_finalized_event ok
SOAK     0.608 lane=0 START nanopynix/tests/inproc/test_inproc.py::test_inproc_value_build_raises_on_build_failure
SOAK     0.610 lane=4 END   nanopynix/tests/test_store_dump_db.py::test_the_records_follow_the_order_of_the_argument ok
SOAK     0.610 lane=4 START nanopynix/tests/primops/test_sleep_primop.py::test_sleep_is_a_builtin_and_not_a_global
SOAK     0.642 lane=2 END   nanopynix/tests/test_flake_lock_graph.py::test_find_input_returns_none_for_a_name_that_is_not_an_input ok
SOAK     0.642 lane=2 START nanopynix/tests/inproc/test_inproc.py::test_inproc_value_call_accepts_value_argument
SOAK     0.658 lane=5 END   nanopynix/tests/inproc/test_inproc.py::test_inproc_allows_concurrent_eval_states_on_one_store ok
SOAK     0.658 lane=5 START nanopynix/tests/inproc/test_inproc.py::test_inproc_value_release_is_idempotent
SOAK     0.727 lane=1 END   nanopynix/tests/inproc/test_inproc.py::test_inproc_repl_open_is_idempotent ok
SOAK     0.773 lane=6 END   nanopynix/tests/test_flake_lock_graph.py::test_metadata_json_carries_the_whole_graph ok
SOAK     0.776 lane=4 END   nanopynix/tests/primops/test_sleep_primop.py::test_sleep_is_a_builtin_and_not_a_global ok
SOAK     0.776 lane=4 START nanopynix/tests/test_store_metadata_fidelity.py::test_inproc_read_derivation_keeps_structured_attrs
SOAK     0.781 lane=1 START nanopynix/tests/inproc/test_inproc.py::test_inproc_eval_flake
SOAK     0.805 lane=6 START nanopynix/tests/test_flake_lock_graph.py::test_find_input_returns_a_locked_ref_with_a_rev
SOAK     0.847 lane=5 END   nanopynix/tests/inproc/test_inproc.py::test_inproc_value_release_is_idempotent ok
SOAK     0.848 lane=5 START nanopynix/tests/inproc/test_inproc.py::test_inproc_eval_state_can_be_closed_and_reopened
SOAK     0.849 lane=7 END   nanopynix/tests/inproc/test_inproc.py::test_inproc_copy_closure_copies_between_two_stores_in_one_session ok
SOAK     0.857 lane=2 END   nanopynix/tests/inproc/test_inproc.py::test_inproc_value_call_accepts_value_argument ok
SOAK     0.875 lane=2 START nanopynix/tests/inproc/test_inproc.py::test_inproc_locked_flake_facade
SOAK     0.889 lane=7 START nanopynix/tests/inproc/test_inproc.py::test_inproc_optimise_and_verify_a_private_store
SOAK     1.052 lane=4 END   nanopynix/tests/test_store_metadata_fidelity.py::test_inproc_read_derivation_keeps_structured_attrs ok
SOAK     1.053 lane=4 START nanopynix/tests/inproc/test_inproc.py::test_inproc_store_query_derivation_outputs_and_valid_derivers
SOAK     1.134 lane=5 END   nanopynix/tests/inproc/test_inproc.py::test_inproc_eval_state_can_be_closed_and_reopened ok
SOAK     1.136 lane=5 START nanopynix/tests/test_scalar_accessor_semantics.py::test_deep_conversion_of_a_derivation_terminates
SOAK     1.138 lane=1 END   nanopynix/tests/inproc/test_inproc.py::test_inproc_eval_flake ok
SOAK     1.138 lane=1 START nanopynix/tests/inproc/test_inproc.py::test_inproc_eval_open_requires_open_store
SOAK     1.141 lane=1 END   nanopynix/tests/inproc/test_inproc.py::test_inproc_eval_open_requires_open_store ok
SOAK     1.141 lane=1 START nanopynix/tests/inproc/test_inproc.py::test_inproc_repl_requires_open_repl
SOAK     1.175 lane=1 END   nanopynix/tests/inproc/test_inproc.py::test_inproc_repl_requires_open_repl ok
SOAK     1.193 lane=6 END   nanopynix/tests/test_flake_lock_graph.py::test_find_input_returns_a_locked_ref_with_a_rev ok
SOAK     1.193 lane=6 START nanopynix/tests/inproc/test_inproc.py::test_inproc_value_to_python
SOAK     1.193 lane=7 END   nanopynix/tests/inproc/test_inproc.py::test_inproc_optimise_and_verify_a_private_store ok
SOAK     1.193 lane=7 START nanopynix/tests/inproc/test_inproc.py::test_inproc_value_rejects_use_from_different_eval_session
SOAK     1.193 lane=1 START nanopynix/tests/test_stores.py::test_two_store_roots_get_a_local_store_each
SOAK     1.262 lane=5 END   nanopynix/tests/test_scalar_accessor_semantics.py::test_deep_conversion_of_a_derivation_terminates ok
SOAK     1.268 lane=5 START nanopynix/tests/bindings/test_value_accessor_types.py::test_an_int_read_as_a_string_names_both_types
SOAK     1.270 lane=4 END   nanopynix/tests/inproc/test_inproc.py::test_inproc_store_query_derivation_outputs_and_valid_derivers ok
SOAK     1.274 lane=4 START nanopynix/tests/inproc/test_inproc.py::test_inproc_value_attr_names
SOAK     1.342 lane=0 END   nanopynix/tests/inproc/test_inproc.py::test_inproc_value_build_raises_on_build_failure ok
SOAK     1.343 lane=0 START nanopynix/tests/inproc/test_inproc.py::test_inproc_concurrent_eval_sessions_have_independent_pure_eval
SOAK     1.350 lane=7 END   nanopynix/tests/inproc/test_inproc.py::test_inproc_value_rejects_use_from_different_eval_session ok
SOAK     1.358 lane=7 START nanopynix/tests/primops/test_sleep_primop.py::test_sleep_refuses_a_negative_duration
SOAK     1.383 lane=5 END   nanopynix/tests/bindings/test_value_accessor_types.py::test_an_int_read_as_a_string_names_both_types ok
SOAK     1.384 lane=5 START nanopynix/tests/test_scalar_accessor_semantics.py::test_max_call_depth_is_a_nix_error_with_error_info
SOAK     1.385 lane=6 END   nanopynix/tests/inproc/test_inproc.py::test_inproc_value_to_python ok
SOAK     1.385 lane=6 START nanopynix/tests/inproc/test_inproc.py::test_inproc_session_subscribe_receives_log_events
SOAK     1.386 lane=4 END   nanopynix/tests/inproc/test_inproc.py::test_inproc_value_attr_names ok
SOAK     1.392 lane=2 END   nanopynix/tests/inproc/test_inproc.py::test_inproc_locked_flake_facade ok
SOAK     1.392 lane=4 START nanopynix/tests/inproc/test_inproc.py::test_inproc_locked_flake_release_is_idempotent
SOAK     1.408 lane=2 START nanopynix/tests/inproc/test_inproc.py::test_inproc_repl_load_file_and_add_attrs
SOAK     1.409 lane=7 END   nanopynix/tests/primops/test_sleep_primop.py::test_sleep_refuses_a_negative_duration ok
SOAK     1.413 lane=7 START nanopynix/tests/inproc/test_inproc.py::test_inproc_eval_file
SOAK     1.434 lane=0 END   nanopynix/tests/inproc/test_inproc.py::test_inproc_concurrent_eval_sessions_have_independent_pure_eval ok
SOAK     1.435 lane=0 START nanopynix/tests/inproc/test_inproc.py::test_inproc_value_autocall_and_realise_argv
SOAK     1.457 lane=6 END   nanopynix/tests/inproc/test_inproc.py::test_inproc_session_subscribe_receives_log_events ok
SOAK     1.466 lane=6 START nanopynix/tests/inproc/test_inproc.py::test_inproc_value_auto_call
SOAK     1.469 lane=5 END   nanopynix/tests/test_scalar_accessor_semantics.py::test_max_call_depth_is_a_nix_error_with_error_info ok
SOAK     1.469 lane=5 START nanopynix/tests/inproc/test_inproc.py::test_inproc_value_build_rejects_store_from_different_session
SOAK     1.508 lane=7 END   nanopynix/tests/inproc/test_inproc.py::test_inproc_eval_file ok
SOAK     1.508 lane=7 START nanopynix/tests/test_scalar_accessor_semantics.py::test_deep_conversion_of_a_true_cycle_raises_instead_of_crashing
SOAK     1.525 lane=5 END   nanopynix/tests/inproc/test_inproc.py::test_inproc_value_build_rejects_store_from_different_session ok
SOAK     1.525 lane=5 START nanopynix/tests/bindings/test_value_accessor_types.py::test_accessors_force_a_thunk_first
SOAK     1.529 lane=6 END   nanopynix/tests/inproc/test_inproc.py::test_inproc_value_auto_call ok
SOAK     1.529 lane=6 START nanopynix/tests/test_store_engine_parity_semantics.py::test_a_bare_drv_round_trips_through_its_own_reply
SOAK     1.532 lane=2 END   nanopynix/tests/inproc/test_inproc.py::test_inproc_repl_load_file_and_add_attrs ok
SOAK     1.539 lane=2 START nanopynix/tests/test_store_metadata_fidelity.py::test_an_opaque_request_builds_nothing_and_says_so
SOAK     1.540 lane=4 END   nanopynix/tests/inproc/test_inproc.py::test_inproc_locked_flake_release_is_idempotent ok
SOAK     1.540 lane=4 START nanopynix/tests/test_store_metadata_fidelity.py::test_inproc_read_derivation_keeps_nested_input_drvs
SOAK     1.575 lane=0 END   nanopynix/tests/inproc/test_inproc.py::test_inproc_value_autocall_and_realise_argv ok
SOAK     1.575 lane=0 START nanopynix/tests/inproc/test_inproc.py::test_collect_garbage_rejects_an_unsupported_action
SOAK     1.577 lane=6 END   nanopynix/tests/test_store_engine_parity_semantics.py::test_a_bare_drv_round_trips_through_its_own_reply ok
SOAK     1.577 lane=6 START nanopynix/tests/inproc/test_inproc.py::test_inproc_selection_on_a_released_value_raises_at_selection
SOAK     1.577 lane=5 END   nanopynix/tests/bindings/test_value_accessor_types.py::test_accessors_force_a_thunk_first ok
SOAK     1.589 lane=0 END   nanopynix/tests/inproc/test_inproc.py::test_collect_garbage_rejects_an_unsupported_action ok
SOAK     1.590 lane=0 START nanopynix/tests/test_repl_scope_capacity.py::test_inproc_fills_the_repl_scope_exactly_to_the_end
SOAK     1.607 lane=6 END   nanopynix/tests/inproc/test_inproc.py::test_inproc_selection_on_a_released_value_raises_at_selection ok
SOAK     1.613 lane=4 END   nanopynix/tests/test_store_metadata_fidelity.py::test_inproc_read_derivation_keeps_nested_input_drvs ok
SOAK     1.616 lane=6 START nanopynix/tests/inproc/test_inproc.py::test_inproc_eval_close_releases_leftover_locked_flakes
SOAK     1.703 lane=4 START nanopynix/tests/test_flake_lock_graph.py::test_find_input_resolves_a_follows_edge
SOAK     1.759 lane=6 END   nanopynix/tests/inproc/test_inproc.py::test_inproc_eval_close_releases_leftover_locked_flakes ok
SOAK     1.898 lane=4 END   nanopynix/tests/test_flake_lock_graph.py::test_find_input_resolves_a_follows_edge ok
SOAK     1.899 lane=4 START nanopynix/tests/test_store_metadata_fidelity.py::test_inproc_build_reports_the_path_it_produced
SOAK     2.007 lane=1 END   nanopynix/tests/test_stores.py::test_two_store_roots_get_a_local_store_each ok
SOAK     2.007 lane=1 START nanopynix/tests/inproc/test_inproc.py::test_the_collector_owner_thread_outlives_the_session
SOAK     2.022 lane=2 END   nanopynix/tests/test_store_metadata_fidelity.py::test_an_opaque_request_builds_nothing_and_says_so ok
SOAK     2.024 lane=2 START nanopynix/tests/inproc/test_inproc.py::test_inproc_lock_flake_update_inputs_variants
SOAK     2.031 lane=1 END   nanopynix/tests/inproc/test_inproc.py::test_the_collector_owner_thread_outlives_the_session ok
SOAK     2.031 lane=1 START nanopynix/tests/test_scalar_accessor_semantics.py::test_apply_accepts_an_already_evaluated_function
SOAK     2.076 lane=1 END   nanopynix/tests/test_scalar_accessor_semantics.py::test_apply_accepts_an_already_evaluated_function ok
SOAK     2.078 lane=1 START nanopynix/tests/inproc/test_inproc.py::test_inproc_repl_supports_shared_protocol_operations
SOAK     2.113 lane=2 END   nanopynix/tests/inproc/test_inproc.py::test_inproc_lock_flake_update_inputs_variants ok
SOAK     2.113 lane=2 START nanopynix/tests/inproc/test_inproc.py::test_inproc_value_context_manager_releases_rooted_value
SOAK     2.113 lane=1 END   nanopynix/tests/inproc/test_inproc.py::test_inproc_repl_supports_shared_protocol_operations ok
SOAK     2.114 lane=1 START nanopynix/tests/inproc/test_inproc.py::test_inproc_eval_value_navigation
SOAK     2.139 lane=2 END   nanopynix/tests/inproc/test_inproc.py::test_inproc_value_context_manager_releases_rooted_value ok
SOAK     2.139 lane=2 START nanopynix/tests/inproc/test_inproc.py::test_inproc_eval_rejects_store_from_different_session
SOAK     2.144 lane=1 END   nanopynix/tests/inproc/test_inproc.py::test_inproc_eval_value_navigation ok
SOAK     2.144 lane=2 END   nanopynix/tests/inproc/test_inproc.py::test_inproc_eval_rejects_store_from_different_session ok
SOAK     2.144 lane=2 START nanopynix/tests/inproc/test_inproc.py::test_inproc_store_collect_garbage_return_dead
SOAK     2.242 lane=2 END   nanopynix/tests/inproc/test_inproc.py::test_inproc_store_collect_garbage_return_dead ok
SOAK     2.243 lane=2 START nanopynix/tests/test_store_exec.py::test_inproc_a_program_in_a_relocated_store_runs_through_the_exec_prefix
SOAK     2.301 lane=0 END   nanopynix/tests/test_repl_scope_capacity.py::test_inproc_fills_the_repl_scope_exactly_to_the_end ok
SOAK     2.301 lane=0 START nanopynix/tests/test_store_engine_parity_semantics.py::test_the_selector_actually_reaches_nix
SOAK     2.311 lane=0 END   nanopynix/tests/test_store_engine_parity_semantics.py::test_the_selector_actually_reaches_nix ok
SOAK     2.311 lane=0 START nanopynix/tests/inproc/test_inproc.py::test_inproc_value_scalar_conversions
SOAK     2.327 lane=0 END   nanopynix/tests/inproc/test_inproc.py::test_inproc_value_scalar_conversions ok
SOAK     2.789 lane=2 END   nanopynix/tests/test_store_exec.py::test_inproc_a_program_in_a_relocated_store_runs_through_the_exec_prefix ok
SOAK     4.666 lane=7 END   nanopynix/tests/test_scalar_accessor_semantics.py::test_deep_conversion_of_a_true_cycle_raises_instead_of_crashing ok
SOAK     4.666 lane=7 START nanopynix/tests/test_scalar_accessor_semantics.py::test_inproc_reads_a_string_carrying_store_path_context
SOAK     4.688 lane=7 END   nanopynix/tests/test_scalar_accessor_semantics.py::test_inproc_reads_a_string_carrying_store_path_context ok
SOAK     4.688 lane=7 START nanopynix/tests/test_repl_scope_capacity.py::test_inproc_refuses_one_binding_past_the_end
SOAK     5.061 lane=7 END   nanopynix/tests/test_repl_scope_capacity.py::test_inproc_refuses_one_binding_past_the_end ok
SOAK     5.853 lane=3 END   nanopynix/tests/inproc/test_inproc_cancel.py::test_a_cancelled_interruptible_operation_frees_the_evaluator ok
SOAK     5.853 lane=3 START nanopynix/tests/inproc/test_inproc_cancel.py::test_an_operation_that_runs_a_nix_thread_pool_still_completes
SOAK     6.979 lane=4 END   nanopynix/tests/test_store_metadata_fidelity.py::test_inproc_build_reports_the_path_it_produced ok
SOAK     6.979 lane=4 START nanopynix/tests/inproc/test_inproc.py::test_inproc_store_not_open_raises
SOAK     6.979 lane=4 END   nanopynix/tests/inproc/test_inproc.py::test_inproc_store_not_open_raises ok
SOAK    10.097 lane=3 END   nanopynix/tests/inproc/test_inproc_cancel.py::test_an_operation_that_runs_a_nix_thread_pool_still_completes ok
SOAK    10.097 lane=3 START nanopynix/tests/inproc/test_inproc.py::test_inproc_eval_open_and_close_are_idempotent
SOAK    10.106 lane=3 END   nanopynix/tests/inproc/test_inproc.py::test_inproc_eval_open_and_close_are_idempotent ok
SOAK    10.106 lane=3 START nanopynix/tests/inproc/test_inproc.py::test_inproc_store_read_derivation
SOAK    10.121 lane=3 END   nanopynix/tests/inproc/test_inproc.py::test_inproc_store_read_derivation ok
SOAK    10.121 lane=3 START nanopynix/tests/inproc/test_inproc.py::test_inproc_store_cannot_close_while_its_eval_state_is_open
SOAK    10.131 lane=3 END   nanopynix/tests/inproc/test_inproc.py::test_inproc_store_cannot_close_while_its_eval_state_is_open ok
SOAK    10.132 lane=3 START nanopynix/tests/test_stores.py::test_a_store_root_that_came_back_is_not_the_old_store
SOAK    10.223 lane=3 END   nanopynix/tests/test_stores.py::test_a_store_root_that_came_back_is_not_the_old_store ok
SOAK    10.223 lane=3 START nanopynix/tests/bindings/test_store_empty_path.py::test_the_guard_lives_in_cpp_not_in_the_python_wrapper
SOAK    10.226 lane=3 END   nanopynix/tests/bindings/test_store_empty_path.py::test_the_guard_lives_in_cpp_not_in_the_python_wrapper ok
SOAK    10.226 lane=3 START nanopynix/tests/inproc/test_inproc.py::test_inproc_eval_close_releases_values_left_open
SOAK    10.237 lane=3 END   nanopynix/tests/inproc/test_inproc.py::test_inproc_eval_close_releases_values_left_open ok
SOAK    10.237 lane=3 START nanopynix/tests/inproc/test_inproc.py::test_inproc_store_query_missing
SOAK    10.242 lane=3 END   nanopynix/tests/inproc/test_inproc.py::test_inproc_store_query_missing ok
SOAK    10.243 lane=3 START nanopynix/tests/test_stores.py::test_two_handles_on_one_local_store_share_the_temp_roots_file
SOAK    10.319 lane=3 END   nanopynix/tests/test_stores.py::test_two_handles_on_one_local_store_share_the_temp_roots_file ok
SOAK END ok=77 fail=0
PASSED
nanopynix/tests/test_concurrent_soak.py::test_soak_rpc[local] SOAK BEGIN seed=3 lanes=8 tests=43 roster=sha256:eef7d5aefd96e46b
SOAK     0.001 lane=1 START nanopynix/tests/rpc/test_error_identity.py::test_a_nix_error_still_refines_past_the_class_the_worker_named
SOAK     0.014 lane=3 START nanopynix/tests/rpc/client/test_eval_rpc.py::test_eval_call_function_with_value_proxy_arg
SOAK     0.032 lane=4 START nanopynix/tests/rpc/client/test_eval_rpc.py::test_eval_auto_call_function_with_default_attrset_args
SOAK     0.050 lane=5 START nanopynix/tests/rpc/client/test_eval_rpc.py::test_eval_call_function_with_nested_value_proxy_arg
SOAK     0.063 lane=7 START nanopynix/tests/rpc/client/test_eval_rpc.py::test_force_closing_store_closes_dependent_eval_state
SOAK     0.079 lane=0 START nanopynix/tests/rpc/client/test_eval_rpc.py::test_eval_has_attr
SOAK     0.102 lane=2 START nanopynix/tests/rpc/client/test_eval_rpc.py::test_eval_attr_names
SOAK     0.122 lane=6 START nanopynix/tests/test_store_exec.py::test_rpc_a_program_in_a_relocated_store_runs_through_the_exec_prefix
SOAK     1.345 lane=1 END   nanopynix/tests/rpc/test_error_identity.py::test_a_nix_error_still_refines_past_the_class_the_worker_named ok
SOAK     1.345 lane=1 START nanopynix/tests/rpc/client/test_eval_rpc.py::test_eval_file_simple
SOAK     1.364 lane=7 END   nanopynix/tests/rpc/client/test_eval_rpc.py::test_force_closing_store_closes_dependent_eval_state ok
SOAK     1.365 lane=7 START nanopynix/tests/rpc/client/test_eval_rpc.py::test_eval_attr_navigation
SOAK     1.380 lane=5 END   nanopynix/tests/rpc/client/test_eval_rpc.py::test_eval_call_function_with_nested_value_proxy_arg ok
SOAK     1.380 lane=3 END   nanopynix/tests/rpc/client/test_eval_rpc.py::test_eval_call_function_with_value_proxy_arg ok
SOAK     1.380 lane=3 START nanopynix/tests/rpc/client/test_eval_rpc.py::test_eval_strict_accessor_and_apply
SOAK     1.401 lane=0 END   nanopynix/tests/rpc/client/test_eval_rpc.py::test_eval_has_attr ok
SOAK     1.405 lane=2 END   nanopynix/tests/rpc/client/test_eval_rpc.py::test_eval_attr_names ok
SOAK     1.405 lane=2 START nanopynix/tests/rpc/client/test_eval_rpc.py::test_eval_string
SOAK     1.426 lane=5 START nanopynix/tests/rpc/client/test_eval_rpc.py::test_repl_session_persists_bindings
SOAK     1.441 lane=4 END   nanopynix/tests/rpc/client/test_eval_rpc.py::test_eval_auto_call_function_with_default_attrset_args ok
SOAK     1.443 lane=0 START nanopynix/tests/rpc/client/test_eval_rpc.py::test_eval_file_directory_loads_default_nix
SOAK     1.466 lane=4 START nanopynix/tests/rpc/client/test_eval_rpc.py::test_eval_concurrent_sessions
SOAK     1.889 lane=6 END   nanopynix/tests/test_store_exec.py::test_rpc_a_program_in_a_relocated_store_runs_through_the_exec_prefix ok
SOAK     1.890 lane=6 START nanopynix/tests/rpc/client/test_eval_rpc.py::test_repl_session_load_file_autocalls_top_level_function
SOAK     2.640 lane=1 END   nanopynix/tests/rpc/client/test_eval_rpc.py::test_eval_file_simple ok
SOAK     2.641 lane=1 START nanopynix/tests/rpc/client/test_eval_rpc.py::test_repl_session_edit_location_uses_function_source
SOAK     2.669 lane=2 END   nanopynix/tests/rpc/client/test_eval_rpc.py::test_eval_string ok
SOAK     2.669 lane=2 START nanopynix/tests/rpc/test_error_identity.py::test_a_setting_refusal_arrives_as_setting_not_live_error
SOAK     2.684 lane=7 END   nanopynix/tests/rpc/client/test_eval_rpc.py::test_eval_attr_navigation ok
SOAK     2.687 lane=7 START nanopynix/tests/rpc/client/test_eval_rpc.py::test_eval_thunk
SOAK     2.707 lane=0 END   nanopynix/tests/rpc/client/test_eval_rpc.py::test_eval_file_directory_loads_default_nix ok
SOAK     2.707 lane=0 START nanopynix/tests/rpc/test_error_identity.py::test_an_unsupported_scalar_type_arrives_as_value_error
SOAK     2.737 lane=5 END   nanopynix/tests/rpc/client/test_eval_rpc.py::test_repl_session_persists_bindings ok
SOAK     2.737 lane=5 START nanopynix/tests/rpc/client/test_eval_rpc.py::test_eval_call_non_function_raises
SOAK     2.758 lane=4 END   nanopynix/tests/rpc/client/test_eval_rpc.py::test_eval_concurrent_sessions ok
SOAK     2.758 lane=4 START nanopynix/tests/test_scalar_accessor_semantics.py::test_rpc_reads_a_string_carrying_store_path_context
SOAK     2.776 lane=3 END   nanopynix/tests/rpc/client/test_eval_rpc.py::test_eval_strict_accessor_and_apply ok
SOAK     2.776 lane=3 START nanopynix/tests/test_store_metadata_fidelity.py::test_rpc_build_reports_the_path_it_produced
SOAK     3.094 lane=6 END   nanopynix/tests/rpc/client/test_eval_rpc.py::test_repl_session_load_file_autocalls_top_level_function ok
SOAK     3.094 lane=6 START nanopynix/tests/test_repl_scope_capacity.py::test_rpc_fills_the_repl_scope_exactly_to_the_end
SOAK     3.915 lane=2 END   nanopynix/tests/rpc/test_error_identity.py::test_a_setting_refusal_arrives_as_setting_not_live_error ok
SOAK     3.915 lane=2 START nanopynix/tests/rpc/client/test_eval_rpc.py::test_repl_session_scope_names_include_bindings_and_base_scope
SOAK     3.943 lane=0 END   nanopynix/tests/rpc/test_error_identity.py::test_an_unsupported_scalar_type_arrives_as_value_error ok
SOAK     3.943 lane=0 START nanopynix/tests/rpc/test_error_identity.py::test_a_negative_index_past_the_start_arrives_as_index_error
SOAK     3.958 lane=1 END   nanopynix/tests/rpc/client/test_eval_rpc.py::test_repl_session_edit_location_uses_function_source ok
SOAK     3.958 lane=1 START nanopynix/tests/rpc/client/test_eval_rpc.py::test_to_python_refuses_a_tree_containing_a_function
SOAK     3.978 lane=7 END   nanopynix/tests/rpc/client/test_eval_rpc.py::test_eval_thunk ok
SOAK     3.979 lane=7 START nanopynix/tests/rpc/client/test_eval_rpc.py::test_eval_force_does_not_consume
SOAK     4.005 lane=5 END   nanopynix/tests/rpc/client/test_eval_rpc.py::test_eval_call_non_function_raises ok
SOAK     4.005 lane=5 START nanopynix/tests/test_store_metadata_fidelity.py::test_rpc_read_derivation_keeps_structured_attrs
SOAK     4.038 lane=4 END   nanopynix/tests/test_scalar_accessor_semantics.py::test_rpc_reads_a_string_carrying_store_path_context ok
SOAK     4.039 lane=4 START nanopynix/tests/rpc/client/test_eval_rpc.py::test_eval_session_cleanup
SOAK     4.070 lane=3 END   nanopynix/tests/test_store_metadata_fidelity.py::test_rpc_build_reports_the_path_it_produced ok
SOAK     4.070 lane=3 START nanopynix/tests/rpc/client/test_eval_rpc.py::test_repl_session_open_is_idempotent
SOAK     4.829 lane=6 END   nanopynix/tests/test_repl_scope_capacity.py::test_rpc_fills_the_repl_scope_exactly_to_the_end ok
SOAK     4.829 lane=6 START nanopynix/tests/rpc/client/test_eval_rpc.py::test_forced_attrs_borrow_the_parent_value_handle
SOAK     5.156 lane=2 END   nanopynix/tests/rpc/client/test_eval_rpc.py::test_repl_session_scope_names_include_bindings_and_base_scope ok
SOAK     5.156 lane=2 START nanopynix/tests/test_store_metadata_fidelity.py::test_rpc_read_derivation_keeps_nested_input_drvs
SOAK     5.206 lane=0 END   nanopynix/tests/rpc/test_error_identity.py::test_a_negative_index_past_the_start_arrives_as_index_error ok
SOAK     5.206 lane=0 START nanopynix/tests/rpc/client/test_eval_rpc.py::test_eval_list
SOAK     5.239 lane=7 END   nanopynix/tests/rpc/client/test_eval_rpc.py::test_eval_force_does_not_consume ok
SOAK     5.239 lane=7 START nanopynix/tests/rpc/client/test_eval_rpc.py::test_eval_callable_function_proxy
SOAK     5.268 lane=1 END   nanopynix/tests/rpc/client/test_eval_rpc.py::test_to_python_refuses_a_tree_containing_a_function ok
SOAK     5.268 lane=1 START nanopynix/tests/rpc/client/test_eval_rpc.py::test_eval_reused_function_can_call_separately_evaluated_value
SOAK     5.332 lane=5 END   nanopynix/tests/test_store_metadata_fidelity.py::test_rpc_read_derivation_keeps_structured_attrs ok
SOAK     5.332 lane=5 START nanopynix/tests/rpc/test_error_identity.py::test_a_handle_of_the_wrong_kind_arrives_as_type_error
SOAK     5.352 lane=3 END   nanopynix/tests/rpc/client/test_eval_rpc.py::test_repl_session_open_is_idempotent ok
SOAK     5.362 lane=3 START nanopynix/tests/rpc/client/test_eval_rpc.py::test_copy_closure_between_stores
SOAK     5.375 lane=4 END   nanopynix/tests/rpc/client/test_eval_rpc.py::test_eval_session_cleanup ok
SOAK     5.375 lane=4 START nanopynix/tests/rpc/client/test_eval_rpc.py::test_eval_call_function
SOAK     5.983 lane=6 END   nanopynix/tests/rpc/client/test_eval_rpc.py::test_forced_attrs_borrow_the_parent_value_handle ok
SOAK     5.983 lane=6 START nanopynix/tests/rpc/client/test_eval_rpc.py::test_repl_session_adds_attrs_to_scope
SOAK     6.439 lane=2 END   nanopynix/tests/test_store_metadata_fidelity.py::test_rpc_read_derivation_keeps_nested_input_drvs ok
SOAK     6.439 lane=2 START nanopynix/tests/rpc/client/test_eval_rpc.py::test_eval_nested_navigation
SOAK     6.503 lane=0 END   nanopynix/tests/rpc/client/test_eval_rpc.py::test_eval_list ok
SOAK     6.503 lane=0 START nanopynix/tests/rpc/test_error_identity.py::test_an_absent_handle_arrives_as_key_error
SOAK     6.526 lane=7 END   nanopynix/tests/rpc/client/test_eval_rpc.py::test_eval_callable_function_proxy ok
SOAK     6.561 lane=1 END   nanopynix/tests/rpc/client/test_eval_rpc.py::test_eval_reused_function_can_call_separately_evaluated_value ok
SOAK     6.561 lane=1 START nanopynix/tests/test_repl_scope_capacity.py::test_rpc_refuses_one_binding_past_the_end
SOAK     6.575 lane=5 END   nanopynix/tests/rpc/test_error_identity.py::test_a_handle_of_the_wrong_kind_arrives_as_type_error ok
SOAK     6.631 lane=4 END   nanopynix/tests/rpc/client/test_eval_rpc.py::test_eval_call_function ok
SOAK     6.637 lane=3 END   nanopynix/tests/rpc/client/test_eval_rpc.py::test_copy_closure_between_stores ok
SOAK     7.196 lane=6 END   nanopynix/tests/rpc/client/test_eval_rpc.py::test_repl_session_adds_attrs_to_scope ok
SOAK     7.634 lane=2 END   nanopynix/tests/rpc/client/test_eval_rpc.py::test_eval_nested_navigation ok
SOAK     7.695 lane=0 END   nanopynix/tests/rpc/test_error_identity.py::test_an_absent_handle_arrives_as_key_error ok
SOAK     7.978 lane=1 END   nanopynix/tests/test_repl_scope_capacity.py::test_rpc_refuses_one_binding_past_the_end ok
SOAK END ok=43 fail=0
PASSED
nanopynix/tests/test_concurrent_soak.py::test_soak_inproc[daemon] SOAK BEGIN seed=3 lanes=8 tests=77 roster=sha256:f79eb9dbfc68391d
SOAK     0.001 lane=1 START nanopynix/tests/inproc/test_inproc.py::test_a_value_the_caller_still_holds_survives_a_collection
SOAK     0.001 lane=3 START nanopynix/tests/inproc/test_inproc_cancel.py::test_a_cancelled_interruptible_operation_frees_the_evaluator
SOAK     0.001 lane=5 START nanopynix/tests/inproc/test_inproc.py::test_inproc_store_uri_and_store_dir
SOAK     0.002 lane=6 START nanopynix/tests/inproc/test_inproc.py::test_inproc_value_rejects_use_after_eval_close
SOAK     0.003 lane=7 START nanopynix/tests/primops/test_sleep_primop.py::test_sleep_waits_for_the_time_it_is_given
SOAK     0.008 lane=0 START nanopynix/tests/inproc/test_inproc.py::test_inproc_value_edit_location
SOAK     0.025 lane=2 START nanopynix/tests/test_flake_lock_graph.py::test_find_input_returns_none_for_a_name_that_is_not_an_input
SOAK     0.037 lane=4 START nanopynix/tests/test_store_dump_db.py::test_the_records_follow_the_order_of_the_argument
SOAK     0.066 lane=5 END   nanopynix/tests/inproc/test_inproc.py::test_inproc_store_uri_and_store_dir ok
SOAK     0.067 lane=5 START nanopynix/tests/inproc/test_inproc.py::test_inproc_allows_concurrent_eval_states_on_one_store
SOAK     0.076 lane=6 END   nanopynix/tests/inproc/test_inproc.py::test_inproc_value_rejects_use_after_eval_close ok
SOAK     0.438 lane=6 START nanopynix/tests/test_flake_lock_graph.py::test_metadata_json_carries_the_whole_graph
SOAK     0.458 lane=0 END   nanopynix/tests/inproc/test_inproc.py::test_inproc_value_edit_location ok
SOAK     0.458 lane=0 START nanopynix/tests/inproc/test_inproc.py::test_inproc_store_open_is_idempotent
SOAK     0.460 lane=1 END   nanopynix/tests/inproc/test_inproc.py::test_a_value_the_caller_still_holds_survives_a_collection ok
SOAK     0.460 lane=1 START nanopynix/tests/inproc/test_inproc.py::test_inproc_repl_open_is_idempotent
SOAK     0.482 lane=0 END   nanopynix/tests/inproc/test_inproc.py::test_inproc_store_open_is_idempotent ok
SOAK     0.483 lane=0 START nanopynix/tests/inproc/test_inproc.py::test_inproc_session_subscribe_receives_a_request_finalized_event
SOAK     0.487 lane=0 END   nanopynix/tests/inproc/test_inproc.py::test_inproc_session_subscribe_receives_a_request_finalized_event ok
SOAK     0.487 lane=0 START nanopynix/tests/inproc/test_inproc.py::test_inproc_value_build_raises_on_build_failure
SOAK     0.491 lane=7 END   nanopynix/tests/primops/test_sleep_primop.py::test_sleep_waits_for_the_time_it_is_given ok
SOAK     0.506 lane=7 START nanopynix/tests/inproc/test_inproc.py::test_inproc_copy_closure_copies_between_two_stores_in_one_session
SOAK     0.508 lane=4 END   nanopynix/tests/test_store_dump_db.py::test_the_records_follow_the_order_of_the_argument ok
SOAK     0.508 lane=4 START nanopynix/tests/primops/test_sleep_primop.py::test_sleep_is_a_builtin_and_not_a_global
SOAK     0.524 lane=5 END   nanopynix/tests/inproc/test_inproc.py::test_inproc_allows_concurrent_eval_states_on_one_store ok
SOAK     0.524 lane=5 START nanopynix/tests/inproc/test_inproc.py::test_inproc_value_release_is_idempotent
SOAK     0.538 lane=2 END   nanopynix/tests/test_flake_lock_graph.py::test_find_input_returns_none_for_a_name_that_is_not_an_input ok
SOAK     0.540 lane=2 START nanopynix/tests/inproc/test_inproc.py::test_inproc_value_call_accepts_value_argument
SOAK     0.565 lane=1 END   nanopynix/tests/inproc/test_inproc.py::test_inproc_repl_open_is_idempotent ok
SOAK     0.566 lane=4 END   nanopynix/tests/primops/test_sleep_primop.py::test_sleep_is_a_builtin_and_not_a_global ok
SOAK     0.566 lane=4 START nanopynix/tests/test_store_metadata_fidelity.py::test_inproc_read_derivation_keeps_structured_attrs
SOAK     0.574 lane=6 END   nanopynix/tests/test_flake_lock_graph.py::test_metadata_json_carries_the_whole_graph ok
SOAK     0.574 lane=1 START nanopynix/tests/inproc/test_inproc.py::test_inproc_eval_flake
SOAK     0.608 lane=6 START nanopynix/tests/test_flake_lock_graph.py::test_find_input_returns_a_locked_ref_with_a_rev
SOAK     0.632 lane=5 END   nanopynix/tests/inproc/test_inproc.py::test_inproc_value_release_is_idempotent ok
SOAK     0.632 lane=5 START nanopynix/tests/inproc/test_inproc.py::test_inproc_eval_state_can_be_closed_and_reopened
SOAK     0.663 lane=2 END   nanopynix/tests/inproc/test_inproc.py::test_inproc_value_call_accepts_value_argument ok
SOAK     0.687 lane=2 START nanopynix/tests/inproc/test_inproc.py::test_inproc_locked_flake_facade
SOAK     0.696 lane=4 END   nanopynix/tests/test_store_metadata_fidelity.py::test_inproc_read_derivation_keeps_structured_attrs ok
SOAK     0.696 lane=4 START nanopynix/tests/inproc/test_inproc.py::test_inproc_store_query_derivation_outputs_and_valid_derivers
SOAK     0.696 lane=7 END   nanopynix/tests/inproc/test_inproc.py::test_inproc_copy_closure_copies_between_two_stores_in_one_session ok
SOAK     0.710 lane=7 START nanopynix/tests/inproc/test_inproc.py::test_inproc_optimise_and_verify_a_private_store
SOAK     0.724 lane=5 END   nanopynix/tests/inproc/test_inproc.py::test_inproc_eval_state_can_be_closed_and_reopened ok
SOAK     0.724 lane=5 START nanopynix/tests/test_scalar_accessor_semantics.py::test_deep_conversion_of_a_derivation_terminates
SOAK     0.732 lane=0 END   nanopynix/tests/inproc/test_inproc.py::test_inproc_value_build_raises_on_build_failure ok
SOAK     0.732 lane=0 START nanopynix/tests/inproc/test_inproc.py::test_inproc_concurrent_eval_sessions_have_independent_pure_eval
SOAK     0.736 lane=1 END   nanopynix/tests/inproc/test_inproc.py::test_inproc_eval_flake ok
SOAK     0.736 lane=1 START nanopynix/tests/inproc/test_inproc.py::test_inproc_eval_open_requires_open_store
SOAK     0.737 lane=1 END   nanopynix/tests/inproc/test_inproc.py::test_inproc_eval_open_requires_open_store ok
SOAK     0.737 lane=1 START nanopynix/tests/inproc/test_inproc.py::test_inproc_repl_requires_open_repl
SOAK     0.879 lane=6 END   nanopynix/tests/test_flake_lock_graph.py::test_find_input_returns_a_locked_ref_with_a_rev ok
SOAK     0.879 lane=6 START nanopynix/tests/inproc/test_inproc.py::test_inproc_value_to_python
SOAK     0.903 lane=1 END   nanopynix/tests/inproc/test_inproc.py::test_inproc_repl_requires_open_repl ok
SOAK     0.932 lane=1 START nanopynix/tests/test_stores.py::test_two_store_roots_get_a_local_store_each
SOAK     1.034 lane=4 END   nanopynix/tests/inproc/test_inproc.py::test_inproc_store_query_derivation_outputs_and_valid_derivers ok
SOAK     1.044 lane=4 START nanopynix/tests/inproc/test_inproc.py::test_inproc_value_attr_names
SOAK     1.098 lane=5 END   nanopynix/tests/test_scalar_accessor_semantics.py::test_deep_conversion_of_a_derivation_terminates ok
SOAK     1.098 lane=5 START nanopynix/tests/bindings/test_value_accessor_types.py::test_an_int_read_as_a_string_names_both_types
SOAK     1.114 lane=6 END   nanopynix/tests/inproc/test_inproc.py::test_inproc_value_to_python ok
SOAK     1.114 lane=6 START nanopynix/tests/inproc/test_inproc.py::test_inproc_session_subscribe_receives_log_events
SOAK     1.139 lane=7 END   nanopynix/tests/inproc/test_inproc.py::test_inproc_optimise_and_verify_a_private_store ok
SOAK     1.139 lane=7 START nanopynix/tests/inproc/test_inproc.py::test_inproc_value_rejects_use_from_different_eval_session
SOAK     1.140 lane=0 END   nanopynix/tests/inproc/test_inproc.py::test_inproc_concurrent_eval_sessions_have_independent_pure_eval ok
SOAK     1.140 lane=0 START nanopynix/tests/inproc/test_inproc.py::test_inproc_value_autocall_and_realise_argv
SOAK     1.145 lane=4 END   nanopynix/tests/inproc/test_inproc.py::test_inproc_value_attr_names ok
SOAK     1.148 lane=4 START nanopynix/tests/inproc/test_inproc.py::test_inproc_locked_flake_release_is_idempotent
SOAK     1.172 lane=6 END   nanopynix/tests/inproc/test_inproc.py::test_inproc_session_subscribe_receives_log_events ok
SOAK     1.172 lane=6 START nanopynix/tests/inproc/test_inproc.py::test_inproc_value_auto_call
SOAK     1.200 lane=5 END   nanopynix/tests/bindings/test_value_accessor_types.py::test_an_int_read_as_a_string_names_both_types ok
SOAK     1.207 lane=5 START nanopynix/tests/test_scalar_accessor_semantics.py::test_max_call_depth_is_a_nix_error_with_error_info
SOAK     1.209 lane=2 END   nanopynix/tests/inproc/test_inproc.py::test_inproc_locked_flake_facade ok
SOAK     1.228 lane=2 START nanopynix/tests/inproc/test_inproc.py::test_inproc_repl_load_file_and_add_attrs
SOAK     1.232 lane=7 END   nanopynix/tests/inproc/test_inproc.py::test_inproc_value_rejects_use_from_different_eval_session ok
SOAK     1.232 lane=7 START nanopynix/tests/primops/test_sleep_primop.py::test_sleep_refuses_a_negative_duration
SOAK     1.258 lane=0 END   nanopynix/tests/inproc/test_inproc.py::test_inproc_value_autocall_and_realise_argv ok
SOAK     1.258 lane=0 START nanopynix/tests/inproc/test_inproc.py::test_collect_garbage_rejects_an_unsupported_action
SOAK     1.261 lane=6 END   nanopynix/tests/inproc/test_inproc.py::test_inproc_value_auto_call ok
SOAK     1.261 lane=6 START nanopynix/tests/test_store_engine_parity_semantics.py::test_a_bare_drv_round_trips_through_its_own_reply
SOAK     1.295 lane=0 END   nanopynix/tests/inproc/test_inproc.py::test_collect_garbage_rejects_an_unsupported_action ok
SOAK     1.295 lane=0 START nanopynix/tests/test_repl_scope_capacity.py::test_inproc_fills_the_repl_scope_exactly_to_the_end
SOAK     1.324 lane=7 END   nanopynix/tests/primops/test_sleep_primop.py::test_sleep_refuses_a_negative_duration ok
SOAK     1.325 lane=4 END   nanopynix/tests/inproc/test_inproc.py::test_inproc_locked_flake_release_is_idempotent ok
SOAK     1.325 lane=4 START nanopynix/tests/test_store_metadata_fidelity.py::test_inproc_read_derivation_keeps_nested_input_drvs
SOAK     1.342 lane=5 END   nanopynix/tests/test_scalar_accessor_semantics.py::test_max_call_depth_is_a_nix_error_with_error_info ok
SOAK     1.342 lane=5 START nanopynix/tests/inproc/test_inproc.py::test_inproc_value_build_rejects_store_from_different_session
SOAK     1.346 lane=7 START nanopynix/tests/inproc/test_inproc.py::test_inproc_eval_file
SOAK     1.358 lane=2 END   nanopynix/tests/inproc/test_inproc.py::test_inproc_repl_load_file_and_add_attrs ok
SOAK     1.358 lane=2 START nanopynix/tests/test_store_metadata_fidelity.py::test_an_opaque_request_builds_nothing_and_says_so
SOAK     1.378 lane=6 END   nanopynix/tests/test_store_engine_parity_semantics.py::test_a_bare_drv_round_trips_through_its_own_reply ok
SOAK     1.378 lane=6 START nanopynix/tests/inproc/test_inproc.py::test_inproc_selection_on_a_released_value_raises_at_selection
SOAK     1.390 lane=5 END   nanopynix/tests/inproc/test_inproc.py::test_inproc_value_build_rejects_store_from_different_session ok
SOAK     1.393 lane=5 START nanopynix/tests/bindings/test_value_accessor_types.py::test_accessors_force_a_thunk_first
SOAK     1.399 lane=7 END   nanopynix/tests/inproc/test_inproc.py::test_inproc_eval_file ok
SOAK     1.399 lane=7 START nanopynix/tests/test_scalar_accessor_semantics.py::test_deep_conversion_of_a_true_cycle_raises_instead_of_crashing
SOAK     1.424 lane=4 END   nanopynix/tests/test_store_metadata_fidelity.py::test_inproc_read_derivation_keeps_nested_input_drvs ok
SOAK     1.425 lane=6 END   nanopynix/tests/inproc/test_inproc.py::test_inproc_selection_on_a_released_value_raises_at_selection ok
SOAK     1.429 lane=4 START nanopynix/tests/test_flake_lock_graph.py::test_find_input_resolves_a_follows_edge
SOAK     1.456 lane=6 START nanopynix/tests/inproc/test_inproc.py::test_inproc_eval_close_releases_leftover_locked_flakes
SOAK     1.470 lane=5 END   nanopynix/tests/bindings/test_value_accessor_types.py::test_accessors_force_a_thunk_first ok
SOAK     1.585 lane=6 END   nanopynix/tests/inproc/test_inproc.py::test_inproc_eval_close_releases_leftover_locked_flakes ok
SOAK     1.653 lane=4 END   nanopynix/tests/test_flake_lock_graph.py::test_find_input_resolves_a_follows_edge ok
SOAK     1.653 lane=4 START nanopynix/tests/test_store_metadata_fidelity.py::test_inproc_build_reports_the_path_it_produced
SOAK     1.679 lane=2 END   nanopynix/tests/test_store_metadata_fidelity.py::test_an_opaque_request_builds_nothing_and_says_so ok
SOAK     1.682 lane=2 START nanopynix/tests/inproc/test_inproc.py::test_inproc_lock_flake_update_inputs_variants
SOAK     1.734 lane=1 END   nanopynix/tests/test_stores.py::test_two_store_roots_get_a_local_store_each ok
SOAK     1.734 lane=1 START nanopynix/tests/inproc/test_inproc.py::test_the_collector_owner_thread_outlives_the_session
SOAK     1.758 lane=4 END   nanopynix/tests/test_store_metadata_fidelity.py::test_inproc_build_reports_the_path_it_produced ok
SOAK     1.758 lane=4 START nanopynix/tests/inproc/test_inproc.py::test_inproc_store_not_open_raises
SOAK     1.758 lane=4 END   nanopynix/tests/inproc/test_inproc.py::test_inproc_store_not_open_raises ok
SOAK     1.768 lane=2 END   nanopynix/tests/inproc/test_inproc.py::test_inproc_lock_flake_update_inputs_variants ok
SOAK     1.768 lane=2 START nanopynix/tests/inproc/test_inproc.py::test_inproc_value_context_manager_releases_rooted_value
SOAK     1.768 lane=1 END   nanopynix/tests/inproc/test_inproc.py::test_the_collector_owner_thread_outlives_the_session ok
SOAK     1.768 lane=1 START nanopynix/tests/test_scalar_accessor_semantics.py::test_apply_accepts_an_already_evaluated_function
SOAK     1.794 lane=2 END   nanopynix/tests/inproc/test_inproc.py::test_inproc_value_context_manager_releases_rooted_value ok
SOAK     1.794 lane=2 START nanopynix/tests/inproc/test_inproc.py::test_inproc_eval_rejects_store_from_different_session
SOAK     1.799 lane=2 END   nanopynix/tests/inproc/test_inproc.py::test_inproc_eval_rejects_store_from_different_session ok
SOAK     1.799 lane=2 START nanopynix/tests/inproc/test_inproc.py::test_inproc_store_collect_garbage_return_dead
SOAK     1.803 lane=1 END   nanopynix/tests/test_scalar_accessor_semantics.py::test_apply_accepts_an_already_evaluated_function ok
SOAK     1.804 lane=1 START nanopynix/tests/inproc/test_inproc.py::test_inproc_repl_supports_shared_protocol_operations
SOAK     1.852 lane=1 END   nanopynix/tests/inproc/test_inproc.py::test_inproc_repl_supports_shared_protocol_operations ok
SOAK     1.852 lane=1 START nanopynix/tests/inproc/test_inproc.py::test_inproc_eval_value_navigation
SOAK     1.853 lane=0 END   nanopynix/tests/test_repl_scope_capacity.py::test_inproc_fills_the_repl_scope_exactly_to_the_end ok
SOAK     1.853 lane=0 START nanopynix/tests/test_store_engine_parity_semantics.py::test_the_selector_actually_reaches_nix
SOAK     1.869 lane=1 END   nanopynix/tests/inproc/test_inproc.py::test_inproc_eval_value_navigation ok
SOAK     1.912 lane=0 END   nanopynix/tests/test_store_engine_parity_semantics.py::test_the_selector_actually_reaches_nix ok
SOAK     1.912 lane=0 START nanopynix/tests/inproc/test_inproc.py::test_inproc_value_scalar_conversions
SOAK     1.934 lane=0 END   nanopynix/tests/inproc/test_inproc.py::test_inproc_value_scalar_conversions ok
SOAK     2.232 lane=2 END   nanopynix/tests/inproc/test_inproc.py::test_inproc_store_collect_garbage_return_dead ok
SOAK     2.233 lane=2 START nanopynix/tests/test_store_exec.py::test_inproc_a_program_in_a_relocated_store_runs_through_the_exec_prefix
SOAK     2.724 lane=2 END   nanopynix/tests/test_store_exec.py::test_inproc_a_program_in_a_relocated_store_runs_through_the_exec_prefix ok
SOAK     4.078 lane=7 END   nanopynix/tests/test_scalar_accessor_semantics.py::test_deep_conversion_of_a_true_cycle_raises_instead_of_crashing ok
SOAK     4.079 lane=7 START nanopynix/tests/test_scalar_accessor_semantics.py::test_inproc_reads_a_string_carrying_store_path_context
SOAK     4.108 lane=7 END   nanopynix/tests/test_scalar_accessor_semantics.py::test_inproc_reads_a_string_carrying_store_path_context ok
SOAK     4.108 lane=7 START nanopynix/tests/test_repl_scope_capacity.py::test_inproc_refuses_one_binding_past_the_end
SOAK     4.489 lane=7 END   nanopynix/tests/test_repl_scope_capacity.py::test_inproc_refuses_one_binding_past_the_end ok
SOAK     5.296 lane=3 END   nanopynix/tests/inproc/test_inproc_cancel.py::test_a_cancelled_interruptible_operation_frees_the_evaluator ok
SOAK     5.296 lane=3 START nanopynix/tests/inproc/test_inproc_cancel.py::test_an_operation_that_runs_a_nix_thread_pool_still_completes
SOAK    11.380 lane=3 END   nanopynix/tests/inproc/test_inproc_cancel.py::test_an_operation_that_runs_a_nix_thread_pool_still_completes ok
SOAK    11.383 lane=3 START nanopynix/tests/inproc/test_inproc.py::test_inproc_eval_open_and_close_are_idempotent
SOAK    11.492 lane=3 END   nanopynix/tests/inproc/test_inproc.py::test_inproc_eval_open_and_close_are_idempotent ok
SOAK    11.492 lane=3 START nanopynix/tests/inproc/test_inproc.py::test_inproc_store_read_derivation
SOAK    11.562 lane=3 END   nanopynix/tests/inproc/test_inproc.py::test_inproc_store_read_derivation ok
SOAK    11.562 lane=3 START nanopynix/tests/inproc/test_inproc.py::test_inproc_store_cannot_close_while_its_eval_state_is_open
SOAK    11.595 lane=3 END   nanopynix/tests/inproc/test_inproc.py::test_inproc_store_cannot_close_while_its_eval_state_is_open ok
SOAK    11.623 lane=3 START nanopynix/tests/test_stores.py::test_a_store_root_that_came_back_is_not_the_old_store
SOAK    11.960 lane=3 END   nanopynix/tests/test_stores.py::test_a_store_root_that_came_back_is_not_the_old_store ok
SOAK    11.961 lane=3 START nanopynix/tests/bindings/test_store_empty_path.py::test_the_guard_lives_in_cpp_not_in_the_python_wrapper
SOAK    11.975 lane=3 END   nanopynix/tests/bindings/test_store_empty_path.py::test_the_guard_lives_in_cpp_not_in_the_python_wrapper ok
SOAK    11.975 lane=3 START nanopynix/tests/inproc/test_inproc.py::test_inproc_eval_close_releases_values_left_open
SOAK    12.010 lane=3 END   nanopynix/tests/inproc/test_inproc.py::test_inproc_eval_close_releases_values_left_open ok
SOAK    12.010 lane=3 START nanopynix/tests/inproc/test_inproc.py::test_inproc_store_query_missing
SOAK    12.067 lane=3 END   nanopynix/tests/inproc/test_inproc.py::test_inproc_store_query_missing ok
SOAK    12.069 lane=3 START nanopynix/tests/test_stores.py::test_two_handles_on_one_local_store_share_the_temp_roots_file
SOAK    12.255 lane=3 END   nanopynix/tests/test_stores.py::test_two_handles_on_one_local_store_share_the_temp_roots_file ok
SOAK END ok=77 fail=0
PASSED
nanopynix/tests/test_concurrent_soak.py::test_soak_rpc[daemon] SOAK BEGIN seed=3 lanes=8 tests=43 roster=sha256:eef7d5aefd96e46b
SOAK     0.005 lane=1 START nanopynix/tests/rpc/test_error_identity.py::test_a_nix_error_still_refines_past_the_class_the_worker_named
SOAK     0.016 lane=3 START nanopynix/tests/rpc/client/test_eval_rpc.py::test_eval_call_function_with_value_proxy_arg
SOAK     0.027 lane=4 START nanopynix/tests/rpc/client/test_eval_rpc.py::test_eval_auto_call_function_with_default_attrset_args
SOAK     0.040 lane=5 START nanopynix/tests/rpc/client/test_eval_rpc.py::test_eval_call_function_with_nested_value_proxy_arg
SOAK     0.054 lane=7 START nanopynix/tests/rpc/client/test_eval_rpc.py::test_force_closing_store_closes_dependent_eval_state
SOAK     0.115 lane=0 START nanopynix/tests/rpc/client/test_eval_rpc.py::test_eval_has_attr
SOAK     0.206 lane=2 START nanopynix/tests/rpc/client/test_eval_rpc.py::test_eval_attr_names
SOAK     0.265 lane=6 START nanopynix/tests/test_store_exec.py::test_rpc_a_program_in_a_relocated_store_runs_through_the_exec_prefix
SOAK     1.754 lane=1 END   nanopynix/tests/rpc/test_error_identity.py::test_a_nix_error_still_refines_past_the_class_the_worker_named ok
SOAK     1.756 lane=1 START nanopynix/tests/rpc/client/test_eval_rpc.py::test_eval_file_simple
SOAK     1.776 lane=7 END   nanopynix/tests/rpc/client/test_eval_rpc.py::test_force_closing_store_closes_dependent_eval_state ok
SOAK     1.777 lane=7 START nanopynix/tests/rpc/client/test_eval_rpc.py::test_eval_attr_navigation
SOAK     1.793 lane=2 END   nanopynix/tests/rpc/client/test_eval_rpc.py::test_eval_attr_names ok
SOAK     1.793 lane=2 START nanopynix/tests/rpc/client/test_eval_rpc.py::test_eval_string
SOAK     1.831 lane=5 END   nanopynix/tests/rpc/client/test_eval_rpc.py::test_eval_call_function_with_nested_value_proxy_arg ok
SOAK     1.835 lane=5 START nanopynix/tests/rpc/client/test_eval_rpc.py::test_repl_session_persists_bindings
SOAK     1.855 lane=0 END   nanopynix/tests/rpc/client/test_eval_rpc.py::test_eval_has_attr ok
SOAK     1.855 lane=3 END   nanopynix/tests/rpc/client/test_eval_rpc.py::test_eval_call_function_with_value_proxy_arg ok
SOAK     1.855 lane=3 START nanopynix/tests/rpc/client/test_eval_rpc.py::test_eval_strict_accessor_and_apply
SOAK     1.870 lane=4 END   nanopynix/tests/rpc/client/test_eval_rpc.py::test_eval_auto_call_function_with_default_attrset_args ok
SOAK     1.885 lane=0 START nanopynix/tests/rpc/client/test_eval_rpc.py::test_eval_file_directory_loads_default_nix
SOAK     1.914 lane=4 START nanopynix/tests/rpc/client/test_eval_rpc.py::test_eval_concurrent_sessions
SOAK     2.474 lane=6 END   nanopynix/tests/test_store_exec.py::test_rpc_a_program_in_a_relocated_store_runs_through_the_exec_prefix ok
SOAK     2.475 lane=6 START nanopynix/tests/rpc/client/test_eval_rpc.py::test_repl_session_load_file_autocalls_top_level_function
SOAK     3.099 lane=1 END   nanopynix/tests/rpc/client/test_eval_rpc.py::test_eval_file_simple ok
SOAK     3.101 lane=1 START nanopynix/tests/rpc/client/test_eval_rpc.py::test_repl_session_edit_location_uses_function_source
SOAK     3.139 lane=2 END   nanopynix/tests/rpc/client/test_eval_rpc.py::test_eval_string ok
SOAK     3.139 lane=2 START nanopynix/tests/rpc/test_error_identity.py::test_a_setting_refusal_arrives_as_setting_not_live_error
SOAK     3.166 lane=0 END   nanopynix/tests/rpc/client/test_eval_rpc.py::test_eval_file_directory_loads_default_nix ok
SOAK     3.166 lane=0 START nanopynix/tests/rpc/test_error_identity.py::test_an_unsupported_scalar_type_arrives_as_value_error
SOAK     3.199 lane=7 END   nanopynix/tests/rpc/client/test_eval_rpc.py::test_eval_attr_navigation ok
SOAK     3.200 lane=5 END   nanopynix/tests/rpc/client/test_eval_rpc.py::test_repl_session_persists_bindings ok
SOAK     3.200 lane=5 START nanopynix/tests/rpc/client/test_eval_rpc.py::test_eval_call_non_function_raises
SOAK     3.231 lane=4 END   nanopynix/tests/rpc/client/test_eval_rpc.py::test_eval_concurrent_sessions ok
SOAK     3.231 lane=4 START nanopynix/tests/test_scalar_accessor_semantics.py::test_rpc_reads_a_string_carrying_store_path_context
SOAK     3.279 lane=3 END   nanopynix/tests/rpc/client/test_eval_rpc.py::test_eval_strict_accessor_and_apply ok
SOAK     3.279 lane=3 START nanopynix/tests/test_store_metadata_fidelity.py::test_rpc_build_reports_the_path_it_produced
SOAK     3.291 lane=7 START nanopynix/tests/rpc/client/test_eval_rpc.py::test_eval_thunk
SOAK     3.666 lane=6 END   nanopynix/tests/rpc/client/test_eval_rpc.py::test_repl_session_load_file_autocalls_top_level_function ok
SOAK     3.666 lane=6 START nanopynix/tests/test_repl_scope_capacity.py::test_rpc_fills_the_repl_scope_exactly_to_the_end
SOAK     4.492 lane=1 END   nanopynix/tests/rpc/client/test_eval_rpc.py::test_repl_session_edit_location_uses_function_source ok
SOAK     4.492 lane=1 START nanopynix/tests/rpc/client/test_eval_rpc.py::test_to_python_refuses_a_tree_containing_a_function
SOAK     4.501 lane=2 END   nanopynix/tests/rpc/test_error_identity.py::test_a_setting_refusal_arrives_as_setting_not_live_error ok
SOAK     4.501 lane=2 START nanopynix/tests/rpc/client/test_eval_rpc.py::test_repl_session_scope_names_include_bindings_and_base_scope
SOAK     4.513 lane=0 END   nanopynix/tests/rpc/test_error_identity.py::test_an_unsupported_scalar_type_arrives_as_value_error ok
SOAK     4.513 lane=0 START nanopynix/tests/rpc/test_error_identity.py::test_a_negative_index_past_the_start_arrives_as_index_error
SOAK     4.528 lane=5 END   nanopynix/tests/rpc/client/test_eval_rpc.py::test_eval_call_non_function_raises ok
SOAK     4.528 lane=5 START nanopynix/tests/test_store_metadata_fidelity.py::test_rpc_read_derivation_keeps_structured_attrs
SOAK     4.568 lane=4 END   nanopynix/tests/test_scalar_accessor_semantics.py::test_rpc_reads_a_string_carrying_store_path_context ok
SOAK     4.568 lane=4 START nanopynix/tests/rpc/client/test_eval_rpc.py::test_eval_session_cleanup
SOAK     4.585 lane=7 END   nanopynix/tests/rpc/client/test_eval_rpc.py::test_eval_thunk ok
SOAK     4.595 lane=3 END   nanopynix/tests/test_store_metadata_fidelity.py::test_rpc_build_reports_the_path_it_produced ok
SOAK     4.595 lane=3 START nanopynix/tests/rpc/client/test_eval_rpc.py::test_repl_session_open_is_idempotent
SOAK     4.610 lane=7 START nanopynix/tests/rpc/client/test_eval_rpc.py::test_eval_force_does_not_consume
SOAK     5.641 lane=6 END   nanopynix/tests/test_repl_scope_capacity.py::test_rpc_fills_the_repl_scope_exactly_to_the_end ok
SOAK     5.641 lane=6 START nanopynix/tests/rpc/client/test_eval_rpc.py::test_forced_attrs_borrow_the_parent_value_handle
SOAK     5.758 lane=4 END   nanopynix/tests/rpc/client/test_eval_rpc.py::test_eval_session_cleanup ok
SOAK     5.758 lane=4 START nanopynix/tests/rpc/client/test_eval_rpc.py::test_eval_call_function
SOAK     5.768 lane=0 END   nanopynix/tests/rpc/test_error_identity.py::test_a_negative_index_past_the_start_arrives_as_index_error ok
SOAK     5.768 lane=2 END   nanopynix/tests/rpc/client/test_eval_rpc.py::test_repl_session_scope_names_include_bindings_and_base_scope ok
SOAK     5.768 lane=2 START nanopynix/tests/test_store_metadata_fidelity.py::test_rpc_read_derivation_keeps_nested_input_drvs
SOAK     5.785 lane=0 START nanopynix/tests/rpc/client/test_eval_rpc.py::test_eval_list
SOAK     5.815 lane=1 END   nanopynix/tests/rpc/client/test_eval_rpc.py::test_to_python_refuses_a_tree_containing_a_function ok
SOAK     5.815 lane=1 START nanopynix/tests/rpc/client/test_eval_rpc.py::test_eval_reused_function_can_call_separately_evaluated_value
SOAK     5.836 lane=5 END   nanopynix/tests/test_store_metadata_fidelity.py::test_rpc_read_derivation_keeps_structured_attrs ok
SOAK     5.836 lane=5 START nanopynix/tests/rpc/test_error_identity.py::test_a_handle_of_the_wrong_kind_arrives_as_type_error
SOAK     5.849 lane=7 END   nanopynix/tests/rpc/client/test_eval_rpc.py::test_eval_force_does_not_consume ok
SOAK     5.849 lane=7 START nanopynix/tests/rpc/client/test_eval_rpc.py::test_eval_callable_function_proxy
SOAK     5.860 lane=3 END   nanopynix/tests/rpc/client/test_eval_rpc.py::test_repl_session_open_is_idempotent ok
SOAK     5.884 lane=3 START nanopynix/tests/rpc/client/test_eval_rpc.py::test_copy_closure_between_stores
SOAK     6.809 lane=6 END   nanopynix/tests/rpc/client/test_eval_rpc.py::test_forced_attrs_borrow_the_parent_value_handle ok
SOAK     6.809 lane=6 START nanopynix/tests/rpc/client/test_eval_rpc.py::test_repl_session_adds_attrs_to_scope
SOAK     7.012 lane=4 END   nanopynix/tests/rpc/client/test_eval_rpc.py::test_eval_call_function ok
SOAK     7.016 lane=5 END   nanopynix/tests/rpc/test_error_identity.py::test_a_handle_of_the_wrong_kind_arrives_as_type_error ok
SOAK     7.034 lane=0 END   nanopynix/tests/rpc/client/test_eval_rpc.py::test_eval_list ok
SOAK     7.034 lane=0 START nanopynix/tests/rpc/test_error_identity.py::test_an_absent_handle_arrives_as_key_error
SOAK     7.047 lane=1 END   nanopynix/tests/rpc/client/test_eval_rpc.py::test_eval_reused_function_can_call_separately_evaluated_value ok
SOAK     7.047 lane=1 START nanopynix/tests/test_repl_scope_capacity.py::test_rpc_refuses_one_binding_past_the_end
SOAK     7.063 lane=7 END   nanopynix/tests/rpc/client/test_eval_rpc.py::test_eval_callable_function_proxy ok
SOAK     7.064 lane=2 END   nanopynix/tests/test_store_metadata_fidelity.py::test_rpc_read_derivation_keeps_nested_input_drvs ok
SOAK     7.065 lane=2 START nanopynix/tests/rpc/client/test_eval_rpc.py::test_eval_nested_navigation
SOAK     7.120 lane=3 END   nanopynix/tests/rpc/client/test_eval_rpc.py::test_copy_closure_between_stores ok
SOAK     8.010 lane=6 END   nanopynix/tests/rpc/client/test_eval_rpc.py::test_repl_session_adds_attrs_to_scope ok
SOAK     8.164 lane=0 END   nanopynix/tests/rpc/test_error_identity.py::test_an_absent_handle_arrives_as_key_error ok
SOAK     8.227 lane=2 END   nanopynix/tests/rpc/client/test_eval_rpc.py::test_eval_nested_navigation ok
SOAK     8.461 lane=1 END   nanopynix/tests/test_repl_scope_capacity.py::test_rpc_refuses_one_binding_past_the_end ok
SOAK END ok=43 fail=0
PASSED

=============================== warnings summary ===============================
nanopynix-helpers/src/nanopynix_helpers/fod.py:28
  /nix/store/068zcmrz9dbz5w3kdja5bvbybfk1783n-nanopynix-source/nanopynix-helpers/src/nanopynix_helpers/fod.py:28: DeprecationWarning: int argument support is deprecated
    _NIX_LANGUAGE = Language(cast("int", tree_sitter_nix.language()))  # type: ignore[reportDeprecated, reportUnknownMemberType] -- tree-sitter-nix 0.3 exposes the legacy integer language pointer

pynix/src/pynix/_nix_syntax.py:24
  /nix/store/068zcmrz9dbz5w3kdja5bvbybfk1783n-nanopynix-source/pynix/src/pynix/_nix_syntax.py:24: DeprecationWarning: int argument support is deprecated
    NIX_LANGUAGE = Language(cast("int", tree_sitter_nix.language()))  # type: ignore[reportDeprecated, reportUnknownMemberType] -- tree-sitter-nix 0.3 exposes the legacy integer language pointer

../xdhampxgcaq13aah0q0lmq0zbdmx9yki-nanopynix-test-env/lib/python3.14/site-packages/_pytest/python.py:124
  /nix/store/xdhampxgcaq13aah0q0lmq0zbdmx9yki-nanopynix-test-env/lib/python3.14/site-packages/_pytest/python.py:124: PytestRemovedIn10Warning: Passing a non-Collection iterable to parametrize is deprecated.
  Test: tests/meta/test_ci_step_policy.py::test_a_run_body_is_one_line, argvalues type: generator
  Please convert to a list or tuple.
  See https://docs.pytest.org/en/stable/deprecations.html#parametrize-iterators
    metafunc.parametrize(*marker.args, **marker.kwargs, _param_mark=marker)

../xdhampxgcaq13aah0q0lmq0zbdmx9yki-nanopynix-test-env/lib/python3.14/site-packages/_pytest/python.py:124
  /nix/store/xdhampxgcaq13aah0q0lmq0zbdmx9yki-nanopynix-test-env/lib/python3.14/site-packages/_pytest/python.py:124: PytestRemovedIn10Warning: Passing a non-Collection iterable to parametrize is deprecated.
  Test: tests/meta/test_ci_step_policy.py::test_a_run_body_holds_no_workflow_expression, argvalues type: generator
  Please convert to a list or tuple.
  See https://docs.pytest.org/en/stable/deprecations.html#parametrize-iterators
    metafunc.parametrize(*marker.args, **marker.kwargs, _param_mark=marker)

-- Docs: https://docs.pytest.org/en/stable/how-to/capture-warnings.html
=============== 4 passed, 3761 deselected, 4 warnings in 59.44s ================
=== TSAN run 3 exit status: 0 ===
=== TSAN run 4 ===
/nix/store/xdhampxgcaq13aah0q0lmq0zbdmx9yki-nanopynix-test-env/lib/python3.14/site-packages/hypothesis/_settings.py:1098: HypothesisWarning: The database setting is not configured, and the default location is unusable - falling back to an in-memory database for this session.  path=PosixPath('/nix/store/068zcmrz9dbz5w3kdja5bvbybfk1783n-nanopynix-source/.hypothesis/examples')
  value = getattr(self, name)
/nix/store/xdhampxgcaq13aah0q0lmq0zbdmx9yki-nanopynix-test-env/lib/python3.14/site-packages/hypothesis/_settings.py:1099: HypothesisWarning: The database setting is not configured, and the default location is unusable - falling back to an in-memory database for this session.  path=PosixPath('/nix/store/068zcmrz9dbz5w3kdja5bvbybfk1783n-nanopynix-source/.hypothesis/examples')
  if value != getattr(default, name):
============================= test session starts ==============================
platform linux -- Python 3.14.7, pytest-9.1.1, pluggy-1.6.0 -- /nix/store/xdhampxgcaq13aah0q0lmq0zbdmx9yki-nanopynix-test-env/bin/python3.14
hypothesis profile 'default' -> database=InMemoryExampleDatabase({})
rootdir: /nix/store/068zcmrz9dbz5w3kdja5bvbybfk1783n-nanopynix-source
configfile: pytest.ini
testpaths: tests, nanopynix/tests, nanopynix-helpers/tests, pynix/tests, pynix-lsp/tests
plugins: anyio-4.14.2, hypothesis-6.156.1, cov-7.1.0, dependency-0.6.1, forked-1.6.0, xdist-3.8.0, lsp-1.0.1, asyncio-1.4.0
asyncio: mode=Mode.STRICT, debug=False, asyncio_default_fixture_loop_scope=None, asyncio_default_test_loop_scope=function
collecting ... collected 3765 items / 3761 deselected / 4 selected

nanopynix/tests/test_concurrent_soak.py::test_soak_inproc[local] SOAK BEGIN seed=4 lanes=8 tests=77 roster=sha256:f79eb9dbfc68391d
SOAK     0.001 lane=0 START nanopynix/tests/inproc/test_inproc.py::test_inproc_value_to_python
SOAK     0.001 lane=1 START nanopynix/tests/inproc/test_inproc.py::test_inproc_selection_on_a_released_value_raises_at_selection
SOAK     0.002 lane=3 START nanopynix/tests/test_store_engine_parity_semantics.py::test_the_selector_actually_reaches_nix
SOAK     0.003 lane=4 START nanopynix/tests/inproc/test_inproc.py::test_a_value_the_caller_still_holds_survives_a_collection
SOAK     0.003 lane=5 START nanopynix/tests/inproc/test_inproc.py::test_inproc_value_rejects_use_after_eval_close
SOAK     0.004 lane=7 START nanopynix/tests/test_scalar_accessor_semantics.py::test_inproc_reads_a_string_carrying_store_path_context
SOAK     0.006 lane=2 START nanopynix/tests/inproc/test_inproc.py::test_inproc_optimise_and_verify_a_private_store
SOAK     0.007 lane=6 START nanopynix/tests/test_store_exec.py::test_inproc_a_program_in_a_relocated_store_runs_through_the_exec_prefix
SOAK     0.061 lane=1 END   nanopynix/tests/inproc/test_inproc.py::test_inproc_selection_on_a_released_value_raises_at_selection ok
SOAK     0.261 lane=5 END   nanopynix/tests/inproc/test_inproc.py::test_inproc_value_rejects_use_after_eval_close ok
SOAK     0.261 lane=5 START nanopynix/tests/inproc/test_inproc.py::test_inproc_store_read_derivation
SOAK     0.269 lane=1 START nanopynix/tests/test_store_dump_db.py::test_the_records_follow_the_order_of_the_argument
SOAK     0.281 lane=4 END   nanopynix/tests/inproc/test_inproc.py::test_a_value_the_caller_still_holds_survives_a_collection ok
SOAK     0.281 lane=4 START nanopynix/tests/test_store_metadata_fidelity.py::test_inproc_read_derivation_keeps_nested_input_drvs
SOAK     0.284 lane=0 END   nanopynix/tests/inproc/test_inproc.py::test_inproc_value_to_python ok
SOAK     0.284 lane=0 START nanopynix/tests/inproc/test_inproc.py::test_inproc_value_attr_names
SOAK     0.319 lane=7 END   nanopynix/tests/test_scalar_accessor_semantics.py::test_inproc_reads_a_string_carrying_store_path_context ok
SOAK     0.320 lane=7 START nanopynix/tests/test_scalar_accessor_semantics.py::test_max_call_depth_is_a_nix_error_with_error_info
SOAK     0.321 lane=2 END   nanopynix/tests/inproc/test_inproc.py::test_inproc_optimise_and_verify_a_private_store ok
SOAK     0.325 lane=5 END   nanopynix/tests/inproc/test_inproc.py::test_inproc_store_read_derivation ok
SOAK     0.325 lane=5 START nanopynix/tests/inproc/test_inproc.py::test_inproc_session_subscribe_receives_log_events
SOAK     0.326 lane=2 START nanopynix/tests/test_flake_lock_graph.py::test_find_input_resolves_a_follows_edge
SOAK     0.350 lane=0 END   nanopynix/tests/inproc/test_inproc.py::test_inproc_value_attr_names ok
SOAK     0.350 lane=0 START nanopynix/tests/inproc/test_inproc.py::test_inproc_store_query_missing
SOAK     0.355 lane=3 END   nanopynix/tests/test_store_engine_parity_semantics.py::test_the_selector_actually_reaches_nix ok
SOAK     0.355 lane=3 START nanopynix/tests/inproc/test_inproc.py::test_inproc_store_open_is_idempotent
SOAK     0.362 lane=3 END   nanopynix/tests/inproc/test_inproc.py::test_inproc_store_open_is_idempotent ok
SOAK     0.362 lane=3 START nanopynix/tests/inproc/test_inproc.py::test_inproc_session_subscribe_receives_a_request_finalized_event
SOAK     0.365 lane=3 END   nanopynix/tests/inproc/test_inproc.py::test_inproc_session_subscribe_receives_a_request_finalized_event ok
SOAK     0.365 lane=3 START nanopynix/tests/inproc/test_inproc.py::test_inproc_repl_open_is_idempotent
SOAK     0.366 lane=4 END   nanopynix/tests/test_store_metadata_fidelity.py::test_inproc_read_derivation_keeps_nested_input_drvs ok
SOAK     0.366 lane=4 START nanopynix/tests/inproc/test_inproc.py::test_inproc_value_build_raises_on_build_failure
SOAK     0.367 lane=0 END   nanopynix/tests/inproc/test_inproc.py::test_inproc_store_query_missing ok
SOAK     0.368 lane=0 START nanopynix/tests/test_repl_scope_capacity.py::test_inproc_fills_the_repl_scope_exactly_to_the_end
SOAK     0.376 lane=1 END   nanopynix/tests/test_store_dump_db.py::test_the_records_follow_the_order_of_the_argument ok
SOAK     0.376 lane=1 START nanopynix/tests/inproc/test_inproc.py::test_inproc_eval_rejects_store_from_different_session
SOAK     0.388 lane=5 END   nanopynix/tests/inproc/test_inproc.py::test_inproc_session_subscribe_receives_log_events ok
SOAK     0.388 lane=5 START nanopynix/tests/inproc/test_inproc.py::test_inproc_eval_close_releases_values_left_open
SOAK     0.402 lane=1 END   nanopynix/tests/inproc/test_inproc.py::test_inproc_eval_rejects_store_from_different_session ok
SOAK     0.403 lane=1 START nanopynix/tests/inproc/test_inproc.py::test_inproc_value_rejects_use_from_different_eval_session
SOAK     0.462 lane=7 END   nanopynix/tests/test_scalar_accessor_semantics.py::test_max_call_depth_is_a_nix_error_with_error_info ok
SOAK     0.481 lane=7 START nanopynix/tests/test_flake_lock_graph.py::test_metadata_json_carries_the_whole_graph
SOAK     0.527 lane=5 END   nanopynix/tests/inproc/test_inproc.py::test_inproc_eval_close_releases_values_left_open ok
SOAK     0.529 lane=5 START nanopynix/tests/test_repl_scope_capacity.py::test_inproc_refuses_one_binding_past_the_end
SOAK     0.529 lane=1 END   nanopynix/tests/inproc/test_inproc.py::test_inproc_value_rejects_use_from_different_eval_session ok
SOAK     0.542 lane=1 START nanopynix/tests/inproc/test_inproc.py::test_inproc_value_edit_location
SOAK     0.547 lane=3 END   nanopynix/tests/inproc/test_inproc.py::test_inproc_repl_open_is_idempotent ok
SOAK     0.552 lane=2 END   nanopynix/tests/test_flake_lock_graph.py::test_find_input_resolves_a_follows_edge ok
SOAK     0.552 lane=2 START nanopynix/tests/primops/test_sleep_primop.py::test_sleep_waits_for_the_time_it_is_given
SOAK     0.558 lane=3 START nanopynix/tests/test_stores.py::test_two_store_roots_get_a_local_store_each
SOAK     0.579 lane=1 END   nanopynix/tests/inproc/test_inproc.py::test_inproc_value_edit_location ok
SOAK     0.582 lane=1 START nanopynix/tests/inproc/test_inproc.py::test_inproc_repl_load_file_and_add_attrs
SOAK     0.719 lane=7 END   nanopynix/tests/test_flake_lock_graph.py::test_metadata_json_carries_the_whole_graph ok
SOAK     0.720 lane=7 START nanopynix/tests/bindings/test_store_empty_path.py::test_the_guard_lives_in_cpp_not_in_the_python_wrapper
SOAK     0.804 lane=7 END   nanopynix/tests/bindings/test_store_empty_path.py::test_the_guard_lives_in_cpp_not_in_the_python_wrapper ok
SOAK     0.804 lane=7 START nanopynix/tests/inproc/test_inproc.py::test_inproc_store_query_derivation_outputs_and_valid_derivers
SOAK     0.835 lane=1 END   nanopynix/tests/inproc/test_inproc.py::test_inproc_repl_load_file_and_add_attrs ok
SOAK     0.835 lane=1 START nanopynix/tests/inproc/test_inproc.py::test_inproc_eval_open_and_close_are_idempotent
SOAK     0.840 lane=6 END   nanopynix/tests/test_store_exec.py::test_inproc_a_program_in_a_relocated_store_runs_through_the_exec_prefix ok
SOAK     0.840 lane=6 START nanopynix/tests/inproc/test_inproc.py::test_collect_garbage_rejects_an_unsupported_action
SOAK     0.841 lane=4 END   nanopynix/tests/inproc/test_inproc.py::test_inproc_value_build_raises_on_build_failure ok
SOAK     0.841 lane=4 START nanopynix/tests/test_scalar_accessor_semantics.py::test_deep_conversion_of_a_true_cycle_raises_instead_of_crashing
SOAK     0.870 lane=6 END   nanopynix/tests/inproc/test_inproc.py::test_collect_garbage_rejects_an_unsupported_action ok
SOAK     0.876 lane=6 START nanopynix/tests/test_flake_lock_graph.py::test_find_input_returns_a_locked_ref_with_a_rev
SOAK     0.896 lane=1 END   nanopynix/tests/inproc/test_inproc.py::test_inproc_eval_open_and_close_are_idempotent ok
SOAK     0.896 lane=1 START nanopynix/tests/inproc/test_inproc.py::test_inproc_eval_value_navigation
SOAK     0.926 lane=7 END   nanopynix/tests/inproc/test_inproc.py::test_inproc_store_query_derivation_outputs_and_valid_derivers ok
SOAK     0.926 lane=7 START nanopynix/tests/test_store_metadata_fidelity.py::test_inproc_build_reports_the_path_it_produced
SOAK     0.951 lane=1 END   nanopynix/tests/inproc/test_inproc.py::test_inproc_eval_value_navigation ok
SOAK     0.954 lane=1 START nanopynix/tests/inproc/test_inproc.py::test_inproc_copy_closure_copies_between_two_stores_in_one_session
SOAK     1.029 lane=2 END   nanopynix/tests/primops/test_sleep_primop.py::test_sleep_waits_for_the_time_it_is_given ok
SOAK     1.029 lane=2 START nanopynix/tests/inproc/test_inproc.py::test_inproc_store_uri_and_store_dir
SOAK     1.045 lane=6 END   nanopynix/tests/test_flake_lock_graph.py::test_find_input_returns_a_locked_ref_with_a_rev ok
SOAK     1.045 lane=6 START nanopynix/tests/inproc/test_inproc.py::test_inproc_store_collect_garbage_return_dead
SOAK     1.099 lane=2 END   nanopynix/tests/inproc/test_inproc.py::test_inproc_store_uri_and_store_dir ok
SOAK     1.099 lane=2 START nanopynix/tests/test_store_metadata_fidelity.py::test_inproc_read_derivation_keeps_structured_attrs
SOAK     1.193 lane=1 END   nanopynix/tests/inproc/test_inproc.py::test_inproc_copy_closure_copies_between_two_stores_in_one_session ok
SOAK     1.194 lane=1 START nanopynix/tests/inproc/test_inproc_cancel.py::test_a_cancelled_interruptible_operation_frees_the_evaluator
SOAK     1.252 lane=0 END   nanopynix/tests/test_repl_scope_capacity.py::test_inproc_fills_the_repl_scope_exactly_to_the_end ok
SOAK     1.252 lane=0 START nanopynix/tests/inproc/test_inproc.py::test_inproc_value_scalar_conversions
SOAK     1.259 lane=5 END   nanopynix/tests/test_repl_scope_capacity.py::test_inproc_refuses_one_binding_past_the_end ok
SOAK     1.259 lane=5 START nanopynix/tests/inproc/test_inproc.py::test_inproc_value_build_rejects_store_from_different_session
SOAK     1.264 lane=2 END   nanopynix/tests/test_store_metadata_fidelity.py::test_inproc_read_derivation_keeps_structured_attrs ok
SOAK     1.305 lane=2 START nanopynix/tests/test_stores.py::test_two_handles_on_one_local_store_share_the_temp_roots_file
SOAK     1.306 lane=7 END   nanopynix/tests/test_store_metadata_fidelity.py::test_inproc_build_reports_the_path_it_produced ok
SOAK     1.306 lane=7 START nanopynix/tests/bindings/test_value_accessor_types.py::test_accessors_force_a_thunk_first
SOAK     1.330 lane=6 END   nanopynix/tests/inproc/test_inproc.py::test_inproc_store_collect_garbage_return_dead ok
SOAK     1.330 lane=6 START nanopynix/tests/inproc/test_inproc.py::test_inproc_eval_state_can_be_closed_and_reopened
SOAK     1.345 lane=5 END   nanopynix/tests/inproc/test_inproc.py::test_inproc_value_build_rejects_store_from_different_session ok
SOAK     1.345 lane=5 START nanopynix/tests/inproc/test_inproc.py::test_inproc_value_call_accepts_value_argument
SOAK     1.377 lane=7 END   nanopynix/tests/bindings/test_value_accessor_types.py::test_accessors_force_a_thunk_first ok
SOAK     1.377 lane=7 START nanopynix/tests/inproc/test_inproc.py::test_inproc_value_release_is_idempotent
SOAK     1.384 lane=6 END   nanopynix/tests/inproc/test_inproc.py::test_inproc_eval_state_can_be_closed_and_reopened ok
SOAK     1.389 lane=6 START nanopynix/tests/inproc/test_inproc.py::test_inproc_locked_flake_facade
SOAK     1.400 lane=5 END   nanopynix/tests/inproc/test_inproc.py::test_inproc_value_call_accepts_value_argument ok
SOAK     1.401 lane=5 START nanopynix/tests/inproc/test_inproc.py::test_the_collector_owner_thread_outlives_the_session
SOAK     1.401 lane=0 END   nanopynix/tests/inproc/test_inproc.py::test_inproc_value_scalar_conversions ok
SOAK     1.403 lane=0 START nanopynix/tests/inproc/test_inproc.py::test_inproc_repl_supports_shared_protocol_operations
SOAK     1.505 lane=3 END   nanopynix/tests/test_stores.py::test_two_store_roots_get_a_local_store_each ok
SOAK     1.506 lane=3 START nanopynix/tests/inproc/test_inproc.py::test_inproc_allows_concurrent_eval_states_on_one_store
SOAK     1.543 lane=7 END   nanopynix/tests/inproc/test_inproc.py::test_inproc_value_release_is_idempotent ok
SOAK     1.547 lane=7 START nanopynix/tests/inproc/test_inproc.py::test_inproc_locked_flake_release_is_idempotent
SOAK     1.556 lane=5 END   nanopynix/tests/inproc/test_inproc.py::test_the_collector_owner_thread_outlives_the_session ok
SOAK     1.564 lane=5 START nanopynix/tests/inproc/test_inproc.py::test_inproc_eval_close_releases_leftover_locked_flakes
SOAK     1.665 lane=3 END   nanopynix/tests/inproc/test_inproc.py::test_inproc_allows_concurrent_eval_states_on_one_store ok
SOAK     1.668 lane=0 END   nanopynix/tests/inproc/test_inproc.py::test_inproc_repl_supports_shared_protocol_operations ok
SOAK     1.674 lane=0 START nanopynix/tests/inproc/test_inproc.py::test_inproc_eval_file
SOAK     1.678 lane=3 START nanopynix/tests/test_flake_lock_graph.py::test_find_input_returns_none_for_a_name_that_is_not_an_input
SOAK     1.823 lane=7 END   nanopynix/tests/inproc/test_inproc.py::test_inproc_locked_flake_release_is_idempotent ok
SOAK     1.823 lane=5 END   nanopynix/tests/inproc/test_inproc.py::test_inproc_eval_close_releases_leftover_locked_flakes ok
SOAK     1.831 lane=0 END   nanopynix/tests/inproc/test_inproc.py::test_inproc_eval_file ok
SOAK     1.835 lane=0 START nanopynix/tests/test_stores.py::test_a_store_root_that_came_back_is_not_the_old_store
SOAK     1.838 lane=6 END   nanopynix/tests/inproc/test_inproc.py::test_inproc_locked_flake_facade ok
SOAK     1.838 lane=6 START nanopynix/tests/primops/test_sleep_primop.py::test_sleep_refuses_a_negative_duration
SOAK     1.863 lane=6 END   nanopynix/tests/primops/test_sleep_primop.py::test_sleep_refuses_a_negative_duration ok
SOAK     1.866 lane=6 START nanopynix/tests/inproc/test_inproc.py::test_inproc_lock_flake_update_inputs_variants
SOAK     1.891 lane=3 END   nanopynix/tests/test_flake_lock_graph.py::test_find_input_returns_none_for_a_name_that_is_not_an_input ok
SOAK     1.891 lane=3 START nanopynix/tests/primops/test_sleep_primop.py::test_sleep_is_a_builtin_and_not_a_global
SOAK     1.909 lane=2 END   nanopynix/tests/test_stores.py::test_two_handles_on_one_local_store_share_the_temp_roots_file ok
SOAK     1.909 lane=2 START nanopynix/tests/test_scalar_accessor_semantics.py::test_deep_conversion_of_a_derivation_terminates
SOAK     1.947 lane=3 END   nanopynix/tests/primops/test_sleep_primop.py::test_sleep_is_a_builtin_and_not_a_global ok
SOAK     1.947 lane=3 START nanopynix/tests/inproc/test_inproc_cancel.py::test_an_operation_that_runs_a_nix_thread_pool_still_completes
SOAK     1.948 lane=2 END   nanopynix/tests/test_scalar_accessor_semantics.py::test_deep_conversion_of_a_derivation_terminates ok
SOAK     1.948 lane=2 START nanopynix/tests/inproc/test_inproc.py::test_inproc_concurrent_eval_sessions_have_independent_pure_eval
SOAK     1.971 lane=6 END   nanopynix/tests/inproc/test_inproc.py::test_inproc_lock_flake_update_inputs_variants ok
SOAK     1.972 lane=6 START nanopynix/tests/inproc/test_inproc.py::test_inproc_eval_flake
SOAK     2.052 lane=0 END   nanopynix/tests/test_stores.py::test_a_store_root_that_came_back_is_not_the_old_store ok
SOAK     2.052 lane=0 START nanopynix/tests/inproc/test_inproc.py::test_inproc_store_cannot_close_while_its_eval_state_is_open
SOAK     2.092 lane=0 END   nanopynix/tests/inproc/test_inproc.py::test_inproc_store_cannot_close_while_its_eval_state_is_open ok
SOAK     2.093 lane=0 START nanopynix/tests/test_scalar_accessor_semantics.py::test_apply_accepts_an_already_evaluated_function
SOAK     2.095 lane=2 END   nanopynix/tests/inproc/test_inproc.py::test_inproc_concurrent_eval_sessions_have_independent_pure_eval ok
SOAK     2.095 lane=2 START nanopynix/tests/inproc/test_inproc.py::test_inproc_value_auto_call
SOAK     2.111 lane=6 END   nanopynix/tests/inproc/test_inproc.py::test_inproc_eval_flake ok
SOAK     2.128 lane=2 END   nanopynix/tests/inproc/test_inproc.py::test_inproc_value_auto_call ok
SOAK     2.128 lane=2 START nanopynix/tests/inproc/test_inproc.py::test_inproc_eval_open_requires_open_store
SOAK     2.129 lane=2 END   nanopynix/tests/inproc/test_inproc.py::test_inproc_eval_open_requires_open_store ok
SOAK     2.137 lane=0 END   nanopynix/tests/test_scalar_accessor_semantics.py::test_apply_accepts_an_already_evaluated_function ok
SOAK     4.553 lane=4 END   nanopynix/tests/test_scalar_accessor_semantics.py::test_deep_conversion_of_a_true_cycle_raises_instead_of_crashing ok
SOAK     4.553 lane=4 START nanopynix/tests/inproc/test_inproc.py::test_inproc_value_context_manager_releases_rooted_value
SOAK     4.572 lane=4 END   nanopynix/tests/inproc/test_inproc.py::test_inproc_value_context_manager_releases_rooted_value ok
SOAK     4.572 lane=4 START nanopynix/tests/inproc/test_inproc.py::test_inproc_repl_requires_open_repl
SOAK     4.575 lane=4 END   nanopynix/tests/inproc/test_inproc.py::test_inproc_repl_requires_open_repl ok
SOAK     4.575 lane=4 START nanopynix/tests/test_store_engine_parity_semantics.py::test_a_bare_drv_round_trips_through_its_own_reply
SOAK     4.583 lane=4 END   nanopynix/tests/test_store_engine_parity_semantics.py::test_a_bare_drv_round_trips_through_its_own_reply ok
SOAK     4.583 lane=4 START nanopynix/tests/test_store_metadata_fidelity.py::test_an_opaque_request_builds_nothing_and_says_so
SOAK     4.607 lane=4 END   nanopynix/tests/test_store_metadata_fidelity.py::test_an_opaque_request_builds_nothing_and_says_so ok
SOAK     4.607 lane=4 START nanopynix/tests/bindings/test_value_accessor_types.py::test_an_int_read_as_a_string_names_both_types
SOAK     4.625 lane=4 END   nanopynix/tests/bindings/test_value_accessor_types.py::test_an_int_read_as_a_string_names_both_types ok
SOAK     4.625 lane=4 START nanopynix/tests/inproc/test_inproc.py::test_inproc_store_not_open_raises
SOAK     4.625 lane=4 END   nanopynix/tests/inproc/test_inproc.py::test_inproc_store_not_open_raises ok
SOAK     8.245 lane=1 END   nanopynix/tests/inproc/test_inproc_cancel.py::test_a_cancelled_interruptible_operation_frees_the_evaluator ok
SOAK     9.541 lane=3 END   nanopynix/tests/inproc/test_inproc_cancel.py::test_an_operation_that_runs_a_nix_thread_pool_still_completes ok
SOAK     9.541 lane=3 START nanopynix/tests/inproc/test_inproc.py::test_inproc_value_autocall_and_realise_argv
SOAK     9.556 lane=3 END   nanopynix/tests/inproc/test_inproc.py::test_inproc_value_autocall_and_realise_argv ok
SOAK END ok=77 fail=0
PASSED
nanopynix/tests/test_concurrent_soak.py::test_soak_rpc[local] SOAK BEGIN seed=4 lanes=8 tests=43 roster=sha256:eef7d5aefd96e46b
SOAK     0.001 lane=2 START nanopynix/tests/rpc/client/test_eval_rpc.py::test_repl_session_adds_attrs_to_scope
SOAK     0.015 lane=3 START nanopynix/tests/test_scalar_accessor_semantics.py::test_rpc_reads_a_string_carrying_store_path_context
SOAK     0.027 lane=4 START nanopynix/tests/rpc/test_error_identity.py::test_a_nix_error_still_refines_past_the_class_the_worker_named
SOAK     0.039 lane=7 START nanopynix/tests/rpc/client/test_eval_rpc.py::test_repl_session_scope_names_include_bindings_and_base_scope
SOAK     0.055 lane=0 START nanopynix/tests/rpc/client/test_eval_rpc.py::test_eval_thunk
SOAK     0.075 lane=1 START nanopynix/tests/rpc/client/test_eval_rpc.py::test_eval_attr_navigation
SOAK     0.098 lane=5 START nanopynix/tests/rpc/client/test_eval_rpc.py::test_eval_has_attr
SOAK     0.125 lane=6 START nanopynix/tests/rpc/client/test_eval_rpc.py::test_eval_list
SOAK     1.344 lane=4 END   nanopynix/tests/rpc/test_error_identity.py::test_a_nix_error_still_refines_past_the_class_the_worker_named ok
SOAK     1.345 lane=3 END   nanopynix/tests/test_scalar_accessor_semantics.py::test_rpc_reads_a_string_carrying_store_path_context ok
SOAK     1.345 lane=3 START nanopynix/tests/rpc/client/test_eval_rpc.py::test_to_python_refuses_a_tree_containing_a_function
SOAK     1.356 lane=4 START nanopynix/tests/rpc/client/test_eval_rpc.py::test_repl_session_persists_bindings
SOAK     1.368 lane=7 END   nanopynix/tests/rpc/client/test_eval_rpc.py::test_repl_session_scope_names_include_bindings_and_base_scope ok
SOAK     1.368 lane=7 START nanopynix/tests/test_repl_scope_capacity.py::test_rpc_refuses_one_binding_past_the_end
SOAK     1.395 lane=0 END   nanopynix/tests/rpc/client/test_eval_rpc.py::test_eval_thunk ok
SOAK     1.395 lane=1 END   nanopynix/tests/rpc/client/test_eval_rpc.py::test_eval_attr_navigation ok
SOAK     1.395 lane=1 START nanopynix/tests/test_store_metadata_fidelity.py::test_rpc_read_derivation_keeps_structured_attrs
SOAK     1.416 lane=5 END   nanopynix/tests/rpc/client/test_eval_rpc.py::test_eval_has_attr ok
SOAK     1.416 lane=2 END   nanopynix/tests/rpc/client/test_eval_rpc.py::test_repl_session_adds_attrs_to_scope ok
SOAK     1.416 lane=2 START nanopynix/tests/rpc/test_error_identity.py::test_an_absent_handle_arrives_as_key_error
SOAK     1.451 lane=5 START nanopynix/tests/rpc/client/test_eval_rpc.py::test_eval_file_directory_loads_default_nix
SOAK     1.473 lane=6 END   nanopynix/tests/rpc/client/test_eval_rpc.py::test_eval_list ok
SOAK     1.473 lane=6 START nanopynix/tests/rpc/test_error_identity.py::test_an_unsupported_scalar_type_arrives_as_value_error
SOAK     1.488 lane=0 START nanopynix/tests/rpc/client/test_eval_rpc.py::test_eval_force_does_not_consume
SOAK     2.644 lane=2 END   nanopynix/tests/rpc/test_error_identity.py::test_an_absent_handle_arrives_as_key_error ok
SOAK     2.644 lane=2 START nanopynix/tests/test_store_metadata_fidelity.py::test_rpc_read_derivation_keeps_nested_input_drvs
SOAK     2.709 lane=1 END   nanopynix/tests/test_store_metadata_fidelity.py::test_rpc_read_derivation_keeps_structured_attrs ok
SOAK     2.709 lane=1 START nanopynix/tests/rpc/client/test_eval_rpc.py::test_force_closing_store_closes_dependent_eval_state
SOAK     2.725 lane=6 END   nanopynix/tests/rpc/test_error_identity.py::test_an_unsupported_scalar_type_arrives_as_value_error ok
SOAK     2.726 lane=6 START nanopynix/tests/rpc/client/test_eval_rpc.py::test_repl_session_open_is_idempotent
SOAK     2.742 lane=3 END   nanopynix/tests/rpc/client/test_eval_rpc.py::test_to_python_refuses_a_tree_containing_a_function ok
SOAK     2.742 lane=3 START nanopynix/tests/rpc/client/test_eval_rpc.py::test_forced_attrs_borrow_the_parent_value_handle
SOAK     2.754 lane=5 END   nanopynix/tests/rpc/client/test_eval_rpc.py::test_eval_file_directory_loads_default_nix ok
SOAK     2.754 lane=5 START nanopynix/tests/test_store_metadata_fidelity.py::test_rpc_build_reports_the_path_it_produced
SOAK     2.767 lane=4 END   nanopynix/tests/rpc/client/test_eval_rpc.py::test_repl_session_persists_bindings ok
SOAK     2.767 lane=0 END   nanopynix/tests/rpc/client/test_eval_rpc.py::test_eval_force_does_not_consume ok
SOAK     2.767 lane=0 START nanopynix/tests/rpc/test_error_identity.py::test_a_setting_refusal_arrives_as_setting_not_live_error
SOAK     2.795 lane=4 START nanopynix/tests/rpc/client/test_eval_rpc.py::test_copy_closure_between_stores
SOAK     2.926 lane=7 END   nanopynix/tests/test_repl_scope_capacity.py::test_rpc_refuses_one_binding_past_the_end ok
SOAK     2.926 lane=7 START nanopynix/tests/rpc/test_error_identity.py::test_a_negative_index_past_the_start_arrives_as_index_error
SOAK     3.986 lane=2 END   nanopynix/tests/test_store_metadata_fidelity.py::test_rpc_read_derivation_keeps_nested_input_drvs ok
SOAK     3.986 lane=2 START nanopynix/tests/rpc/client/test_eval_rpc.py::test_eval_callable_function_proxy
SOAK     4.027 lane=1 END   nanopynix/tests/rpc/client/test_eval_rpc.py::test_force_closing_store_closes_dependent_eval_state ok
SOAK     4.028 lane=1 START nanopynix/tests/rpc/client/test_eval_rpc.py::test_repl_session_edit_location_uses_function_source
SOAK     4.050 lane=3 END   nanopynix/tests/rpc/client/test_eval_rpc.py::test_forced_attrs_borrow_the_parent_value_handle ok
SOAK     4.050 lane=3 START nanopynix/tests/rpc/client/test_eval_rpc.py::test_eval_file_simple
SOAK     4.064 lane=0 END   nanopynix/tests/rpc/test_error_identity.py::test_a_setting_refusal_arrives_as_setting_not_live_error ok
SOAK     4.064 lane=0 START nanopynix/tests/test_repl_scope_capacity.py::test_rpc_fills_the_repl_scope_exactly_to_the_end
SOAK     4.093 lane=4 END   nanopynix/tests/rpc/client/test_eval_rpc.py::test_copy_closure_between_stores ok
SOAK     4.093 lane=5 END   nanopynix/tests/test_store_metadata_fidelity.py::test_rpc_build_reports_the_path_it_produced ok
SOAK     4.093 lane=5 START nanopynix/tests/rpc/client/test_eval_rpc.py::test_eval_reused_function_can_call_separately_evaluated_value
SOAK     4.114 lane=6 END   nanopynix/tests/rpc/client/test_eval_rpc.py::test_repl_session_open_is_idempotent ok
SOAK     4.114 lane=6 START nanopynix/tests/rpc/client/test_eval_rpc.py::test_eval_call_non_function_raises
SOAK     4.132 lane=7 END   nanopynix/tests/rpc/test_error_identity.py::test_a_negative_index_past_the_start_arrives_as_index_error ok
SOAK     4.132 lane=7 START nanopynix/tests/rpc/client/test_eval_rpc.py::test_eval_auto_call_function_with_default_attrset_args
SOAK     4.157 lane=4 START nanopynix/tests/rpc/client/test_eval_rpc.py::test_eval_session_cleanup
SOAK     5.283 lane=1 END   nanopynix/tests/rpc/client/test_eval_rpc.py::test_repl_session_edit_location_uses_function_source ok
SOAK     5.283 lane=1 START nanopynix/tests/test_store_exec.py::test_rpc_a_program_in_a_relocated_store_runs_through_the_exec_prefix
SOAK     5.300 lane=3 END   nanopynix/tests/rpc/client/test_eval_rpc.py::test_eval_file_simple ok
SOAK     5.300 lane=3 START nanopynix/tests/rpc/client/test_eval_rpc.py::test_eval_call_function
SOAK     5.315 lane=2 END   nanopynix/tests/rpc/client/test_eval_rpc.py::test_eval_callable_function_proxy ok
SOAK     5.315 lane=2 START nanopynix/tests/rpc/client/test_eval_rpc.py::test_eval_attr_names
SOAK     5.386 lane=6 END   nanopynix/tests/rpc/client/test_eval_rpc.py::test_eval_call_non_function_raises ok
SOAK     5.386 lane=6 START nanopynix/tests/rpc/test_error_identity.py::test_a_handle_of_the_wrong_kind_arrives_as_type_error
SOAK     5.405 lane=5 END   nanopynix/tests/rpc/client/test_eval_rpc.py::test_eval_reused_function_can_call_separately_evaluated_value ok
SOAK     5.409 lane=5 START nanopynix/tests/rpc/client/test_eval_rpc.py::test_eval_concurrent_sessions
SOAK     5.434 lane=4 END   nanopynix/tests/rpc/client/test_eval_rpc.py::test_eval_session_cleanup ok
SOAK     5.434 lane=4 START nanopynix/tests/rpc/client/test_eval_rpc.py::test_eval_call_function_with_nested_value_proxy_arg
SOAK     5.450 lane=7 END   nanopynix/tests/rpc/client/test_eval_rpc.py::test_eval_auto_call_function_with_default_attrset_args ok
SOAK     5.457 lane=7 START nanopynix/tests/rpc/client/test_eval_rpc.py::test_repl_session_load_file_autocalls_top_level_function
SOAK     5.921 lane=0 END   nanopynix/tests/test_repl_scope_capacity.py::test_rpc_fills_the_repl_scope_exactly_to_the_end ok
SOAK     5.921 lane=0 START nanopynix/tests/rpc/client/test_eval_rpc.py::test_eval_strict_accessor_and_apply
SOAK     6.560 lane=3 END   nanopynix/tests/rpc/client/test_eval_rpc.py::test_eval_call_function ok
SOAK     6.563 lane=2 END   nanopynix/tests/rpc/client/test_eval_rpc.py::test_eval_attr_names ok
SOAK     6.564 lane=2 START nanopynix/tests/rpc/client/test_eval_rpc.py::test_eval_nested_navigation
SOAK     6.618 lane=6 END   nanopynix/tests/rpc/test_error_identity.py::test_a_handle_of_the_wrong_kind_arrives_as_type_error ok
SOAK     6.637 lane=5 END   nanopynix/tests/rpc/client/test_eval_rpc.py::test_eval_concurrent_sessions ok
SOAK     6.664 lane=4 END   nanopynix/tests/rpc/client/test_eval_rpc.py::test_eval_call_function_with_nested_value_proxy_arg ok
SOAK     6.682 lane=7 END   nanopynix/tests/rpc/client/test_eval_rpc.py::test_repl_session_load_file_autocalls_top_level_function ok
SOAK     7.015 lane=1 END   nanopynix/tests/test_store_exec.py::test_rpc_a_program_in_a_relocated_store_runs_through_the_exec_prefix ok
SOAK     7.015 lane=1 START nanopynix/tests/rpc/client/test_eval_rpc.py::test_eval_string
SOAK     7.128 lane=0 END   nanopynix/tests/rpc/client/test_eval_rpc.py::test_eval_strict_accessor_and_apply ok
SOAK     7.128 lane=0 START nanopynix/tests/rpc/client/test_eval_rpc.py::test_eval_call_function_with_value_proxy_arg
SOAK     7.716 lane=2 END   nanopynix/tests/rpc/client/test_eval_rpc.py::test_eval_nested_navigation ok
SOAK     8.168 lane=1 END   nanopynix/tests/rpc/client/test_eval_rpc.py::test_eval_string ok
SOAK     8.281 lane=0 END   nanopynix/tests/rpc/client/test_eval_rpc.py::test_eval_call_function_with_value_proxy_arg ok
SOAK END ok=43 fail=0
PASSED
nanopynix/tests/test_concurrent_soak.py::test_soak_inproc[daemon] SOAK BEGIN seed=4 lanes=8 tests=77 roster=sha256:f79eb9dbfc68391d
SOAK     0.000 lane=0 START nanopynix/tests/inproc/test_inproc.py::test_inproc_value_to_python
SOAK     0.001 lane=1 START nanopynix/tests/inproc/test_inproc.py::test_inproc_selection_on_a_released_value_raises_at_selection
SOAK     0.001 lane=3 START nanopynix/tests/test_store_engine_parity_semantics.py::test_the_selector_actually_reaches_nix
SOAK     0.002 lane=4 START nanopynix/tests/inproc/test_inproc.py::test_a_value_the_caller_still_holds_survives_a_collection
SOAK     0.003 lane=5 START nanopynix/tests/inproc/test_inproc.py::test_inproc_value_rejects_use_after_eval_close
SOAK     0.003 lane=7 START nanopynix/tests/test_scalar_accessor_semantics.py::test_inproc_reads_a_string_carrying_store_path_context
SOAK     0.028 lane=2 START nanopynix/tests/inproc/test_inproc.py::test_inproc_optimise_and_verify_a_private_store
SOAK     0.034 lane=6 START nanopynix/tests/test_store_exec.py::test_inproc_a_program_in_a_relocated_store_runs_through_the_exec_prefix
SOAK     0.242 lane=5 END   nanopynix/tests/inproc/test_inproc.py::test_inproc_value_rejects_use_after_eval_close ok
SOAK     0.242 lane=5 START nanopynix/tests/inproc/test_inproc.py::test_inproc_store_read_derivation
SOAK     0.242 lane=4 END   nanopynix/tests/inproc/test_inproc.py::test_a_value_the_caller_still_holds_survives_a_collection ok
SOAK     0.242 lane=4 START nanopynix/tests/test_store_metadata_fidelity.py::test_inproc_read_derivation_keeps_nested_input_drvs
SOAK     0.246 lane=1 END   nanopynix/tests/inproc/test_inproc.py::test_inproc_selection_on_a_released_value_raises_at_selection ok
SOAK     0.258 lane=7 END   nanopynix/tests/test_scalar_accessor_semantics.py::test_inproc_reads_a_string_carrying_store_path_context ok
SOAK     0.258 lane=7 START nanopynix/tests/test_scalar_accessor_semantics.py::test_max_call_depth_is_a_nix_error_with_error_info
SOAK     0.260 lane=1 START nanopynix/tests/test_store_dump_db.py::test_the_records_follow_the_order_of_the_argument
SOAK     0.267 lane=0 END   nanopynix/tests/inproc/test_inproc.py::test_inproc_value_to_python ok
SOAK     0.267 lane=0 START nanopynix/tests/inproc/test_inproc.py::test_inproc_value_attr_names
SOAK     0.295 lane=2 END   nanopynix/tests/inproc/test_inproc.py::test_inproc_optimise_and_verify_a_private_store ok
SOAK     0.298 lane=3 END   nanopynix/tests/test_store_engine_parity_semantics.py::test_the_selector_actually_reaches_nix ok
SOAK     0.298 lane=3 START nanopynix/tests/inproc/test_inproc.py::test_inproc_store_open_is_idempotent
SOAK     0.299 lane=2 START nanopynix/tests/test_flake_lock_graph.py::test_find_input_resolves_a_follows_edge
SOAK     0.320 lane=7 END   nanopynix/tests/test_scalar_accessor_semantics.py::test_max_call_depth_is_a_nix_error_with_error_info ok
SOAK     0.323 lane=0 END   nanopynix/tests/inproc/test_inproc.py::test_inproc_value_attr_names ok
SOAK     0.327 lane=0 START nanopynix/tests/inproc/test_inproc.py::test_inproc_store_query_missing
SOAK     0.331 lane=3 END   nanopynix/tests/inproc/test_inproc.py::test_inproc_store_open_is_idempotent ok
SOAK     0.332 lane=3 START nanopynix/tests/inproc/test_inproc.py::test_inproc_session_subscribe_receives_a_request_finalized_event
SOAK     0.334 lane=7 START nanopynix/tests/test_flake_lock_graph.py::test_metadata_json_carries_the_whole_graph
SOAK     0.353 lane=5 END   nanopynix/tests/inproc/test_inproc.py::test_inproc_store_read_derivation ok
SOAK     0.353 lane=5 START nanopynix/tests/inproc/test_inproc.py::test_inproc_session_subscribe_receives_log_events
SOAK     0.353 lane=3 END   nanopynix/tests/inproc/test_inproc.py::test_inproc_session_subscribe_receives_a_request_finalized_event ok
SOAK     0.353 lane=3 START nanopynix/tests/inproc/test_inproc.py::test_inproc_repl_open_is_idempotent
SOAK     0.376 lane=4 END   nanopynix/tests/test_store_metadata_fidelity.py::test_inproc_read_derivation_keeps_nested_input_drvs ok
SOAK     0.376 lane=4 START nanopynix/tests/inproc/test_inproc.py::test_inproc_value_build_raises_on_build_failure
SOAK     0.399 lane=1 END   nanopynix/tests/test_store_dump_db.py::test_the_records_follow_the_order_of_the_argument ok
SOAK     0.399 lane=1 START nanopynix/tests/inproc/test_inproc.py::test_inproc_eval_rejects_store_from_different_session
SOAK     0.403 lane=0 END   nanopynix/tests/inproc/test_inproc.py::test_inproc_store_query_missing ok
SOAK     0.403 lane=0 START nanopynix/tests/test_repl_scope_capacity.py::test_inproc_fills_the_repl_scope_exactly_to_the_end
SOAK     0.406 lane=5 END   nanopynix/tests/inproc/test_inproc.py::test_inproc_session_subscribe_receives_log_events ok
SOAK     0.406 lane=5 START nanopynix/tests/inproc/test_inproc.py::test_inproc_eval_close_releases_values_left_open
SOAK     0.409 lane=1 END   nanopynix/tests/inproc/test_inproc.py::test_inproc_eval_rejects_store_from_different_session ok
SOAK     0.409 lane=1 START nanopynix/tests/inproc/test_inproc.py::test_inproc_value_rejects_use_from_different_eval_session
SOAK     0.456 lane=5 END   nanopynix/tests/inproc/test_inproc.py::test_inproc_eval_close_releases_values_left_open ok
SOAK     0.459 lane=5 START nanopynix/tests/test_repl_scope_capacity.py::test_inproc_refuses_one_binding_past_the_end
SOAK     0.460 lane=1 END   nanopynix/tests/inproc/test_inproc.py::test_inproc_value_rejects_use_from_different_eval_session ok
SOAK     0.464 lane=3 END   nanopynix/tests/inproc/test_inproc.py::test_inproc_repl_open_is_idempotent ok
SOAK     0.469 lane=1 START nanopynix/tests/inproc/test_inproc.py::test_inproc_value_edit_location
SOAK     0.478 lane=2 END   nanopynix/tests/test_flake_lock_graph.py::test_find_input_resolves_a_follows_edge ok
SOAK     0.479 lane=2 START nanopynix/tests/primops/test_sleep_primop.py::test_sleep_waits_for_the_time_it_is_given
SOAK     0.482 lane=7 END   nanopynix/tests/test_flake_lock_graph.py::test_metadata_json_carries_the_whole_graph ok
SOAK     0.482 lane=7 START nanopynix/tests/bindings/test_store_empty_path.py::test_the_guard_lives_in_cpp_not_in_the_python_wrapper
SOAK     0.482 lane=3 START nanopynix/tests/test_stores.py::test_two_store_roots_get_a_local_store_each
SOAK     0.497 lane=7 END   nanopynix/tests/bindings/test_store_empty_path.py::test_the_guard_lives_in_cpp_not_in_the_python_wrapper ok
SOAK     0.499 lane=7 START nanopynix/tests/inproc/test_inproc.py::test_inproc_store_query_derivation_outputs_and_valid_derivers
SOAK     0.507 lane=1 END   nanopynix/tests/inproc/test_inproc.py::test_inproc_value_edit_location ok
SOAK     0.520 lane=1 START nanopynix/tests/inproc/test_inproc.py::test_inproc_repl_load_file_and_add_attrs
SOAK     0.567 lane=7 END   nanopynix/tests/inproc/test_inproc.py::test_inproc_store_query_derivation_outputs_and_valid_derivers ok
SOAK     0.568 lane=7 START nanopynix/tests/test_store_metadata_fidelity.py::test_inproc_build_reports_the_path_it_produced
SOAK     0.609 lane=1 END   nanopynix/tests/inproc/test_inproc.py::test_inproc_repl_load_file_and_add_attrs ok
SOAK     0.609 lane=1 START nanopynix/tests/inproc/test_inproc.py::test_inproc_eval_open_and_close_are_idempotent
SOAK     0.657 lane=1 END   nanopynix/tests/inproc/test_inproc.py::test_inproc_eval_open_and_close_are_idempotent ok
SOAK     0.657 lane=1 START nanopynix/tests/inproc/test_inproc.py::test_inproc_eval_value_navigation
SOAK     0.684 lane=1 END   nanopynix/tests/inproc/test_inproc.py::test_inproc_eval_value_navigation ok
SOAK     0.686 lane=1 START nanopynix/tests/inproc/test_inproc.py::test_inproc_copy_closure_copies_between_two_stores_in_one_session
SOAK     0.696 lane=4 END   nanopynix/tests/inproc/test_inproc.py::test_inproc_value_build_raises_on_build_failure ok
SOAK     0.696 lane=4 START nanopynix/tests/test_scalar_accessor_semantics.py::test_deep_conversion_of_a_true_cycle_raises_instead_of_crashing
SOAK     0.788 lane=1 END   nanopynix/tests/inproc/test_inproc.py::test_inproc_copy_closure_copies_between_two_stores_in_one_session ok
SOAK     0.788 lane=1 START nanopynix/tests/inproc/test_inproc_cancel.py::test_a_cancelled_interruptible_operation_frees_the_evaluator
SOAK     0.845 lane=3 END   nanopynix/tests/test_stores.py::test_two_store_roots_get_a_local_store_each ok
SOAK     0.845 lane=3 START nanopynix/tests/inproc/test_inproc.py::test_inproc_allows_concurrent_eval_states_on_one_store
SOAK     0.903 lane=0 END   nanopynix/tests/test_repl_scope_capacity.py::test_inproc_fills_the_repl_scope_exactly_to_the_end ok
SOAK     0.904 lane=0 START nanopynix/tests/inproc/test_inproc.py::test_inproc_value_scalar_conversions
SOAK     0.918 lane=2 END   nanopynix/tests/primops/test_sleep_primop.py::test_sleep_waits_for_the_time_it_is_given ok
SOAK     0.921 lane=2 START nanopynix/tests/inproc/test_inproc.py::test_inproc_store_uri_and_store_dir
SOAK     0.940 lane=3 END   nanopynix/tests/inproc/test_inproc.py::test_inproc_allows_concurrent_eval_states_on_one_store ok
SOAK     0.944 lane=3 START nanopynix/tests/test_flake_lock_graph.py::test_find_input_returns_none_for_a_name_that_is_not_an_input
SOAK     0.985 lane=2 END   nanopynix/tests/inproc/test_inproc.py::test_inproc_store_uri_and_store_dir ok
SOAK     0.985 lane=2 START nanopynix/tests/test_store_metadata_fidelity.py::test_inproc_read_derivation_keeps_structured_attrs
SOAK     1.009 lane=7 END   nanopynix/tests/test_store_metadata_fidelity.py::test_inproc_build_reports_the_path_it_produced ok
SOAK     1.009 lane=7 START nanopynix/tests/bindings/test_value_accessor_types.py::test_accessors_force_a_thunk_first
SOAK     1.037 lane=6 END   nanopynix/tests/test_store_exec.py::test_inproc_a_program_in_a_relocated_store_runs_through_the_exec_prefix ok
SOAK     1.037 lane=6 START nanopynix/tests/inproc/test_inproc.py::test_collect_garbage_rejects_an_unsupported_action
SOAK     1.052 lane=6 END   nanopynix/tests/inproc/test_inproc.py::test_collect_garbage_rejects_an_unsupported_action ok
SOAK     1.052 lane=0 END   nanopynix/tests/inproc/test_inproc.py::test_inproc_value_scalar_conversions ok
SOAK     1.054 lane=7 END   nanopynix/tests/bindings/test_value_accessor_types.py::test_accessors_force_a_thunk_first ok
SOAK     1.054 lane=7 START nanopynix/tests/inproc/test_inproc.py::test_inproc_value_release_is_idempotent
SOAK     1.056 lane=0 START nanopynix/tests/inproc/test_inproc.py::test_inproc_repl_supports_shared_protocol_operations
SOAK     1.058 lane=6 START nanopynix/tests/test_flake_lock_graph.py::test_find_input_returns_a_locked_ref_with_a_rev
SOAK     1.156 lane=2 END   nanopynix/tests/test_store_metadata_fidelity.py::test_inproc_read_derivation_keeps_structured_attrs ok
SOAK     1.167 lane=2 START nanopynix/tests/test_stores.py::test_two_handles_on_one_local_store_share_the_temp_roots_file
SOAK     1.171 lane=5 END   nanopynix/tests/test_repl_scope_capacity.py::test_inproc_refuses_one_binding_past_the_end ok
SOAK     1.171 lane=5 START nanopynix/tests/inproc/test_inproc.py::test_inproc_value_build_rejects_store_from_different_session
SOAK     1.174 lane=7 END   nanopynix/tests/inproc/test_inproc.py::test_inproc_value_release_is_idempotent ok
SOAK     1.179 lane=3 END   nanopynix/tests/test_flake_lock_graph.py::test_find_input_returns_none_for_a_name_that_is_not_an_input ok
SOAK     1.179 lane=3 START nanopynix/tests/primops/test_sleep_primop.py::test_sleep_is_a_builtin_and_not_a_global
SOAK     1.179 lane=7 START nanopynix/tests/inproc/test_inproc.py::test_inproc_locked_flake_release_is_idempotent
SOAK     1.224 lane=5 END   nanopynix/tests/inproc/test_inproc.py::test_inproc_value_build_rejects_store_from_different_session ok
SOAK     1.224 lane=5 START nanopynix/tests/inproc/test_inproc.py::test_inproc_value_call_accepts_value_argument
SOAK     1.231 lane=0 END   nanopynix/tests/inproc/test_inproc.py::test_inproc_repl_supports_shared_protocol_operations ok
SOAK     1.234 lane=0 START nanopynix/tests/inproc/test_inproc.py::test_inproc_eval_file
SOAK     1.237 lane=3 END   nanopynix/tests/primops/test_sleep_primop.py::test_sleep_is_a_builtin_and_not_a_global ok
SOAK     1.237 lane=3 START nanopynix/tests/inproc/test_inproc_cancel.py::test_an_operation_that_runs_a_nix_thread_pool_still_completes
SOAK     1.295 lane=7 END   nanopynix/tests/inproc/test_inproc.py::test_inproc_locked_flake_release_is_idempotent ok
SOAK     1.295 lane=6 END   nanopynix/tests/test_flake_lock_graph.py::test_find_input_returns_a_locked_ref_with_a_rev ok
SOAK     1.296 lane=6 START nanopynix/tests/inproc/test_inproc.py::test_inproc_store_collect_garbage_return_dead
SOAK     1.313 lane=0 END   nanopynix/tests/inproc/test_inproc.py::test_inproc_eval_file ok
SOAK     1.319 lane=5 END   nanopynix/tests/inproc/test_inproc.py::test_inproc_value_call_accepts_value_argument ok
SOAK     1.319 lane=5 START nanopynix/tests/inproc/test_inproc.py::test_the_collector_owner_thread_outlives_the_session
SOAK     1.320 lane=0 START nanopynix/tests/test_stores.py::test_a_store_root_that_came_back_is_not_the_old_store
SOAK     1.357 lane=5 END   nanopynix/tests/inproc/test_inproc.py::test_the_collector_owner_thread_outlives_the_session ok
SOAK     1.358 lane=5 START nanopynix/tests/inproc/test_inproc.py::test_inproc_eval_close_releases_leftover_locked_flakes
SOAK     1.511 lane=2 END   nanopynix/tests/test_stores.py::test_two_handles_on_one_local_store_share_the_temp_roots_file ok
SOAK     1.511 lane=2 START nanopynix/tests/test_scalar_accessor_semantics.py::test_deep_conversion_of_a_derivation_terminates
SOAK     1.524 lane=5 END   nanopynix/tests/inproc/test_inproc.py::test_inproc_eval_close_releases_leftover_locked_flakes ok
SOAK     1.601 lane=0 END   nanopynix/tests/test_stores.py::test_a_store_root_that_came_back_is_not_the_old_store ok
SOAK     1.601 lane=0 START nanopynix/tests/inproc/test_inproc.py::test_inproc_store_cannot_close_while_its_eval_state_is_open
SOAK     1.625 lane=0 END   nanopynix/tests/inproc/test_inproc.py::test_inproc_store_cannot_close_while_its_eval_state_is_open ok
SOAK     1.626 lane=0 START nanopynix/tests/test_scalar_accessor_semantics.py::test_apply_accepts_an_already_evaluated_function
SOAK     1.635 lane=2 END   nanopynix/tests/test_scalar_accessor_semantics.py::test_deep_conversion_of_a_derivation_terminates ok
SOAK     1.635 lane=2 START nanopynix/tests/inproc/test_inproc.py::test_inproc_concurrent_eval_sessions_have_independent_pure_eval
SOAK     1.715 lane=0 END   nanopynix/tests/test_scalar_accessor_semantics.py::test_apply_accepts_an_already_evaluated_function ok
SOAK     1.716 lane=2 END   nanopynix/tests/inproc/test_inproc.py::test_inproc_concurrent_eval_sessions_have_independent_pure_eval ok
SOAK     1.716 lane=2 START nanopynix/tests/inproc/test_inproc.py::test_inproc_value_auto_call
SOAK     1.749 lane=2 END   nanopynix/tests/inproc/test_inproc.py::test_inproc_value_auto_call ok
SOAK     1.749 lane=2 START nanopynix/tests/inproc/test_inproc.py::test_inproc_eval_open_requires_open_store
SOAK     1.749 lane=2 END   nanopynix/tests/inproc/test_inproc.py::test_inproc_eval_open_requires_open_store ok
SOAK     1.788 lane=6 END   nanopynix/tests/inproc/test_inproc.py::test_inproc_store_collect_garbage_return_dead ok
SOAK     1.788 lane=6 START nanopynix/tests/inproc/test_inproc.py::test_inproc_eval_state_can_be_closed_and_reopened
SOAK     1.816 lane=6 END   nanopynix/tests/inproc/test_inproc.py::test_inproc_eval_state_can_be_closed_and_reopened ok
SOAK     1.817 lane=6 START nanopynix/tests/inproc/test_inproc.py::test_inproc_locked_flake_facade
SOAK     2.331 lane=6 END   nanopynix/tests/inproc/test_inproc.py::test_inproc_locked_flake_facade ok
SOAK     2.331 lane=6 START nanopynix/tests/primops/test_sleep_primop.py::test_sleep_refuses_a_negative_duration
SOAK     2.349 lane=6 END   nanopynix/tests/primops/test_sleep_primop.py::test_sleep_refuses_a_negative_duration ok
SOAK     2.350 lane=6 START nanopynix/tests/inproc/test_inproc.py::test_inproc_lock_flake_update_inputs_variants
SOAK     2.409 lane=6 END   nanopynix/tests/inproc/test_inproc.py::test_inproc_lock_flake_update_inputs_variants ok
SOAK     2.411 lane=6 START nanopynix/tests/inproc/test_inproc.py::test_inproc_eval_flake
SOAK     2.473 lane=6 END   nanopynix/tests/inproc/test_inproc.py::test_inproc_eval_flake ok
SOAK     4.043 lane=4 END   nanopynix/tests/test_scalar_accessor_semantics.py::test_deep_conversion_of_a_true_cycle_raises_instead_of_crashing ok
SOAK     4.043 lane=4 START nanopynix/tests/inproc/test_inproc.py::test_inproc_value_context_manager_releases_rooted_value
SOAK     4.057 lane=4 END   nanopynix/tests/inproc/test_inproc.py::test_inproc_value_context_manager_releases_rooted_value ok
SOAK     4.057 lane=4 START nanopynix/tests/inproc/test_inproc.py::test_inproc_repl_requires_open_repl
SOAK     4.059 lane=4 END   nanopynix/tests/inproc/test_inproc.py::test_inproc_repl_requires_open_repl ok
SOAK     4.060 lane=4 START nanopynix/tests/test_store_engine_parity_semantics.py::test_a_bare_drv_round_trips_through_its_own_reply
SOAK     4.095 lane=4 END   nanopynix/tests/test_store_engine_parity_semantics.py::test_a_bare_drv_round_trips_through_its_own_reply ok
SOAK     4.095 lane=4 START nanopynix/tests/test_store_metadata_fidelity.py::test_an_opaque_request_builds_nothing_and_says_so
SOAK     4.128 lane=4 END   nanopynix/tests/test_store_metadata_fidelity.py::test_an_opaque_request_builds_nothing_and_says_so ok
SOAK     4.128 lane=4 START nanopynix/tests/bindings/test_value_accessor_types.py::test_an_int_read_as_a_string_names_both_types
SOAK     4.145 lane=4 END   nanopynix/tests/bindings/test_value_accessor_types.py::test_an_int_read_as_a_string_names_both_types ok
SOAK     4.146 lane=4 START nanopynix/tests/inproc/test_inproc.py::test_inproc_store_not_open_raises
SOAK     4.146 lane=4 END   nanopynix/tests/inproc/test_inproc.py::test_inproc_store_not_open_raises ok
SOAK     8.685 lane=1 END   nanopynix/tests/inproc/test_inproc_cancel.py::test_a_cancelled_interruptible_operation_frees_the_evaluator ok
SOAK     9.906 lane=3 END   nanopynix/tests/inproc/test_inproc_cancel.py::test_an_operation_that_runs_a_nix_thread_pool_still_completes ok
SOAK     9.907 lane=3 START nanopynix/tests/inproc/test_inproc.py::test_inproc_value_autocall_and_realise_argv
SOAK    10.179 lane=3 END   nanopynix/tests/inproc/test_inproc.py::test_inproc_value_autocall_and_realise_argv ok
SOAK END ok=77 fail=0
PASSED
nanopynix/tests/test_concurrent_soak.py::test_soak_rpc[daemon] SOAK BEGIN seed=4 lanes=8 tests=43 roster=sha256:eef7d5aefd96e46b
SOAK     0.012 lane=2 START nanopynix/tests/rpc/client/test_eval_rpc.py::test_repl_session_adds_attrs_to_scope
SOAK     0.026 lane=3 START nanopynix/tests/test_scalar_accessor_semantics.py::test_rpc_reads_a_string_carrying_store_path_context
SOAK     0.038 lane=4 START nanopynix/tests/rpc/test_error_identity.py::test_a_nix_error_still_refines_past_the_class_the_worker_named
SOAK     0.051 lane=7 START nanopynix/tests/rpc/client/test_eval_rpc.py::test_repl_session_scope_names_include_bindings_and_base_scope
SOAK     0.088 lane=0 START nanopynix/tests/rpc/client/test_eval_rpc.py::test_eval_thunk
SOAK     0.150 lane=1 START nanopynix/tests/rpc/client/test_eval_rpc.py::test_eval_attr_navigation
SOAK     0.213 lane=5 START nanopynix/tests/rpc/client/test_eval_rpc.py::test_eval_has_attr
SOAK     0.294 lane=6 START nanopynix/tests/rpc/client/test_eval_rpc.py::test_eval_list
SOAK     1.845 lane=4 END   nanopynix/tests/rpc/test_error_identity.py::test_a_nix_error_still_refines_past_the_class_the_worker_named ok
SOAK     1.847 lane=4 START nanopynix/tests/rpc/client/test_eval_rpc.py::test_repl_session_persists_bindings
SOAK     1.871 lane=7 END   nanopynix/tests/rpc/client/test_eval_rpc.py::test_repl_session_scope_names_include_bindings_and_base_scope ok
SOAK     1.872 lane=7 START nanopynix/tests/test_repl_scope_capacity.py::test_rpc_refuses_one_binding_past_the_end
SOAK     1.907 lane=0 END   nanopynix/tests/rpc/client/test_eval_rpc.py::test_eval_thunk ok
SOAK     1.909 lane=1 END   nanopynix/tests/rpc/client/test_eval_rpc.py::test_eval_attr_navigation ok
SOAK     1.909 lane=1 START nanopynix/tests/test_store_metadata_fidelity.py::test_rpc_read_derivation_keeps_structured_attrs
SOAK     1.922 lane=3 END   nanopynix/tests/test_scalar_accessor_semantics.py::test_rpc_reads_a_string_carrying_store_path_context ok
SOAK     1.922 lane=3 START nanopynix/tests/rpc/client/test_eval_rpc.py::test_to_python_refuses_a_tree_containing_a_function
SOAK     1.935 lane=5 END   nanopynix/tests/rpc/client/test_eval_rpc.py::test_eval_has_attr ok
SOAK     1.935 lane=6 END   nanopynix/tests/rpc/client/test_eval_rpc.py::test_eval_list ok
SOAK     1.935 lane=6 START nanopynix/tests/rpc/test_error_identity.py::test_an_unsupported_scalar_type_arrives_as_value_error
SOAK     1.952 lane=2 END   nanopynix/tests/rpc/client/test_eval_rpc.py::test_repl_session_adds_attrs_to_scope ok
SOAK     1.952 lane=2 START nanopynix/tests/rpc/test_error_identity.py::test_an_absent_handle_arrives_as_key_error
SOAK     1.977 lane=0 START nanopynix/tests/rpc/client/test_eval_rpc.py::test_eval_force_does_not_consume
SOAK     2.008 lane=5 START nanopynix/tests/rpc/client/test_eval_rpc.py::test_eval_file_directory_loads_default_nix
SOAK     3.207 lane=2 END   nanopynix/tests/rpc/test_error_identity.py::test_an_absent_handle_arrives_as_key_error ok
SOAK     3.207 lane=2 START nanopynix/tests/test_store_metadata_fidelity.py::test_rpc_read_derivation_keeps_nested_input_drvs
SOAK     3.222 lane=6 END   nanopynix/tests/rpc/test_error_identity.py::test_an_unsupported_scalar_type_arrives_as_value_error ok
SOAK     3.222 lane=6 START nanopynix/tests/rpc/client/test_eval_rpc.py::test_repl_session_open_is_idempotent
SOAK     3.260 lane=4 END   nanopynix/tests/rpc/client/test_eval_rpc.py::test_repl_session_persists_bindings ok
SOAK     3.263 lane=4 START nanopynix/tests/rpc/client/test_eval_rpc.py::test_copy_closure_between_stores
SOAK     3.305 lane=5 END   nanopynix/tests/rpc/client/test_eval_rpc.py::test_eval_file_directory_loads_default_nix ok
SOAK     3.305 lane=5 START nanopynix/tests/test_store_metadata_fidelity.py::test_rpc_build_reports_the_path_it_produced
SOAK     3.337 lane=1 END   nanopynix/tests/test_store_metadata_fidelity.py::test_rpc_read_derivation_keeps_structured_attrs ok
SOAK     3.339 lane=1 START nanopynix/tests/rpc/client/test_eval_rpc.py::test_force_closing_store_closes_dependent_eval_state
SOAK     3.355 lane=0 END   nanopynix/tests/rpc/client/test_eval_rpc.py::test_eval_force_does_not_consume ok
SOAK     3.355 lane=0 START nanopynix/tests/rpc/test_error_identity.py::test_a_setting_refusal_arrives_as_setting_not_live_error
SOAK     3.371 lane=3 END   nanopynix/tests/rpc/client/test_eval_rpc.py::test_to_python_refuses_a_tree_containing_a_function ok
SOAK     3.371 lane=3 START nanopynix/tests/rpc/client/test_eval_rpc.py::test_forced_attrs_borrow_the_parent_value_handle
SOAK     3.468 lane=7 END   nanopynix/tests/test_repl_scope_capacity.py::test_rpc_refuses_one_binding_past_the_end ok
SOAK     3.468 lane=7 START nanopynix/tests/rpc/test_error_identity.py::test_a_negative_index_past_the_start_arrives_as_index_error
SOAK     4.546 lane=1 END   nanopynix/tests/rpc/client/test_eval_rpc.py::test_force_closing_store_closes_dependent_eval_state ok
SOAK     4.547 lane=1 START nanopynix/tests/rpc/client/test_eval_rpc.py::test_repl_session_edit_location_uses_function_source
SOAK     4.638 lane=6 END   nanopynix/tests/rpc/client/test_eval_rpc.py::test_repl_session_open_is_idempotent ok
SOAK     4.638 lane=6 START nanopynix/tests/rpc/client/test_eval_rpc.py::test_eval_call_non_function_raises
SOAK     4.666 lane=0 END   nanopynix/tests/rpc/test_error_identity.py::test_a_setting_refusal_arrives_as_setting_not_live_error ok
SOAK     4.666 lane=0 START nanopynix/tests/test_repl_scope_capacity.py::test_rpc_fills_the_repl_scope_exactly_to_the_end
SOAK     4.713 lane=2 END   nanopynix/tests/test_store_metadata_fidelity.py::test_rpc_read_derivation_keeps_nested_input_drvs ok
SOAK     4.713 lane=2 START nanopynix/tests/rpc/client/test_eval_rpc.py::test_eval_callable_function_proxy
SOAK     4.734 lane=4 END   nanopynix/tests/rpc/client/test_eval_rpc.py::test_copy_closure_between_stores ok
SOAK     4.735 lane=3 END   nanopynix/tests/rpc/client/test_eval_rpc.py::test_forced_attrs_borrow_the_parent_value_handle ok
SOAK     4.735 lane=7 END   nanopynix/tests/rpc/test_error_identity.py::test_a_negative_index_past_the_start_arrives_as_index_error ok
SOAK     4.735 lane=7 START nanopynix/tests/rpc/client/test_eval_rpc.py::test_eval_auto_call_function_with_default_attrset_args
SOAK     4.751 lane=5 END   nanopynix/tests/test_store_metadata_fidelity.py::test_rpc_build_reports_the_path_it_produced ok
SOAK     4.751 lane=5 START nanopynix/tests/rpc/client/test_eval_rpc.py::test_eval_reused_function_can_call_separately_evaluated_value
SOAK     4.781 lane=3 START nanopynix/tests/rpc/client/test_eval_rpc.py::test_eval_file_simple
SOAK     4.802 lane=4 START nanopynix/tests/rpc/client/test_eval_rpc.py::test_eval_session_cleanup
SOAK     5.887 lane=1 END   nanopynix/tests/rpc/client/test_eval_rpc.py::test_repl_session_edit_location_uses_function_source ok
SOAK     5.888 lane=1 START nanopynix/tests/test_store_exec.py::test_rpc_a_program_in_a_relocated_store_runs_through_the_exec_prefix
SOAK     5.969 lane=2 END   nanopynix/tests/rpc/client/test_eval_rpc.py::test_eval_callable_function_proxy ok
SOAK     5.970 lane=2 START nanopynix/tests/rpc/client/test_eval_rpc.py::test_eval_attr_names
SOAK     5.996 lane=6 END   nanopynix/tests/rpc/client/test_eval_rpc.py::test_eval_call_non_function_raises ok
SOAK     5.997 lane=6 START nanopynix/tests/rpc/test_error_identity.py::test_a_handle_of_the_wrong_kind_arrives_as_type_error
SOAK     6.017 lane=7 END   nanopynix/tests/rpc/client/test_eval_rpc.py::test_eval_auto_call_function_with_default_attrset_args ok
SOAK     6.019 lane=3 END   nanopynix/tests/rpc/client/test_eval_rpc.py::test_eval_file_simple ok
SOAK     6.019 lane=3 START nanopynix/tests/rpc/client/test_eval_rpc.py::test_eval_call_function
SOAK     6.033 lane=5 END   nanopynix/tests/rpc/client/test_eval_rpc.py::test_eval_reused_function_can_call_separately_evaluated_value ok
SOAK     6.033 lane=4 END   nanopynix/tests/rpc/client/test_eval_rpc.py::test_eval_session_cleanup ok
SOAK     6.033 lane=4 START nanopynix/tests/rpc/client/test_eval_rpc.py::test_eval_call_function_with_nested_value_proxy_arg
SOAK     6.057 lane=7 START nanopynix/tests/rpc/client/test_eval_rpc.py::test_repl_session_load_file_autocalls_top_level_function
SOAK     6.086 lane=5 START nanopynix/tests/rpc/client/test_eval_rpc.py::test_eval_concurrent_sessions
SOAK     6.572 lane=0 END   nanopynix/tests/test_repl_scope_capacity.py::test_rpc_fills_the_repl_scope_exactly_to_the_end ok
SOAK     6.572 lane=0 START nanopynix/tests/rpc/client/test_eval_rpc.py::test_eval_strict_accessor_and_apply
SOAK     7.345 lane=2 END   nanopynix/tests/rpc/client/test_eval_rpc.py::test_eval_attr_names ok
SOAK     7.346 lane=2 START nanopynix/tests/rpc/client/test_eval_rpc.py::test_eval_nested_navigation
SOAK     7.363 lane=6 END   nanopynix/tests/rpc/test_error_identity.py::test_a_handle_of_the_wrong_kind_arrives_as_type_error ok
SOAK     7.383 lane=3 END   nanopynix/tests/rpc/client/test_eval_rpc.py::test_eval_call_function ok
SOAK     7.383 lane=4 END   nanopynix/tests/rpc/client/test_eval_rpc.py::test_eval_call_function_with_nested_value_proxy_arg ok
SOAK     7.398 lane=5 END   nanopynix/tests/rpc/client/test_eval_rpc.py::test_eval_concurrent_sessions ok
SOAK     7.410 lane=7 END   nanopynix/tests/rpc/client/test_eval_rpc.py::test_repl_session_load_file_autocalls_top_level_function ok
SOAK     7.807 lane=0 END   nanopynix/tests/rpc/client/test_eval_rpc.py::test_eval_strict_accessor_and_apply ok
SOAK     7.807 lane=0 START nanopynix/tests/rpc/client/test_eval_rpc.py::test_eval_call_function_with_value_proxy_arg
SOAK     7.822 lane=1 END   nanopynix/tests/test_store_exec.py::test_rpc_a_program_in_a_relocated_store_runs_through_the_exec_prefix ok
SOAK     7.822 lane=1 START nanopynix/tests/rpc/client/test_eval_rpc.py::test_eval_string
SOAK     8.488 lane=2 END   nanopynix/tests/rpc/client/test_eval_rpc.py::test_eval_nested_navigation ok
SOAK     8.960 lane=1 END   nanopynix/tests/rpc/client/test_eval_rpc.py::test_eval_string ok
SOAK     8.971 lane=0 END   nanopynix/tests/rpc/client/test_eval_rpc.py::test_eval_call_function_with_value_proxy_arg ok
SOAK END ok=43 fail=0
PASSED

=============================== warnings summary ===============================
nanopynix-helpers/src/nanopynix_helpers/fod.py:28
  /nix/store/068zcmrz9dbz5w3kdja5bvbybfk1783n-nanopynix-source/nanopynix-helpers/src/nanopynix_helpers/fod.py:28: DeprecationWarning: int argument support is deprecated
    _NIX_LANGUAGE = Language(cast("int", tree_sitter_nix.language()))  # type: ignore[reportDeprecated, reportUnknownMemberType] -- tree-sitter-nix 0.3 exposes the legacy integer language pointer

pynix/src/pynix/_nix_syntax.py:24
  /nix/store/068zcmrz9dbz5w3kdja5bvbybfk1783n-nanopynix-source/pynix/src/pynix/_nix_syntax.py:24: DeprecationWarning: int argument support is deprecated
    NIX_LANGUAGE = Language(cast("int", tree_sitter_nix.language()))  # type: ignore[reportDeprecated, reportUnknownMemberType] -- tree-sitter-nix 0.3 exposes the legacy integer language pointer

../xdhampxgcaq13aah0q0lmq0zbdmx9yki-nanopynix-test-env/lib/python3.14/site-packages/_pytest/python.py:124
  /nix/store/xdhampxgcaq13aah0q0lmq0zbdmx9yki-nanopynix-test-env/lib/python3.14/site-packages/_pytest/python.py:124: PytestRemovedIn10Warning: Passing a non-Collection iterable to parametrize is deprecated.
  Test: tests/meta/test_ci_step_policy.py::test_a_run_body_is_one_line, argvalues type: generator
  Please convert to a list or tuple.
  See https://docs.pytest.org/en/stable/deprecations.html#parametrize-iterators
    metafunc.parametrize(*marker.args, **marker.kwargs, _param_mark=marker)

../xdhampxgcaq13aah0q0lmq0zbdmx9yki-nanopynix-test-env/lib/python3.14/site-packages/_pytest/python.py:124
  /nix/store/xdhampxgcaq13aah0q0lmq0zbdmx9yki-nanopynix-test-env/lib/python3.14/site-packages/_pytest/python.py:124: PytestRemovedIn10Warning: Passing a non-Collection iterable to parametrize is deprecated.
  Test: tests/meta/test_ci_step_policy.py::test_a_run_body_holds_no_workflow_expression, argvalues type: generator
  Please convert to a list or tuple.
  See https://docs.pytest.org/en/stable/deprecations.html#parametrize-iterators
    metafunc.parametrize(*marker.args, **marker.kwargs, _param_mark=marker)

-- Docs: https://docs.pytest.org/en/stable/how-to/capture-warnings.html
=============== 4 passed, 3761 deselected, 4 warnings in 56.77s ================
=== TSAN run 4 exit status: 0 ===
=== TSAN run 5 ===
/nix/store/xdhampxgcaq13aah0q0lmq0zbdmx9yki-nanopynix-test-env/lib/python3.14/site-packages/hypothesis/_settings.py:1098: HypothesisWarning: The database setting is not configured, and the default location is unusable - falling back to an in-memory database for this session.  path=PosixPath('/nix/store/068zcmrz9dbz5w3kdja5bvbybfk1783n-nanopynix-source/.hypothesis/examples')
  value = getattr(self, name)
/nix/store/xdhampxgcaq13aah0q0lmq0zbdmx9yki-nanopynix-test-env/lib/python3.14/site-packages/hypothesis/_settings.py:1099: HypothesisWarning: The database setting is not configured, and the default location is unusable - falling back to an in-memory database for this session.  path=PosixPath('/nix/store/068zcmrz9dbz5w3kdja5bvbybfk1783n-nanopynix-source/.hypothesis/examples')
  if value != getattr(default, name):
============================= test session starts ==============================
platform linux -- Python 3.14.7, pytest-9.1.1, pluggy-1.6.0 -- /nix/store/xdhampxgcaq13aah0q0lmq0zbdmx9yki-nanopynix-test-env/bin/python3.14
hypothesis profile 'default' -> database=InMemoryExampleDatabase({})
rootdir: /nix/store/068zcmrz9dbz5w3kdja5bvbybfk1783n-nanopynix-source
configfile: pytest.ini
testpaths: tests, nanopynix/tests, nanopynix-helpers/tests, pynix/tests, pynix-lsp/tests
plugins: anyio-4.14.2, hypothesis-6.156.1, cov-7.1.0, dependency-0.6.1, forked-1.6.0, xdist-3.8.0, lsp-1.0.1, asyncio-1.4.0
asyncio: mode=Mode.STRICT, debug=False, asyncio_default_fixture_loop_scope=None, asyncio_default_test_loop_scope=function
collecting ... collected 3765 items / 3761 deselected / 4 selected

nanopynix/tests/test_concurrent_soak.py::test_soak_inproc[local] SOAK BEGIN seed=5 lanes=8 tests=77 roster=sha256:f79eb9dbfc68391d
SOAK     0.001 lane=0 START nanopynix/tests/test_store_metadata_fidelity.py::test_inproc_read_derivation_keeps_structured_attrs
SOAK     0.001 lane=1 START nanopynix/tests/test_store_metadata_fidelity.py::test_an_opaque_request_builds_nothing_and_says_so
SOAK     0.002 lane=2 START nanopynix/tests/inproc/test_inproc.py::test_inproc_store_collect_garbage_return_dead
SOAK     0.003 lane=3 START nanopynix/tests/inproc/test_inproc.py::test_inproc_value_auto_call
SOAK     0.003 lane=5 START nanopynix/tests/bindings/test_value_accessor_types.py::test_accessors_force_a_thunk_first
SOAK     0.003 lane=6 START nanopynix/tests/inproc/test_inproc.py::test_inproc_eval_value_navigation
SOAK     0.006 lane=4 START nanopynix/tests/test_flake_lock_graph.py::test_find_input_returns_a_locked_ref_with_a_rev
SOAK     0.021 lane=7 START nanopynix/tests/inproc/test_inproc.py::test_inproc_repl_load_file_and_add_attrs
SOAK     0.086 lane=5 END   nanopynix/tests/bindings/test_value_accessor_types.py::test_accessors_force_a_thunk_first ok
SOAK     0.086 lane=5 START nanopynix/tests/inproc/test_inproc.py::test_inproc_repl_requires_open_repl
SOAK     0.089 lane=3 END   nanopynix/tests/inproc/test_inproc.py::test_inproc_value_auto_call ok
SOAK     0.093 lane=5 END   nanopynix/tests/inproc/test_inproc.py::test_inproc_repl_requires_open_repl ok
SOAK     0.094 lane=5 START nanopynix/tests/inproc/test_inproc.py::test_inproc_value_rejects_use_after_eval_close
SOAK     0.094 lane=3 START nanopynix/tests/inproc/test_inproc.py::test_inproc_copy_closure_copies_between_two_stores_in_one_session
SOAK     0.095 lane=7 END   nanopynix/tests/inproc/test_inproc.py::test_inproc_repl_load_file_and_add_attrs ok
SOAK     0.095 lane=7 START nanopynix/tests/test_scalar_accessor_semantics.py::test_deep_conversion_of_a_derivation_terminates
SOAK     0.105 lane=0 END   nanopynix/tests/test_store_metadata_fidelity.py::test_inproc_read_derivation_keeps_structured_attrs ok
SOAK     0.105 lane=0 START nanopynix/tests/inproc/test_inproc.py::test_inproc_selection_on_a_released_value_raises_at_selection
SOAK     0.117 lane=6 END   nanopynix/tests/inproc/test_inproc.py::test_inproc_eval_value_navigation ok
SOAK     0.117 lane=6 START nanopynix/tests/inproc/test_inproc.py::test_inproc_repl_open_is_idempotent
SOAK     0.117 lane=5 END   nanopynix/tests/inproc/test_inproc.py::test_inproc_value_rejects_use_after_eval_close ok
SOAK     0.117 lane=5 START nanopynix/tests/test_store_metadata_fidelity.py::test_inproc_read_derivation_keeps_nested_input_drvs
SOAK     0.118 lane=2 END   nanopynix/tests/inproc/test_inproc.py::test_inproc_store_collect_garbage_return_dead ok
SOAK     0.118 lane=2 START nanopynix/tests/primops/test_sleep_primop.py::test_sleep_refuses_a_negative_duration
SOAK     0.178 lane=7 END   nanopynix/tests/test_scalar_accessor_semantics.py::test_deep_conversion_of_a_derivation_terminates ok
SOAK     0.182 lane=7 START nanopynix/tests/inproc/test_inproc.py::test_inproc_allows_concurrent_eval_states_on_one_store
SOAK     0.213 lane=0 END   nanopynix/tests/inproc/test_inproc.py::test_inproc_selection_on_a_released_value_raises_at_selection ok
SOAK     0.217 lane=2 END   nanopynix/tests/primops/test_sleep_primop.py::test_sleep_refuses_a_negative_duration ok
SOAK     0.217 lane=2 START nanopynix/tests/inproc/test_inproc.py::test_inproc_session_subscribe_receives_log_events
SOAK     0.224 lane=4 END   nanopynix/tests/test_flake_lock_graph.py::test_find_input_returns_a_locked_ref_with_a_rev ok
SOAK     0.245 lane=4 START nanopynix/tests/test_store_engine_parity_semantics.py::test_the_selector_actually_reaches_nix
SOAK     0.247 lane=0 START nanopynix/tests/inproc/test_inproc.py::test_inproc_locked_flake_release_is_idempotent
SOAK     0.264 lane=3 END   nanopynix/tests/inproc/test_inproc.py::test_inproc_copy_closure_copies_between_two_stores_in_one_session ok
SOAK     0.264 lane=3 START nanopynix/tests/inproc/test_inproc.py::test_inproc_value_autocall_and_realise_argv
SOAK     0.310 lane=2 END   nanopynix/tests/inproc/test_inproc.py::test_inproc_session_subscribe_receives_log_events ok
SOAK     0.310 lane=2 START nanopynix/tests/inproc/test_inproc.py::test_inproc_value_context_manager_releases_rooted_value
SOAK     0.347 lane=7 END   nanopynix/tests/inproc/test_inproc.py::test_inproc_allows_concurrent_eval_states_on_one_store ok
SOAK     0.348 lane=7 START nanopynix/tests/inproc/test_inproc.py::test_inproc_store_uri_and_store_dir
SOAK     0.362 lane=6 END   nanopynix/tests/inproc/test_inproc.py::test_inproc_repl_open_is_idempotent ok
SOAK     0.362 lane=6 START nanopynix/tests/inproc/test_inproc_cancel.py::test_a_cancelled_interruptible_operation_frees_the_evaluator
SOAK     0.365 lane=5 END   nanopynix/tests/test_store_metadata_fidelity.py::test_inproc_read_derivation_keeps_nested_input_drvs ok
SOAK     0.378 lane=5 START nanopynix/tests/inproc/test_inproc.py::test_inproc_locked_flake_facade
SOAK     0.412 lane=7 END   nanopynix/tests/inproc/test_inproc.py::test_inproc_store_uri_and_store_dir ok
SOAK     0.413 lane=7 START nanopynix/tests/primops/test_sleep_primop.py::test_sleep_is_a_builtin_and_not_a_global
SOAK     0.415 lane=0 END   nanopynix/tests/inproc/test_inproc.py::test_inproc_locked_flake_release_is_idempotent ok
SOAK     0.416 lane=0 START nanopynix/tests/inproc/test_inproc.py::test_inproc_store_query_missing
SOAK     0.436 lane=4 END   nanopynix/tests/test_store_engine_parity_semantics.py::test_the_selector_actually_reaches_nix ok
SOAK     0.436 lane=4 START nanopynix/tests/bindings/test_value_accessor_types.py::test_an_int_read_as_a_string_names_both_types
SOAK     0.437 lane=2 END   nanopynix/tests/inproc/test_inproc.py::test_inproc_value_context_manager_releases_rooted_value ok
SOAK     0.437 lane=2 START nanopynix/tests/inproc/test_inproc.py::test_inproc_store_read_derivation
SOAK     0.437 lane=3 END   nanopynix/tests/inproc/test_inproc.py::test_inproc_value_autocall_and_realise_argv ok
SOAK     0.438 lane=3 START nanopynix/tests/inproc/test_inproc.py::test_inproc_eval_close_releases_values_left_open
SOAK     0.438 lane=1 END   nanopynix/tests/test_store_metadata_fidelity.py::test_an_opaque_request_builds_nothing_and_says_so ok
SOAK     0.438 lane=1 START nanopynix/tests/test_scalar_accessor_semantics.py::test_apply_accepts_an_already_evaluated_function
SOAK     0.497 lane=0 END   nanopynix/tests/inproc/test_inproc.py::test_inproc_store_query_missing ok
SOAK     0.502 lane=0 START nanopynix/tests/test_flake_lock_graph.py::test_find_input_resolves_a_follows_edge
SOAK     0.548 lane=7 END   nanopynix/tests/primops/test_sleep_primop.py::test_sleep_is_a_builtin_and_not_a_global ok
SOAK     0.549 lane=7 START nanopynix/tests/inproc/test_inproc_cancel.py::test_an_operation_that_runs_a_nix_thread_pool_still_completes
SOAK     0.552 lane=3 END   nanopynix/tests/inproc/test_inproc.py::test_inproc_eval_close_releases_values_left_open ok
SOAK     0.552 lane=3 START nanopynix/tests/inproc/test_inproc.py::test_inproc_eval_open_and_close_are_idempotent
SOAK     0.601 lane=4 END   nanopynix/tests/bindings/test_value_accessor_types.py::test_an_int_read_as_a_string_names_both_types ok
SOAK     0.602 lane=4 START nanopynix/tests/test_scalar_accessor_semantics.py::test_max_call_depth_is_a_nix_error_with_error_info
SOAK     0.659 lane=2 END   nanopynix/tests/inproc/test_inproc.py::test_inproc_store_read_derivation ok
SOAK     0.671 lane=3 END   nanopynix/tests/inproc/test_inproc.py::test_inproc_eval_open_and_close_are_idempotent ok
SOAK     0.676 lane=2 START nanopynix/tests/inproc/test_inproc.py::test_inproc_value_edit_location
SOAK     0.682 lane=3 START nanopynix/tests/test_store_dump_db.py::test_the_records_follow_the_order_of_the_argument
SOAK     0.720 lane=1 END   nanopynix/tests/test_scalar_accessor_semantics.py::test_apply_accepts_an_already_evaluated_function ok
SOAK     0.725 lane=4 END   nanopynix/tests/test_scalar_accessor_semantics.py::test_max_call_depth_is_a_nix_error_with_error_info ok
SOAK     0.727 lane=5 END   nanopynix/tests/inproc/test_inproc.py::test_inproc_locked_flake_facade ok
SOAK     0.727 lane=5 START nanopynix/tests/primops/test_sleep_primop.py::test_sleep_waits_for_the_time_it_is_given
SOAK     0.727 lane=1 START nanopynix/tests/test_flake_lock_graph.py::test_find_input_returns_none_for_a_name_that_is_not_an_input
SOAK     0.776 lane=4 START nanopynix/tests/test_store_exec.py::test_inproc_a_program_in_a_relocated_store_runs_through_the_exec_prefix
SOAK     0.779 lane=2 END   nanopynix/tests/inproc/test_inproc.py::test_inproc_value_edit_location ok
SOAK     0.779 lane=2 START nanopynix/tests/inproc/test_inproc.py::test_collect_garbage_rejects_an_unsupported_action
SOAK     0.806 lane=0 END   nanopynix/tests/test_flake_lock_graph.py::test_find_input_resolves_a_follows_edge ok
SOAK     0.806 lane=0 START nanopynix/tests/inproc/test_inproc.py::test_inproc_value_call_accepts_value_argument
SOAK     0.807 lane=2 END   nanopynix/tests/inproc/test_inproc.py::test_collect_garbage_rejects_an_unsupported_action ok
SOAK     0.807 lane=2 START nanopynix/tests/test_scalar_accessor_semantics.py::test_deep_conversion_of_a_true_cycle_raises_instead_of_crashing
SOAK     0.812 lane=3 END   nanopynix/tests/test_store_dump_db.py::test_the_records_follow_the_order_of_the_argument ok
SOAK     0.820 lane=3 START nanopynix/tests/test_scalar_accessor_semantics.py::test_inproc_reads_a_string_carrying_store_path_context
SOAK     0.886 lane=0 END   nanopynix/tests/inproc/test_inproc.py::test_inproc_value_call_accepts_value_argument ok
SOAK     0.887 lane=0 START nanopynix/tests/inproc/test_inproc.py::test_inproc_value_build_raises_on_build_failure
SOAK     0.919 lane=3 END   nanopynix/tests/test_scalar_accessor_semantics.py::test_inproc_reads_a_string_carrying_store_path_context ok
SOAK     0.919 lane=3 START nanopynix/tests/inproc/test_inproc.py::test_inproc_value_release_is_idempotent
SOAK     0.996 lane=1 END   nanopynix/tests/test_flake_lock_graph.py::test_find_input_returns_none_for_a_name_that_is_not_an_input ok
SOAK     1.009 lane=1 START nanopynix/tests/test_stores.py::test_two_store_roots_get_a_local_store_each
SOAK     1.020 lane=3 END   nanopynix/tests/inproc/test_inproc.py::test_inproc_value_release_is_idempotent ok
SOAK     1.020 lane=3 START nanopynix/tests/inproc/test_inproc.py::test_inproc_value_scalar_conversions
SOAK     1.083 lane=3 END   nanopynix/tests/inproc/test_inproc.py::test_inproc_value_scalar_conversions ok
SOAK     1.085 lane=3 START nanopynix/tests/inproc/test_inproc.py::test_inproc_value_rejects_use_from_different_eval_session
SOAK     1.230 lane=3 END   nanopynix/tests/inproc/test_inproc.py::test_inproc_value_rejects_use_from_different_eval_session ok
SOAK     1.248 lane=5 END   nanopynix/tests/primops/test_sleep_primop.py::test_sleep_waits_for_the_time_it_is_given ok
SOAK     1.255 lane=5 START nanopynix/tests/inproc/test_inproc.py::test_inproc_repl_supports_shared_protocol_operations
SOAK     1.404 lane=5 END   nanopynix/tests/inproc/test_inproc.py::test_inproc_repl_supports_shared_protocol_operations ok
SOAK     1.404 lane=5 START nanopynix/tests/inproc/test_inproc.py::test_inproc_eval_state_can_be_closed_and_reopened
SOAK     1.440 lane=5 END   nanopynix/tests/inproc/test_inproc.py::test_inproc_eval_state_can_be_closed_and_reopened ok
SOAK     1.442 lane=5 START nanopynix/tests/inproc/test_inproc.py::test_inproc_optimise_and_verify_a_private_store
SOAK     1.474 lane=0 END   nanopynix/tests/inproc/test_inproc.py::test_inproc_value_build_raises_on_build_failure ok
SOAK     1.478 lane=0 START nanopynix/tests/inproc/test_inproc.py::test_inproc_lock_flake_update_inputs_variants
SOAK     1.561 lane=5 END   nanopynix/tests/inproc/test_inproc.py::test_inproc_optimise_and_verify_a_private_store ok
SOAK     1.589 lane=0 END   nanopynix/tests/inproc/test_inproc.py::test_inproc_lock_flake_update_inputs_variants ok
SOAK     1.589 lane=0 START nanopynix/tests/inproc/test_inproc.py::test_inproc_value_to_python
SOAK     1.609 lane=0 END   nanopynix/tests/inproc/test_inproc.py::test_inproc_value_to_python ok
SOAK     1.609 lane=0 START nanopynix/tests/test_repl_scope_capacity.py::test_inproc_fills_the_repl_scope_exactly_to_the_end
SOAK     1.633 lane=4 END   nanopynix/tests/test_store_exec.py::test_inproc_a_program_in_a_relocated_store_runs_through_the_exec_prefix ok
SOAK     1.636 lane=4 START nanopynix/tests/test_stores.py::test_two_handles_on_one_local_store_share_the_temp_roots_file
SOAK     1.686 lane=1 END   nanopynix/tests/test_stores.py::test_two_store_roots_get_a_local_store_each ok
SOAK     1.686 lane=1 START nanopynix/tests/inproc/test_inproc.py::test_inproc_value_build_rejects_store_from_different_session
SOAK     1.712 lane=1 END   nanopynix/tests/inproc/test_inproc.py::test_inproc_value_build_rejects_store_from_different_session ok
SOAK     1.715 lane=1 START nanopynix/tests/test_flake_lock_graph.py::test_metadata_json_carries_the_whole_graph
SOAK     1.794 lane=4 END   nanopynix/tests/test_stores.py::test_two_handles_on_one_local_store_share_the_temp_roots_file ok
SOAK     1.796 lane=4 START nanopynix/tests/inproc/test_inproc.py::test_inproc_eval_file
SOAK     1.811 lane=4 END   nanopynix/tests/inproc/test_inproc.py::test_inproc_eval_file ok
SOAK     1.811 lane=4 START nanopynix/tests/bindings/test_store_empty_path.py::test_the_guard_lives_in_cpp_not_in_the_python_wrapper
SOAK     1.815 lane=4 END   nanopynix/tests/bindings/test_store_empty_path.py::test_the_guard_lives_in_cpp_not_in_the_python_wrapper ok
SOAK     1.815 lane=4 START nanopynix/tests/inproc/test_inproc.py::test_inproc_eval_rejects_store_from_different_session
SOAK     1.818 lane=4 END   nanopynix/tests/inproc/test_inproc.py::test_inproc_eval_rejects_store_from_different_session ok
SOAK     1.819 lane=4 START nanopynix/tests/inproc/test_inproc.py::test_inproc_store_query_derivation_outputs_and_valid_derivers
SOAK     1.843 lane=1 END   nanopynix/tests/test_flake_lock_graph.py::test_metadata_json_carries_the_whole_graph ok
SOAK     1.846 lane=1 START nanopynix/tests/inproc/test_inproc.py::test_inproc_eval_close_releases_leftover_locked_flakes
SOAK     1.871 lane=4 END   nanopynix/tests/inproc/test_inproc.py::test_inproc_store_query_derivation_outputs_and_valid_derivers ok
SOAK     1.889 lane=1 END   nanopynix/tests/inproc/test_inproc.py::test_inproc_eval_close_releases_leftover_locked_flakes ok
SOAK     1.889 lane=1 START nanopynix/tests/inproc/test_inproc.py::test_inproc_session_subscribe_receives_a_request_finalized_event
SOAK     1.942 lane=1 END   nanopynix/tests/inproc/test_inproc.py::test_inproc_session_subscribe_receives_a_request_finalized_event ok
SOAK     1.942 lane=1 START nanopynix/tests/test_store_metadata_fidelity.py::test_inproc_build_reports_the_path_it_produced
SOAK     1.973 lane=1 END   nanopynix/tests/test_store_metadata_fidelity.py::test_inproc_build_reports_the_path_it_produced ok
SOAK     1.973 lane=1 START nanopynix/tests/inproc/test_inproc.py::test_a_value_the_caller_still_holds_survives_a_collection
SOAK     2.246 lane=1 END   nanopynix/tests/inproc/test_inproc.py::test_a_value_the_caller_still_holds_survives_a_collection ok
SOAK     2.291 lane=0 END   nanopynix/tests/test_repl_scope_capacity.py::test_inproc_fills_the_repl_scope_exactly_to_the_end ok
SOAK     4.314 lane=2 END   nanopynix/tests/test_scalar_accessor_semantics.py::test_deep_conversion_of_a_true_cycle_raises_instead_of_crashing ok
SOAK     4.314 lane=2 START nanopynix/tests/test_repl_scope_capacity.py::test_inproc_refuses_one_binding_past_the_end
SOAK     4.733 lane=2 END   nanopynix/tests/test_repl_scope_capacity.py::test_inproc_refuses_one_binding_past_the_end ok
SOAK     4.733 lane=2 START nanopynix/tests/test_store_engine_parity_semantics.py::test_a_bare_drv_round_trips_through_its_own_reply
SOAK     4.742 lane=2 END   nanopynix/tests/test_store_engine_parity_semantics.py::test_a_bare_drv_round_trips_through_its_own_reply ok
SOAK     7.011 lane=6 END   nanopynix/tests/inproc/test_inproc_cancel.py::test_a_cancelled_interruptible_operation_frees_the_evaluator ok
SOAK     7.011 lane=6 START nanopynix/tests/inproc/test_inproc.py::test_inproc_store_not_open_raises
SOAK     7.011 lane=6 END   nanopynix/tests/inproc/test_inproc.py::test_inproc_store_not_open_raises ok
SOAK     7.012 lane=6 START nanopynix/tests/test_stores.py::test_a_store_root_that_came_back_is_not_the_old_store
SOAK     7.097 lane=6 END   nanopynix/tests/test_stores.py::test_a_store_root_that_came_back_is_not_the_old_store ok
SOAK     7.097 lane=6 START nanopynix/tests/inproc/test_inproc.py::test_inproc_store_cannot_close_while_its_eval_state_is_open
SOAK     7.107 lane=6 END   nanopynix/tests/inproc/test_inproc.py::test_inproc_store_cannot_close_while_its_eval_state_is_open ok
SOAK     7.107 lane=6 START nanopynix/tests/inproc/test_inproc.py::test_the_collector_owner_thread_outlives_the_session
SOAK     7.117 lane=6 END   nanopynix/tests/inproc/test_inproc.py::test_the_collector_owner_thread_outlives_the_session ok
SOAK     7.117 lane=6 START nanopynix/tests/inproc/test_inproc.py::test_inproc_value_attr_names
SOAK     7.126 lane=6 END   nanopynix/tests/inproc/test_inproc.py::test_inproc_value_attr_names ok
SOAK     7.126 lane=6 START nanopynix/tests/inproc/test_inproc.py::test_inproc_concurrent_eval_sessions_have_independent_pure_eval
SOAK     7.149 lane=6 END   nanopynix/tests/inproc/test_inproc.py::test_inproc_concurrent_eval_sessions_have_independent_pure_eval ok
SOAK     7.927 lane=7 END   nanopynix/tests/inproc/test_inproc_cancel.py::test_an_operation_that_runs_a_nix_thread_pool_still_completes ok
SOAK     7.928 lane=7 START nanopynix/tests/inproc/test_inproc.py::test_inproc_eval_flake
SOAK     7.960 lane=7 END   nanopynix/tests/inproc/test_inproc.py::test_inproc_eval_flake ok
SOAK     7.960 lane=7 START nanopynix/tests/inproc/test_inproc.py::test_inproc_eval_open_requires_open_store
SOAK     7.960 lane=7 END   nanopynix/tests/inproc/test_inproc.py::test_inproc_eval_open_requires_open_store ok
SOAK     7.960 lane=7 START nanopynix/tests/inproc/test_inproc.py::test_inproc_store_open_is_idempotent
SOAK     7.962 lane=7 END   nanopynix/tests/inproc/test_inproc.py::test_inproc_store_open_is_idempotent ok
SOAK END ok=77 fail=0
PASSED
nanopynix/tests/test_concurrent_soak.py::test_soak_rpc[local] SOAK BEGIN seed=5 lanes=8 tests=43 roster=sha256:eef7d5aefd96e46b
SOAK     0.001 lane=1 START nanopynix/tests/rpc/test_error_identity.py::test_an_absent_handle_arrives_as_key_error
SOAK     0.015 lane=3 START nanopynix/tests/test_repl_scope_capacity.py::test_rpc_fills_the_repl_scope_exactly_to_the_end
SOAK     0.027 lane=4 START nanopynix/tests/rpc/test_error_identity.py::test_a_negative_index_past_the_start_arrives_as_index_error
SOAK     0.039 lane=5 START nanopynix/tests/test_scalar_accessor_semantics.py::test_rpc_reads_a_string_carrying_store_path_context
SOAK     0.051 lane=6 START nanopynix/tests/test_store_metadata_fidelity.py::test_rpc_build_reports_the_path_it_produced
SOAK     0.062 lane=7 START nanopynix/tests/rpc/client/test_eval_rpc.py::test_repl_session_open_is_idempotent
SOAK     0.105 lane=2 START nanopynix/tests/rpc/client/test_eval_rpc.py::test_repl_session_load_file_autocalls_top_level_function
SOAK     0.120 lane=0 START nanopynix/tests/rpc/client/test_eval_rpc.py::test_eval_thunk
SOAK     1.332 lane=1 END   nanopynix/tests/rpc/test_error_identity.py::test_an_absent_handle_arrives_as_key_error ok
SOAK     1.332 lane=1 START nanopynix/tests/rpc/test_error_identity.py::test_a_nix_error_still_refines_past_the_class_the_worker_named
SOAK     1.391 lane=5 END   nanopynix/tests/test_scalar_accessor_semantics.py::test_rpc_reads_a_string_carrying_store_path_context ok
SOAK     1.392 lane=4 END   nanopynix/tests/rpc/test_error_identity.py::test_a_negative_index_past_the_start_arrives_as_index_error ok
SOAK     1.392 lane=5 START nanopynix/tests/rpc/client/test_eval_rpc.py::test_eval_list
SOAK     1.407 lane=4 START nanopynix/tests/rpc/client/test_eval_rpc.py::test_repl_session_edit_location_uses_function_source
SOAK     1.436 lane=6 END   nanopynix/tests/test_store_metadata_fidelity.py::test_rpc_build_reports_the_path_it_produced ok
SOAK     1.439 lane=6 START nanopynix/tests/rpc/client/test_eval_rpc.py::test_eval_concurrent_sessions
SOAK     1.440 lane=7 END   nanopynix/tests/rpc/client/test_eval_rpc.py::test_repl_session_open_is_idempotent ok
SOAK     1.440 lane=7 START nanopynix/tests/rpc/client/test_eval_rpc.py::test_eval_call_function
SOAK     1.497 lane=2 END   nanopynix/tests/rpc/client/test_eval_rpc.py::test_repl_session_load_file_autocalls_top_level_function ok
SOAK     1.497 lane=0 END   nanopynix/tests/rpc/client/test_eval_rpc.py::test_eval_thunk ok
SOAK     1.497 lane=0 START nanopynix/tests/rpc/client/test_eval_rpc.py::test_force_closing_store_closes_dependent_eval_state
SOAK     1.542 lane=2 START nanopynix/tests/rpc/client/test_eval_rpc.py::test_eval_file_simple
SOAK     2.000 lane=3 END   nanopynix/tests/test_repl_scope_capacity.py::test_rpc_fills_the_repl_scope_exactly_to_the_end ok
SOAK     2.000 lane=3 START nanopynix/tests/test_store_metadata_fidelity.py::test_rpc_read_derivation_keeps_nested_input_drvs
SOAK     2.647 lane=1 END   nanopynix/tests/rpc/test_error_identity.py::test_a_nix_error_still_refines_past_the_class_the_worker_named ok
SOAK     2.647 lane=1 START nanopynix/tests/rpc/client/test_eval_rpc.py::test_eval_string
SOAK     2.698 lane=5 END   nanopynix/tests/rpc/client/test_eval_rpc.py::test_eval_list ok
SOAK     2.699 lane=4 END   nanopynix/tests/rpc/client/test_eval_rpc.py::test_repl_session_edit_location_uses_function_source ok
SOAK     2.699 lane=4 START nanopynix/tests/rpc/client/test_eval_rpc.py::test_eval_callable_function_proxy
SOAK     2.724 lane=5 START nanopynix/tests/rpc/client/test_eval_rpc.py::test_eval_has_attr
SOAK     2.746 lane=0 END   nanopynix/tests/rpc/client/test_eval_rpc.py::test_force_closing_store_closes_dependent_eval_state ok
SOAK     2.746 lane=7 END   nanopynix/tests/rpc/client/test_eval_rpc.py::test_eval_call_function ok
SOAK     2.746 lane=6 END   nanopynix/tests/rpc/client/test_eval_rpc.py::test_eval_concurrent_sessions ok
SOAK     2.747 lane=6 START nanopynix/tests/rpc/client/test_eval_rpc.py::test_eval_call_function_with_value_proxy_arg
SOAK     2.758 lane=0 START nanopynix/tests/rpc/client/test_eval_rpc.py::test_eval_attr_navigation
SOAK     2.770 lane=7 START nanopynix/tests/rpc/client/test_eval_rpc.py::test_copy_closure_between_stores
SOAK     2.786 lane=2 END   nanopynix/tests/rpc/client/test_eval_rpc.py::test_eval_file_simple ok
SOAK     2.788 lane=2 START nanopynix/tests/rpc/client/test_eval_rpc.py::test_repl_session_scope_names_include_bindings_and_base_scope
SOAK     3.190 lane=3 END   nanopynix/tests/test_store_metadata_fidelity.py::test_rpc_read_derivation_keeps_nested_input_drvs ok
SOAK     3.190 lane=3 START nanopynix/tests/rpc/client/test_eval_rpc.py::test_eval_call_function_with_nested_value_proxy_arg
SOAK     3.940 lane=1 END   nanopynix/tests/rpc/client/test_eval_rpc.py::test_eval_string ok
SOAK     3.940 lane=1 START nanopynix/tests/rpc/client/test_eval_rpc.py::test_eval_strict_accessor_and_apply
SOAK     3.975 lane=5 END   nanopynix/tests/rpc/client/test_eval_rpc.py::test_eval_has_attr ok
SOAK     3.976 lane=5 START nanopynix/tests/test_store_metadata_fidelity.py::test_rpc_read_derivation_keeps_structured_attrs
SOAK     3.989 lane=4 END   nanopynix/tests/rpc/client/test_eval_rpc.py::test_eval_callable_function_proxy ok
SOAK     3.994 lane=4 START nanopynix/tests/rpc/client/test_eval_rpc.py::test_eval_force_does_not_consume
SOAK     4.025 lane=6 END   nanopynix/tests/rpc/client/test_eval_rpc.py::test_eval_call_function_with_value_proxy_arg ok
SOAK     4.026 lane=6 START nanopynix/tests/rpc/client/test_eval_rpc.py::test_repl_session_persists_bindings
SOAK     4.062 lane=2 END   nanopynix/tests/rpc/client/test_eval_rpc.py::test_repl_session_scope_names_include_bindings_and_base_scope ok
SOAK     4.062 lane=2 START nanopynix/tests/rpc/test_error_identity.py::test_an_unsupported_scalar_type_arrives_as_value_error
SOAK     4.078 lane=7 END   nanopynix/tests/rpc/client/test_eval_rpc.py::test_copy_closure_between_stores ok
SOAK     4.078 lane=7 START nanopynix/tests/rpc/test_error_identity.py::test_a_handle_of_the_wrong_kind_arrives_as_type_error
SOAK     4.096 lane=0 END   nanopynix/tests/rpc/client/test_eval_rpc.py::test_eval_attr_navigation ok
SOAK     4.096 lane=0 START nanopynix/tests/test_repl_scope_capacity.py::test_rpc_refuses_one_binding_past_the_end
SOAK     4.370 lane=3 END   nanopynix/tests/rpc/client/test_eval_rpc.py::test_eval_call_function_with_nested_value_proxy_arg ok
SOAK     4.370 lane=3 START nanopynix/tests/rpc/client/test_eval_rpc.py::test_eval_session_cleanup
SOAK     5.272 lane=4 END   nanopynix/tests/rpc/client/test_eval_rpc.py::test_eval_force_does_not_consume ok
SOAK     5.273 lane=4 START nanopynix/tests/rpc/client/test_eval_rpc.py::test_eval_nested_navigation
SOAK     5.317 lane=2 END   nanopynix/tests/rpc/test_error_identity.py::test_an_unsupported_scalar_type_arrives_as_value_error ok
SOAK     5.319 lane=2 START nanopynix/tests/rpc/client/test_eval_rpc.py::test_eval_file_directory_loads_default_nix
SOAK     5.336 lane=5 END   nanopynix/tests/test_store_metadata_fidelity.py::test_rpc_read_derivation_keeps_structured_attrs ok
SOAK     5.336 lane=5 START nanopynix/tests/rpc/client/test_eval_rpc.py::test_to_python_refuses_a_tree_containing_a_function
SOAK     5.350 lane=6 END   nanopynix/tests/rpc/client/test_eval_rpc.py::test_repl_session_persists_bindings ok
SOAK     5.351 lane=7 END   nanopynix/tests/rpc/test_error_identity.py::test_a_handle_of_the_wrong_kind_arrives_as_type_error ok
SOAK     5.351 lane=7 START nanopynix/tests/rpc/test_error_identity.py::test_a_setting_refusal_arrives_as_setting_not_live_error
SOAK     5.365 lane=1 END   nanopynix/tests/rpc/client/test_eval_rpc.py::test_eval_strict_accessor_and_apply ok
SOAK     5.365 lane=1 START nanopynix/tests/rpc/client/test_eval_rpc.py::test_eval_call_non_function_raises
SOAK     5.387 lane=6 START nanopynix/tests/rpc/client/test_eval_rpc.py::test_eval_attr_names
SOAK     5.521 lane=3 END   nanopynix/tests/rpc/client/test_eval_rpc.py::test_eval_session_cleanup ok
SOAK     5.521 lane=3 START nanopynix/tests/rpc/client/test_eval_rpc.py::test_eval_auto_call_function_with_default_attrset_args
SOAK     5.550 lane=0 END   nanopynix/tests/test_repl_scope_capacity.py::test_rpc_refuses_one_binding_past_the_end ok
SOAK     5.550 lane=0 START nanopynix/tests/rpc/client/test_eval_rpc.py::test_repl_session_adds_attrs_to_scope
SOAK     6.580 lane=4 END   nanopynix/tests/rpc/client/test_eval_rpc.py::test_eval_nested_navigation ok
SOAK     6.593 lane=2 END   nanopynix/tests/rpc/client/test_eval_rpc.py::test_eval_file_directory_loads_default_nix ok
SOAK     6.594 lane=2 START nanopynix/tests/test_store_exec.py::test_rpc_a_program_in_a_relocated_store_runs_through_the_exec_prefix
SOAK     6.611 lane=1 END   nanopynix/tests/rpc/client/test_eval_rpc.py::test_eval_call_non_function_raises ok
SOAK     6.611 lane=1 START nanopynix/tests/rpc/client/test_eval_rpc.py::test_eval_reused_function_can_call_separately_evaluated_value
SOAK     6.629 lane=6 END   nanopynix/tests/rpc/client/test_eval_rpc.py::test_eval_attr_names ok
SOAK     6.629 lane=7 END   nanopynix/tests/rpc/test_error_identity.py::test_a_setting_refusal_arrives_as_setting_not_live_error ok
SOAK     6.637 lane=5 END   nanopynix/tests/rpc/client/test_eval_rpc.py::test_to_python_refuses_a_tree_containing_a_function ok
SOAK     6.720 lane=0 END   nanopynix/tests/rpc/client/test_eval_rpc.py::test_repl_session_adds_attrs_to_scope ok
SOAK     6.720 lane=0 START nanopynix/tests/rpc/client/test_eval_rpc.py::test_forced_attrs_borrow_the_parent_value_handle
SOAK     6.736 lane=3 END   nanopynix/tests/rpc/client/test_eval_rpc.py::test_eval_auto_call_function_with_default_attrset_args ok
SOAK     7.778 lane=1 END   nanopynix/tests/rpc/client/test_eval_rpc.py::test_eval_reused_function_can_call_separately_evaluated_value ok
SOAK     7.872 lane=0 END   nanopynix/tests/rpc/client/test_eval_rpc.py::test_forced_attrs_borrow_the_parent_value_handle ok
SOAK     8.172 lane=2 END   nanopynix/tests/test_store_exec.py::test_rpc_a_program_in_a_relocated_store_runs_through_the_exec_prefix ok
SOAK END ok=43 fail=0
PASSED
nanopynix/tests/test_concurrent_soak.py::test_soak_inproc[daemon] SOAK BEGIN seed=5 lanes=8 tests=77 roster=sha256:f79eb9dbfc68391d
SOAK     0.000 lane=0 START nanopynix/tests/test_store_metadata_fidelity.py::test_inproc_read_derivation_keeps_structured_attrs
SOAK     0.001 lane=1 START nanopynix/tests/test_store_metadata_fidelity.py::test_an_opaque_request_builds_nothing_and_says_so
SOAK     0.001 lane=2 START nanopynix/tests/inproc/test_inproc.py::test_inproc_store_collect_garbage_return_dead
SOAK     0.002 lane=3 START nanopynix/tests/inproc/test_inproc.py::test_inproc_value_auto_call
SOAK     0.004 lane=5 START nanopynix/tests/bindings/test_value_accessor_types.py::test_accessors_force_a_thunk_first
SOAK     0.004 lane=6 START nanopynix/tests/inproc/test_inproc.py::test_inproc_eval_value_navigation
SOAK     0.026 lane=4 START nanopynix/tests/test_flake_lock_graph.py::test_find_input_returns_a_locked_ref_with_a_rev
SOAK     0.057 lane=7 START nanopynix/tests/inproc/test_inproc.py::test_inproc_repl_load_file_and_add_attrs
SOAK     0.088 lane=3 END   nanopynix/tests/inproc/test_inproc.py::test_inproc_value_auto_call ok
SOAK     0.093 lane=3 START nanopynix/tests/inproc/test_inproc.py::test_inproc_copy_closure_copies_between_two_stores_in_one_session
SOAK     0.094 lane=5 END   nanopynix/tests/bindings/test_value_accessor_types.py::test_accessors_force_a_thunk_first ok
SOAK     0.094 lane=5 START nanopynix/tests/inproc/test_inproc.py::test_inproc_repl_requires_open_repl
SOAK     0.099 lane=0 END   nanopynix/tests/test_store_metadata_fidelity.py::test_inproc_read_derivation_keeps_structured_attrs ok
SOAK     0.099 lane=0 START nanopynix/tests/inproc/test_inproc.py::test_inproc_selection_on_a_released_value_raises_at_selection
SOAK     0.104 lane=5 END   nanopynix/tests/inproc/test_inproc.py::test_inproc_repl_requires_open_repl ok
SOAK     0.104 lane=5 START nanopynix/tests/inproc/test_inproc.py::test_inproc_value_rejects_use_after_eval_close
SOAK     0.147 lane=6 END   nanopynix/tests/inproc/test_inproc.py::test_inproc_eval_value_navigation ok
SOAK     0.147 lane=6 START nanopynix/tests/inproc/test_inproc.py::test_inproc_repl_open_is_idempotent
SOAK     0.148 lane=7 END   nanopynix/tests/inproc/test_inproc.py::test_inproc_repl_load_file_and_add_attrs ok
SOAK     0.148 lane=7 START nanopynix/tests/test_scalar_accessor_semantics.py::test_deep_conversion_of_a_derivation_terminates
SOAK     0.148 lane=0 END   nanopynix/tests/inproc/test_inproc.py::test_inproc_selection_on_a_released_value_raises_at_selection ok
SOAK     0.148 lane=2 END   nanopynix/tests/inproc/test_inproc.py::test_inproc_store_collect_garbage_return_dead ok
SOAK     0.148 lane=2 START nanopynix/tests/primops/test_sleep_primop.py::test_sleep_refuses_a_negative_duration
SOAK     0.149 lane=0 START nanopynix/tests/inproc/test_inproc.py::test_inproc_locked_flake_release_is_idempotent
SOAK     0.197 lane=5 END   nanopynix/tests/inproc/test_inproc.py::test_inproc_value_rejects_use_after_eval_close ok
SOAK     0.197 lane=5 START nanopynix/tests/test_store_metadata_fidelity.py::test_inproc_read_derivation_keeps_nested_input_drvs
SOAK     0.206 lane=2 END   nanopynix/tests/primops/test_sleep_primop.py::test_sleep_refuses_a_negative_duration ok
SOAK     0.206 lane=2 START nanopynix/tests/inproc/test_inproc.py::test_inproc_session_subscribe_receives_log_events
SOAK     0.221 lane=6 END   nanopynix/tests/inproc/test_inproc.py::test_inproc_repl_open_is_idempotent ok
SOAK     0.222 lane=6 START nanopynix/tests/inproc/test_inproc_cancel.py::test_a_cancelled_interruptible_operation_frees_the_evaluator
SOAK     0.232 lane=7 END   nanopynix/tests/test_scalar_accessor_semantics.py::test_deep_conversion_of_a_derivation_terminates ok
SOAK     0.233 lane=7 START nanopynix/tests/inproc/test_inproc.py::test_inproc_allows_concurrent_eval_states_on_one_store
SOAK     0.244 lane=3 END   nanopynix/tests/inproc/test_inproc.py::test_inproc_copy_closure_copies_between_two_stores_in_one_session ok
SOAK     0.244 lane=3 START nanopynix/tests/inproc/test_inproc.py::test_inproc_value_autocall_and_realise_argv
SOAK     0.286 lane=2 END   nanopynix/tests/inproc/test_inproc.py::test_inproc_session_subscribe_receives_log_events ok
SOAK     0.286 lane=2 START nanopynix/tests/inproc/test_inproc.py::test_inproc_value_context_manager_releases_rooted_value
SOAK     0.301 lane=0 END   nanopynix/tests/inproc/test_inproc.py::test_inproc_locked_flake_release_is_idempotent ok
SOAK     0.303 lane=0 START nanopynix/tests/inproc/test_inproc.py::test_inproc_store_query_missing
SOAK     0.325 lane=1 END   nanopynix/tests/test_store_metadata_fidelity.py::test_an_opaque_request_builds_nothing_and_says_so ok
SOAK     0.325 lane=1 START nanopynix/tests/test_scalar_accessor_semantics.py::test_apply_accepts_an_already_evaluated_function
SOAK     0.333 lane=5 END   nanopynix/tests/test_store_metadata_fidelity.py::test_inproc_read_derivation_keeps_nested_input_drvs ok
SOAK     0.355 lane=5 START nanopynix/tests/inproc/test_inproc.py::test_inproc_locked_flake_facade
SOAK     0.377 lane=4 END   nanopynix/tests/test_flake_lock_graph.py::test_find_input_returns_a_locked_ref_with_a_rev ok
SOAK     0.379 lane=4 START nanopynix/tests/test_store_engine_parity_semantics.py::test_the_selector_actually_reaches_nix
SOAK     0.406 lane=0 END   nanopynix/tests/inproc/test_inproc.py::test_inproc_store_query_missing ok
SOAK     0.414 lane=2 END   nanopynix/tests/inproc/test_inproc.py::test_inproc_value_context_manager_releases_rooted_value ok
SOAK     0.415 lane=2 START nanopynix/tests/inproc/test_inproc.py::test_inproc_store_read_derivation
SOAK     0.417 lane=7 END   nanopynix/tests/inproc/test_inproc.py::test_inproc_allows_concurrent_eval_states_on_one_store ok
SOAK     0.417 lane=7 START nanopynix/tests/inproc/test_inproc.py::test_inproc_store_uri_and_store_dir
SOAK     0.420 lane=0 START nanopynix/tests/test_flake_lock_graph.py::test_find_input_resolves_a_follows_edge
SOAK     0.459 lane=3 END   nanopynix/tests/inproc/test_inproc.py::test_inproc_value_autocall_and_realise_argv ok
SOAK     0.459 lane=3 START nanopynix/tests/inproc/test_inproc.py::test_inproc_eval_close_releases_values_left_open
SOAK     0.502 lane=7 END   nanopynix/tests/inproc/test_inproc.py::test_inproc_store_uri_and_store_dir ok
SOAK     0.502 lane=7 START nanopynix/tests/primops/test_sleep_primop.py::test_sleep_is_a_builtin_and_not_a_global
SOAK     0.658 lane=3 END   nanopynix/tests/inproc/test_inproc.py::test_inproc_eval_close_releases_values_left_open ok
SOAK     0.662 lane=3 START nanopynix/tests/inproc/test_inproc.py::test_inproc_eval_open_and_close_are_idempotent
SOAK     0.694 lane=1 END   nanopynix/tests/test_scalar_accessor_semantics.py::test_apply_accepts_an_already_evaluated_function ok
SOAK     0.710 lane=2 END   nanopynix/tests/inproc/test_inproc.py::test_inproc_store_read_derivation ok
SOAK     0.710 lane=4 END   nanopynix/tests/test_store_engine_parity_semantics.py::test_the_selector_actually_reaches_nix ok
SOAK     0.711 lane=4 START nanopynix/tests/bindings/test_value_accessor_types.py::test_an_int_read_as_a_string_names_both_types
SOAK     0.860 lane=2 START nanopynix/tests/inproc/test_inproc.py::test_inproc_value_edit_location
SOAK     0.862 lane=1 START nanopynix/tests/test_flake_lock_graph.py::test_find_input_returns_none_for_a_name_that_is_not_an_input
SOAK     0.932 lane=3 END   nanopynix/tests/inproc/test_inproc.py::test_inproc_eval_open_and_close_are_idempotent ok
SOAK     0.943 lane=7 END   nanopynix/tests/primops/test_sleep_primop.py::test_sleep_is_a_builtin_and_not_a_global ok
SOAK     0.943 lane=7 START nanopynix/tests/inproc/test_inproc_cancel.py::test_an_operation_that_runs_a_nix_thread_pool_still_completes
SOAK     0.952 lane=3 START nanopynix/tests/test_store_dump_db.py::test_the_records_follow_the_order_of_the_argument
SOAK     0.956 lane=4 END   nanopynix/tests/bindings/test_value_accessor_types.py::test_an_int_read_as_a_string_names_both_types ok
SOAK     0.956 lane=4 START nanopynix/tests/test_scalar_accessor_semantics.py::test_max_call_depth_is_a_nix_error_with_error_info
SOAK     0.965 lane=0 END   nanopynix/tests/test_flake_lock_graph.py::test_find_input_resolves_a_follows_edge ok
SOAK     0.965 lane=0 START nanopynix/tests/inproc/test_inproc.py::test_inproc_value_call_accepts_value_argument
SOAK     0.984 lane=5 END   nanopynix/tests/inproc/test_inproc.py::test_inproc_locked_flake_facade ok
SOAK     0.984 lane=5 START nanopynix/tests/primops/test_sleep_primop.py::test_sleep_waits_for_the_time_it_is_given
SOAK     0.984 lane=2 END   nanopynix/tests/inproc/test_inproc.py::test_inproc_value_edit_location ok
SOAK     0.984 lane=2 START nanopynix/tests/inproc/test_inproc.py::test_collect_garbage_rejects_an_unsupported_action
SOAK     1.013 lane=2 END   nanopynix/tests/inproc/test_inproc.py::test_collect_garbage_rejects_an_unsupported_action ok
SOAK     1.013 lane=2 START nanopynix/tests/test_scalar_accessor_semantics.py::test_deep_conversion_of_a_true_cycle_raises_instead_of_crashing
SOAK     1.051 lane=4 END   nanopynix/tests/test_scalar_accessor_semantics.py::test_max_call_depth_is_a_nix_error_with_error_info ok
SOAK     1.063 lane=0 END   nanopynix/tests/inproc/test_inproc.py::test_inproc_value_call_accepts_value_argument ok
SOAK     1.063 lane=0 START nanopynix/tests/inproc/test_inproc.py::test_inproc_value_build_raises_on_build_failure
SOAK     1.065 lane=4 START nanopynix/tests/test_store_exec.py::test_inproc_a_program_in_a_relocated_store_runs_through_the_exec_prefix
SOAK     1.070 lane=1 END   nanopynix/tests/test_flake_lock_graph.py::test_find_input_returns_none_for_a_name_that_is_not_an_input ok
SOAK     1.090 lane=1 START nanopynix/tests/test_stores.py::test_two_store_roots_get_a_local_store_each
SOAK     1.095 lane=3 END   nanopynix/tests/test_store_dump_db.py::test_the_records_follow_the_order_of_the_argument ok
SOAK     1.095 lane=3 START nanopynix/tests/test_scalar_accessor_semantics.py::test_inproc_reads_a_string_carrying_store_path_context
SOAK     1.195 lane=3 END   nanopynix/tests/test_scalar_accessor_semantics.py::test_inproc_reads_a_string_carrying_store_path_context ok
SOAK     1.195 lane=3 START nanopynix/tests/inproc/test_inproc.py::test_inproc_value_release_is_idempotent
SOAK     1.265 lane=3 END   nanopynix/tests/inproc/test_inproc.py::test_inproc_value_release_is_idempotent ok
SOAK     1.265 lane=3 START nanopynix/tests/inproc/test_inproc.py::test_inproc_value_scalar_conversions
SOAK     1.388 lane=3 END   nanopynix/tests/inproc/test_inproc.py::test_inproc_value_scalar_conversions ok
SOAK     1.388 lane=3 START nanopynix/tests/inproc/test_inproc.py::test_inproc_value_rejects_use_from_different_eval_session
SOAK     1.440 lane=5 END   nanopynix/tests/primops/test_sleep_primop.py::test_sleep_waits_for_the_time_it_is_given ok
SOAK     1.445 lane=3 END   nanopynix/tests/inproc/test_inproc.py::test_inproc_value_rejects_use_from_different_eval_session ok
SOAK     1.446 lane=5 START nanopynix/tests/inproc/test_inproc.py::test_inproc_repl_supports_shared_protocol_operations
SOAK     1.513 lane=5 END   nanopynix/tests/inproc/test_inproc.py::test_inproc_repl_supports_shared_protocol_operations ok
SOAK     1.513 lane=5 START nanopynix/tests/inproc/test_inproc.py::test_inproc_eval_state_can_be_closed_and_reopened
SOAK     1.553 lane=0 END   nanopynix/tests/inproc/test_inproc.py::test_inproc_value_build_raises_on_build_failure ok
SOAK     1.559 lane=0 START nanopynix/tests/inproc/test_inproc.py::test_inproc_lock_flake_update_inputs_variants
SOAK     1.596 lane=5 END   nanopynix/tests/inproc/test_inproc.py::test_inproc_eval_state_can_be_closed_and_reopened ok
SOAK     1.602 lane=5 START nanopynix/tests/inproc/test_inproc.py::test_inproc_optimise_and_verify_a_private_store
SOAK     1.689 lane=0 END   nanopynix/tests/inproc/test_inproc.py::test_inproc_lock_flake_update_inputs_variants ok
SOAK     1.690 lane=0 START nanopynix/tests/inproc/test_inproc.py::test_inproc_value_to_python
SOAK     1.747 lane=0 END   nanopynix/tests/inproc/test_inproc.py::test_inproc_value_to_python ok
SOAK     1.747 lane=0 START nanopynix/tests/test_repl_scope_capacity.py::test_inproc_fills_the_repl_scope_exactly_to_the_end
SOAK     1.772 lane=5 END   nanopynix/tests/inproc/test_inproc.py::test_inproc_optimise_and_verify_a_private_store ok
SOAK     1.875 lane=4 END   nanopynix/tests/test_store_exec.py::test_inproc_a_program_in_a_relocated_store_runs_through_the_exec_prefix ok
SOAK     1.880 lane=4 START nanopynix/tests/test_stores.py::test_two_handles_on_one_local_store_share_the_temp_roots_file
SOAK     1.903 lane=1 END   nanopynix/tests/test_stores.py::test_two_store_roots_get_a_local_store_each ok
SOAK     1.903 lane=1 START nanopynix/tests/inproc/test_inproc.py::test_inproc_value_build_rejects_store_from_different_session
SOAK     1.962 lane=1 END   nanopynix/tests/inproc/test_inproc.py::test_inproc_value_build_rejects_store_from_different_session ok
SOAK     1.963 lane=1 START nanopynix/tests/test_flake_lock_graph.py::test_metadata_json_carries_the_whole_graph
SOAK     2.092 lane=4 END   nanopynix/tests/test_stores.py::test_two_handles_on_one_local_store_share_the_temp_roots_file ok
SOAK     2.093 lane=4 START nanopynix/tests/inproc/test_inproc.py::test_inproc_eval_file
SOAK     2.122 lane=4 END   nanopynix/tests/inproc/test_inproc.py::test_inproc_eval_file ok
SOAK     2.123 lane=4 START nanopynix/tests/bindings/test_store_empty_path.py::test_the_guard_lives_in_cpp_not_in_the_python_wrapper
SOAK     2.128 lane=4 END   nanopynix/tests/bindings/test_store_empty_path.py::test_the_guard_lives_in_cpp_not_in_the_python_wrapper ok
SOAK     2.131 lane=4 START nanopynix/tests/inproc/test_inproc.py::test_inproc_eval_rejects_store_from_different_session
SOAK     2.142 lane=1 END   nanopynix/tests/test_flake_lock_graph.py::test_metadata_json_carries_the_whole_graph ok
SOAK     2.142 lane=4 END   nanopynix/tests/inproc/test_inproc.py::test_inproc_eval_rejects_store_from_different_session ok
SOAK     2.142 lane=4 START nanopynix/tests/inproc/test_inproc.py::test_inproc_store_query_derivation_outputs_and_valid_derivers
SOAK     2.150 lane=1 START nanopynix/tests/inproc/test_inproc.py::test_inproc_eval_close_releases_leftover_locked_flakes
SOAK     2.216 lane=4 END   nanopynix/tests/inproc/test_inproc.py::test_inproc_store_query_derivation_outputs_and_valid_derivers ok
SOAK     2.235 lane=1 END   nanopynix/tests/inproc/test_inproc.py::test_inproc_eval_close_releases_leftover_locked_flakes ok
SOAK     2.235 lane=1 START nanopynix/tests/inproc/test_inproc.py::test_inproc_session_subscribe_receives_a_request_finalized_event
SOAK     2.239 lane=1 END   nanopynix/tests/inproc/test_inproc.py::test_inproc_session_subscribe_receives_a_request_finalized_event ok
SOAK     2.239 lane=1 START nanopynix/tests/test_store_metadata_fidelity.py::test_inproc_build_reports_the_path_it_produced
SOAK     2.274 lane=1 END   nanopynix/tests/test_store_metadata_fidelity.py::test_inproc_build_reports_the_path_it_produced ok
SOAK     2.274 lane=1 START nanopynix/tests/inproc/test_inproc.py::test_a_value_the_caller_still_holds_survives_a_collection
SOAK     2.583 lane=0 END   nanopynix/tests/test_repl_scope_capacity.py::test_inproc_fills_the_repl_scope_exactly_to_the_end ok
SOAK     2.583 lane=1 END   nanopynix/tests/inproc/test_inproc.py::test_a_value_the_caller_still_holds_survives_a_collection ok
SOAK     4.259 lane=2 END   nanopynix/tests/test_scalar_accessor_semantics.py::test_deep_conversion_of_a_true_cycle_raises_instead_of_crashing ok
SOAK     4.259 lane=2 START nanopynix/tests/test_repl_scope_capacity.py::test_inproc_refuses_one_binding_past_the_end
SOAK     4.785 lane=2 END   nanopynix/tests/test_repl_scope_capacity.py::test_inproc_refuses_one_binding_past_the_end ok
SOAK     4.785 lane=2 START nanopynix/tests/test_store_engine_parity_semantics.py::test_a_bare_drv_round_trips_through_its_own_reply
SOAK     4.890 lane=2 END   nanopynix/tests/test_store_engine_parity_semantics.py::test_a_bare_drv_round_trips_through_its_own_reply ok
SOAK     9.294 lane=6 END   nanopynix/tests/inproc/test_inproc_cancel.py::test_a_cancelled_interruptible_operation_frees_the_evaluator ok
SOAK     9.297 lane=6 START nanopynix/tests/inproc/test_inproc.py::test_inproc_store_not_open_raises
SOAK     9.320 lane=6 END   nanopynix/tests/inproc/test_inproc.py::test_inproc_store_not_open_raises ok
SOAK     9.348 lane=6 START nanopynix/tests/test_stores.py::test_a_store_root_that_came_back_is_not_the_old_store
SOAK     9.984 lane=6 END   nanopynix/tests/test_stores.py::test_a_store_root_that_came_back_is_not_the_old_store ok
SOAK     9.984 lane=6 START nanopynix/tests/inproc/test_inproc.py::test_inproc_store_cannot_close_while_its_eval_state_is_open
SOAK    10.092 lane=6 END   nanopynix/tests/inproc/test_inproc.py::test_inproc_store_cannot_close_while_its_eval_state_is_open ok
SOAK    10.092 lane=6 START nanopynix/tests/inproc/test_inproc.py::test_the_collector_owner_thread_outlives_the_session
SOAK    10.130 lane=6 END   nanopynix/tests/inproc/test_inproc.py::test_the_collector_owner_thread_outlives_the_session ok
SOAK    10.130 lane=6 START nanopynix/tests/inproc/test_inproc.py::test_inproc_value_attr_names
SOAK    10.171 lane=6 END   nanopynix/tests/inproc/test_inproc.py::test_inproc_value_attr_names ok
SOAK    10.171 lane=6 START nanopynix/tests/inproc/test_inproc.py::test_inproc_concurrent_eval_sessions_have_independent_pure_eval
SOAK    10.304 lane=6 END   nanopynix/tests/inproc/test_inproc.py::test_inproc_concurrent_eval_sessions_have_independent_pure_eval ok
SOAK    10.362 lane=7 END   nanopynix/tests/inproc/test_inproc_cancel.py::test_an_operation_that_runs_a_nix_thread_pool_still_completes ok
SOAK    10.363 lane=7 START nanopynix/tests/inproc/test_inproc.py::test_inproc_eval_flake
SOAK    10.502 lane=7 END   nanopynix/tests/inproc/test_inproc.py::test_inproc_eval_flake ok
SOAK    10.502 lane=7 START nanopynix/tests/inproc/test_inproc.py::test_inproc_eval_open_requires_open_store
SOAK    10.504 lane=7 END   nanopynix/tests/inproc/test_inproc.py::test_inproc_eval_open_requires_open_store ok
SOAK    10.504 lane=7 START nanopynix/tests/inproc/test_inproc.py::test_inproc_store_open_is_idempotent
SOAK    10.507 lane=7 END   nanopynix/tests/inproc/test_inproc.py::test_inproc_store_open_is_idempotent ok
SOAK END ok=77 fail=0
PASSED
nanopynix/tests/test_concurrent_soak.py::test_soak_rpc[daemon] SOAK BEGIN seed=5 lanes=8 tests=43 roster=sha256:eef7d5aefd96e46b
SOAK     0.005 lane=1 START nanopynix/tests/rpc/test_error_identity.py::test_an_absent_handle_arrives_as_key_error
SOAK     0.017 lane=3 START nanopynix/tests/test_repl_scope_capacity.py::test_rpc_fills_the_repl_scope_exactly_to_the_end
SOAK     0.029 lane=4 START nanopynix/tests/rpc/test_error_identity.py::test_a_negative_index_past_the_start_arrives_as_index_error
SOAK     0.042 lane=5 START nanopynix/tests/test_scalar_accessor_semantics.py::test_rpc_reads_a_string_carrying_store_path_context
SOAK     0.055 lane=6 START nanopynix/tests/test_store_metadata_fidelity.py::test_rpc_build_reports_the_path_it_produced
SOAK     0.091 lane=7 START nanopynix/tests/rpc/client/test_eval_rpc.py::test_repl_session_open_is_idempotent
SOAK     0.139 lane=0 START nanopynix/tests/rpc/client/test_eval_rpc.py::test_eval_thunk
SOAK     0.203 lane=2 START nanopynix/tests/rpc/client/test_eval_rpc.py::test_repl_session_load_file_autocalls_top_level_function
SOAK     1.728 lane=1 END   nanopynix/tests/rpc/test_error_identity.py::test_an_absent_handle_arrives_as_key_error ok
SOAK     1.728 lane=1 START nanopynix/tests/rpc/test_error_identity.py::test_a_nix_error_still_refines_past_the_class_the_worker_named
SOAK     1.803 lane=4 END   nanopynix/tests/rpc/test_error_identity.py::test_a_negative_index_past_the_start_arrives_as_index_error ok
SOAK     1.806 lane=4 START nanopynix/tests/rpc/client/test_eval_rpc.py::test_repl_session_edit_location_uses_function_source
SOAK     1.824 lane=0 END   nanopynix/tests/rpc/client/test_eval_rpc.py::test_eval_thunk ok
SOAK     1.824 lane=0 START nanopynix/tests/rpc/client/test_eval_rpc.py::test_force_closing_store_closes_dependent_eval_state
SOAK     1.868 lane=6 END   nanopynix/tests/test_store_metadata_fidelity.py::test_rpc_build_reports_the_path_it_produced ok
SOAK     1.872 lane=6 START nanopynix/tests/rpc/client/test_eval_rpc.py::test_eval_concurrent_sessions
SOAK     1.928 lane=5 END   nanopynix/tests/test_scalar_accessor_semantics.py::test_rpc_reads_a_string_carrying_store_path_context ok
SOAK     1.929 lane=7 END   nanopynix/tests/rpc/client/test_eval_rpc.py::test_repl_session_open_is_idempotent ok
SOAK     1.929 lane=7 START nanopynix/tests/rpc/client/test_eval_rpc.py::test_eval_call_function
SOAK     1.942 lane=2 END   nanopynix/tests/rpc/client/test_eval_rpc.py::test_repl_session_load_file_autocalls_top_level_function ok
SOAK     1.982 lane=5 START nanopynix/tests/rpc/client/test_eval_rpc.py::test_eval_list
SOAK     2.007 lane=2 START nanopynix/tests/rpc/client/test_eval_rpc.py::test_eval_file_simple
SOAK     2.326 lane=3 END   nanopynix/tests/test_repl_scope_capacity.py::test_rpc_fills_the_repl_scope_exactly_to_the_end ok
SOAK     2.326 lane=3 START nanopynix/tests/test_store_metadata_fidelity.py::test_rpc_read_derivation_keeps_nested_input_drvs
SOAK     3.087 lane=1 END   nanopynix/tests/rpc/test_error_identity.py::test_a_nix_error_still_refines_past_the_class_the_worker_named ok
SOAK     3.087 lane=1 START nanopynix/tests/rpc/client/test_eval_rpc.py::test_eval_string
SOAK     3.173 lane=0 END   nanopynix/tests/rpc/client/test_eval_rpc.py::test_force_closing_store_closes_dependent_eval_state ok
SOAK     3.174 lane=0 START nanopynix/tests/rpc/client/test_eval_rpc.py::test_eval_attr_navigation
SOAK     3.214 lane=4 END   nanopynix/tests/rpc/client/test_eval_rpc.py::test_repl_session_edit_location_uses_function_source ok
SOAK     3.214 lane=4 START nanopynix/tests/rpc/client/test_eval_rpc.py::test_eval_callable_function_proxy
SOAK     3.233 lane=7 END   nanopynix/tests/rpc/client/test_eval_rpc.py::test_eval_call_function ok
SOAK     3.233 lane=2 END   nanopynix/tests/rpc/client/test_eval_rpc.py::test_eval_file_simple ok
SOAK     3.233 lane=2 START nanopynix/tests/rpc/client/test_eval_rpc.py::test_repl_session_scope_names_include_bindings_and_base_scope
SOAK     3.246 lane=6 END   nanopynix/tests/rpc/client/test_eval_rpc.py::test_eval_concurrent_sessions ok
SOAK     3.246 lane=6 START nanopynix/tests/rpc/client/test_eval_rpc.py::test_eval_call_function_with_value_proxy_arg
SOAK     3.260 lane=7 START nanopynix/tests/rpc/client/test_eval_rpc.py::test_copy_closure_between_stores
SOAK     3.271 lane=5 END   nanopynix/tests/rpc/client/test_eval_rpc.py::test_eval_list ok
SOAK     3.281 lane=5 START nanopynix/tests/rpc/client/test_eval_rpc.py::test_eval_has_attr
SOAK     3.505 lane=3 END   nanopynix/tests/test_store_metadata_fidelity.py::test_rpc_read_derivation_keeps_nested_input_drvs ok
SOAK     3.505 lane=3 START nanopynix/tests/rpc/client/test_eval_rpc.py::test_eval_call_function_with_nested_value_proxy_arg
SOAK     4.226 lane=1 END   nanopynix/tests/rpc/client/test_eval_rpc.py::test_eval_string ok
SOAK     4.226 lane=1 START nanopynix/tests/rpc/client/test_eval_rpc.py::test_eval_strict_accessor_and_apply
SOAK     4.401 lane=0 END   nanopynix/tests/rpc/client/test_eval_rpc.py::test_eval_attr_navigation ok
SOAK     4.402 lane=0 START nanopynix/tests/test_repl_scope_capacity.py::test_rpc_refuses_one_binding_past_the_end
SOAK     4.418 lane=2 END   nanopynix/tests/rpc/client/test_eval_rpc.py::test_repl_session_scope_names_include_bindings_and_base_scope ok
SOAK     4.418 lane=2 START nanopynix/tests/rpc/test_error_identity.py::test_an_unsupported_scalar_type_arrives_as_value_error
SOAK     4.435 lane=4 END   nanopynix/tests/rpc/client/test_eval_rpc.py::test_eval_callable_function_proxy ok
SOAK     4.436 lane=4 START nanopynix/tests/rpc/client/test_eval_rpc.py::test_eval_force_does_not_consume
SOAK     4.454 lane=6 END   nanopynix/tests/rpc/client/test_eval_rpc.py::test_eval_call_function_with_value_proxy_arg ok
SOAK     4.457 lane=6 START nanopynix/tests/rpc/client/test_eval_rpc.py::test_repl_session_persists_bindings
SOAK     4.474 lane=5 END   nanopynix/tests/rpc/client/test_eval_rpc.py::test_eval_has_attr ok
SOAK     4.475 lane=5 START nanopynix/tests/test_store_metadata_fidelity.py::test_rpc_read_derivation_keeps_structured_attrs
SOAK     4.500 lane=7 END   nanopynix/tests/rpc/client/test_eval_rpc.py::test_copy_closure_between_stores ok
SOAK     4.500 lane=7 START nanopynix/tests/rpc/test_error_identity.py::test_a_handle_of_the_wrong_kind_arrives_as_type_error
SOAK     4.648 lane=3 END   nanopynix/tests/rpc/client/test_eval_rpc.py::test_eval_call_function_with_nested_value_proxy_arg ok
SOAK     4.650 lane=3 START nanopynix/tests/rpc/client/test_eval_rpc.py::test_eval_session_cleanup
SOAK     5.433 lane=1 END   nanopynix/tests/rpc/client/test_eval_rpc.py::test_eval_strict_accessor_and_apply ok
SOAK     5.433 lane=1 START nanopynix/tests/rpc/client/test_eval_rpc.py::test_eval_call_non_function_raises
SOAK     5.624 lane=2 END   nanopynix/tests/rpc/test_error_identity.py::test_an_unsupported_scalar_type_arrives_as_value_error ok
SOAK     5.624 lane=2 START nanopynix/tests/rpc/client/test_eval_rpc.py::test_eval_file_directory_loads_default_nix
SOAK     5.644 lane=4 END   nanopynix/tests/rpc/client/test_eval_rpc.py::test_eval_force_does_not_consume ok
SOAK     5.644 lane=4 START nanopynix/tests/rpc/client/test_eval_rpc.py::test_eval_nested_navigation
SOAK     5.669 lane=7 END   nanopynix/tests/rpc/test_error_identity.py::test_a_handle_of_the_wrong_kind_arrives_as_type_error ok
SOAK     5.669 lane=7 START nanopynix/tests/rpc/test_error_identity.py::test_a_setting_refusal_arrives_as_setting_not_live_error
SOAK     5.708 lane=6 END   nanopynix/tests/rpc/client/test_eval_rpc.py::test_repl_session_persists_bindings ok
SOAK     5.712 lane=6 START nanopynix/tests/rpc/client/test_eval_rpc.py::test_eval_attr_names
SOAK     5.729 lane=5 END   nanopynix/tests/test_store_metadata_fidelity.py::test_rpc_read_derivation_keeps_structured_attrs ok
SOAK     5.729 lane=5 START nanopynix/tests/rpc/client/test_eval_rpc.py::test_to_python_refuses_a_tree_containing_a_function
SOAK     5.814 lane=3 END   nanopynix/tests/rpc/client/test_eval_rpc.py::test_eval_session_cleanup ok
SOAK     5.814 lane=3 START nanopynix/tests/rpc/client/test_eval_rpc.py::test_eval_auto_call_function_with_default_attrset_args
SOAK     5.875 lane=0 END   nanopynix/tests/test_repl_scope_capacity.py::test_rpc_refuses_one_binding_past_the_end ok
SOAK     5.875 lane=0 START nanopynix/tests/rpc/client/test_eval_rpc.py::test_repl_session_adds_attrs_to_scope
SOAK     6.602 lane=1 END   nanopynix/tests/rpc/client/test_eval_rpc.py::test_eval_call_non_function_raises ok
SOAK     6.602 lane=1 START nanopynix/tests/rpc/client/test_eval_rpc.py::test_eval_reused_function_can_call_separately_evaluated_value
SOAK     6.814 lane=2 END   nanopynix/tests/rpc/client/test_eval_rpc.py::test_eval_file_directory_loads_default_nix ok
SOAK     6.814 lane=2 START nanopynix/tests/test_store_exec.py::test_rpc_a_program_in_a_relocated_store_runs_through_the_exec_prefix
SOAK     6.828 lane=4 END   nanopynix/tests/rpc/client/test_eval_rpc.py::test_eval_nested_navigation ok
SOAK     6.868 lane=7 END   nanopynix/tests/rpc/test_error_identity.py::test_a_setting_refusal_arrives_as_setting_not_live_error ok
SOAK     6.913 lane=6 END   nanopynix/tests/rpc/client/test_eval_rpc.py::test_eval_attr_names ok
SOAK     6.962 lane=5 END   nanopynix/tests/rpc/client/test_eval_rpc.py::test_to_python_refuses_a_tree_containing_a_function ok
SOAK     6.977 lane=3 END   nanopynix/tests/rpc/client/test_eval_rpc.py::test_eval_auto_call_function_with_default_attrset_args ok
SOAK     7.016 lane=0 END   nanopynix/tests/rpc/client/test_eval_rpc.py::test_repl_session_adds_attrs_to_scope ok
SOAK     7.016 lane=0 START nanopynix/tests/rpc/client/test_eval_rpc.py::test_forced_attrs_borrow_the_parent_value_handle
SOAK     7.762 lane=1 END   nanopynix/tests/rpc/client/test_eval_rpc.py::test_eval_reused_function_can_call_separately_evaluated_value ok
SOAK     8.163 lane=0 END   nanopynix/tests/rpc/client/test_eval_rpc.py::test_forced_attrs_borrow_the_parent_value_handle ok
SOAK     8.424 lane=2 END   nanopynix/tests/test_store_exec.py::test_rpc_a_program_in_a_relocated_store_runs_through_the_exec_prefix ok
SOAK END ok=43 fail=0
PASSED

=============================== warnings summary ===============================
nanopynix-helpers/src/nanopynix_helpers/fod.py:28
  /nix/store/068zcmrz9dbz5w3kdja5bvbybfk1783n-nanopynix-source/nanopynix-helpers/src/nanopynix_helpers/fod.py:28: DeprecationWarning: int argument support is deprecated
    _NIX_LANGUAGE = Language(cast("int", tree_sitter_nix.language()))  # type: ignore[reportDeprecated, reportUnknownMemberType] -- tree-sitter-nix 0.3 exposes the legacy integer language pointer

pynix/src/pynix/_nix_syntax.py:24
  /nix/store/068zcmrz9dbz5w3kdja5bvbybfk1783n-nanopynix-source/pynix/src/pynix/_nix_syntax.py:24: DeprecationWarning: int argument support is deprecated
    NIX_LANGUAGE = Language(cast("int", tree_sitter_nix.language()))  # type: ignore[reportDeprecated, reportUnknownMemberType] -- tree-sitter-nix 0.3 exposes the legacy integer language pointer

../xdhampxgcaq13aah0q0lmq0zbdmx9yki-nanopynix-test-env/lib/python3.14/site-packages/_pytest/python.py:124
  /nix/store/xdhampxgcaq13aah0q0lmq0zbdmx9yki-nanopynix-test-env/lib/python3.14/site-packages/_pytest/python.py:124: PytestRemovedIn10Warning: Passing a non-Collection iterable to parametrize is deprecated.
  Test: tests/meta/test_ci_step_policy.py::test_a_run_body_is_one_line, argvalues type: generator
  Please convert to a list or tuple.
  See https://docs.pytest.org/en/stable/deprecations.html#parametrize-iterators
    metafunc.parametrize(*marker.args, **marker.kwargs, _param_mark=marker)

../xdhampxgcaq13aah0q0lmq0zbdmx9yki-nanopynix-test-env/lib/python3.14/site-packages/_pytest/python.py:124
  /nix/store/xdhampxgcaq13aah0q0lmq0zbdmx9yki-nanopynix-test-env/lib/python3.14/site-packages/_pytest/python.py:124: PytestRemovedIn10Warning: Passing a non-Collection iterable to parametrize is deprecated.
  Test: tests/meta/test_ci_step_policy.py::test_a_run_body_holds_no_workflow_expression, argvalues type: generator
  Please convert to a list or tuple.
  See https://docs.pytest.org/en/stable/deprecations.html#parametrize-iterators
    metafunc.parametrize(*marker.args, **marker.kwargs, _param_mark=marker)

-- Docs: https://docs.pytest.org/en/stable/how-to/capture-warnings.html
=============== 4 passed, 3761 deselected, 4 warnings in 54.60s ================
=== TSAN run 5 exit status: 0 ===
=== TSAN run 1 ===
/nix/store/xdhampxgcaq13aah0q0lmq0zbdmx9yki-nanopynix-test-env/lib/python3.14/site-packages/hypothesis/_settings.py:1098: HypothesisWarning: The database setting is not configured, and the default location is unusable - falling back to an in-memory database for this session.  path=PosixPath('/nix/store/068zcmrz9dbz5w3kdja5bvbybfk1783n-nanopynix-source/.hypothesis/examples')
  value = getattr(self, name)
/nix/store/xdhampxgcaq13aah0q0lmq0zbdmx9yki-nanopynix-test-env/lib/python3.14/site-packages/hypothesis/_settings.py:1099: HypothesisWarning: The database setting is not configured, and the default location is unusable - falling back to an in-memory database for this session.  path=PosixPath('/nix/store/068zcmrz9dbz5w3kdja5bvbybfk1783n-nanopynix-source/.hypothesis/examples')
  if value != getattr(default, name):
============================= test session starts ==============================
platform linux -- Python 3.14.7, pytest-9.1.1, pluggy-1.6.0 -- /nix/store/xdhampxgcaq13aah0q0lmq0zbdmx9yki-nanopynix-test-env/bin/python3.14
hypothesis profile 'default' -> database=InMemoryExampleDatabase({})
rootdir: /nix/store/068zcmrz9dbz5w3kdja5bvbybfk1783n-nanopynix-source
configfile: pytest.ini
testpaths: tests, nanopynix/tests, nanopynix-helpers/tests, pynix/tests, pynix-lsp/tests
plugins: anyio-4.14.2, hypothesis-6.156.1, cov-7.1.0, dependency-0.6.1, forked-1.6.0, xdist-3.8.0, lsp-1.0.1, asyncio-1.4.0
asyncio: mode=Mode.STRICT, debug=False, asyncio_default_fixture_loop_scope=None, asyncio_default_test_loop_scope=function
collecting ... collected 3765 items / 3761 deselected / 4 selected

nanopynix/tests/test_concurrent_soak.py::test_soak_inproc[local] SOAK BEGIN seed=1 lanes=8 tests=77 roster=sha256:f79eb9dbfc68391d
SOAK     0.001 lane=2 START nanopynix/tests/bindings/test_value_accessor_types.py::test_an_int_read_as_a_string_names_both_types
SOAK     0.001 lane=3 START nanopynix/tests/inproc/test_inproc.py::test_inproc_selection_on_a_released_value_raises_at_selection
SOAK     0.003 lane=5 START nanopynix/tests/test_scalar_accessor_semantics.py::test_apply_accepts_an_already_evaluated_function
SOAK     0.004 lane=6 START nanopynix/tests/inproc/test_inproc.py::test_inproc_value_build_raises_on_build_failure
SOAK     0.008 lane=0 START nanopynix/tests/test_store_dump_db.py::test_the_records_follow_the_order_of_the_argument
SOAK     0.009 lane=1 START nanopynix/tests/inproc/test_inproc.py::test_inproc_locked_flake_facade
SOAK     0.014 lane=4 START nanopynix/tests/inproc/test_inproc.py::test_inproc_locked_flake_release_is_idempotent
SOAK     0.019 lane=7 START nanopynix/tests/inproc/test_inproc.py::test_inproc_eval_flake
SOAK     0.084 lane=3 END   nanopynix/tests/inproc/test_inproc.py::test_inproc_selection_on_a_released_value_raises_at_selection ok
SOAK     0.087 lane=3 START nanopynix/tests/inproc/test_inproc.py::test_inproc_copy_closure_copies_between_two_stores_in_one_session
SOAK     0.098 lane=2 END   nanopynix/tests/bindings/test_value_accessor_types.py::test_an_int_read_as_a_string_names_both_types ok
SOAK     0.106 lane=2 START nanopynix/tests/test_stores.py::test_a_store_root_that_came_back_is_not_the_old_store
SOAK     0.122 lane=4 END   nanopynix/tests/inproc/test_inproc.py::test_inproc_locked_flake_release_is_idempotent ok
SOAK     0.123 lane=0 END   nanopynix/tests/test_store_dump_db.py::test_the_records_follow_the_order_of_the_argument ok
SOAK     0.123 lane=0 START nanopynix/tests/inproc/test_inproc.py::test_inproc_value_build_rejects_store_from_different_session
SOAK     0.125 lane=4 START nanopynix/tests/inproc/test_inproc.py::test_inproc_repl_load_file_and_add_attrs
SOAK     0.253 lane=5 END   nanopynix/tests/test_scalar_accessor_semantics.py::test_apply_accepts_an_already_evaluated_function ok
SOAK     0.253 lane=5 START nanopynix/tests/inproc/test_inproc.py::test_inproc_store_collect_garbage_return_dead
SOAK     0.254 lane=7 END   nanopynix/tests/inproc/test_inproc.py::test_inproc_eval_flake ok
SOAK     0.254 lane=7 START nanopynix/tests/inproc/test_inproc_cancel.py::test_a_cancelled_interruptible_operation_frees_the_evaluator
SOAK     0.294 lane=1 END   nanopynix/tests/inproc/test_inproc.py::test_inproc_locked_flake_facade ok
SOAK     0.295 lane=4 END   nanopynix/tests/inproc/test_inproc.py::test_inproc_repl_load_file_and_add_attrs ok
SOAK     0.295 lane=4 START nanopynix/tests/inproc/test_inproc.py::test_inproc_value_attr_names
SOAK     0.295 lane=0 END   nanopynix/tests/inproc/test_inproc.py::test_inproc_value_build_rejects_store_from_different_session ok
SOAK     0.295 lane=0 START nanopynix/tests/test_store_engine_parity_semantics.py::test_a_bare_drv_round_trips_through_its_own_reply
SOAK     0.313 lane=1 START nanopynix/tests/test_stores.py::test_two_handles_on_one_local_store_share_the_temp_roots_file
SOAK     0.367 lane=3 END   nanopynix/tests/inproc/test_inproc.py::test_inproc_copy_closure_copies_between_two_stores_in_one_session ok
SOAK     0.368 lane=3 START nanopynix/tests/inproc/test_inproc.py::test_inproc_repl_requires_open_repl
SOAK     0.550 lane=4 END   nanopynix/tests/inproc/test_inproc.py::test_inproc_value_attr_names ok
SOAK     0.551 lane=4 START nanopynix/tests/inproc/test_inproc.py::test_inproc_eval_close_releases_values_left_open
SOAK     0.600 lane=6 END   nanopynix/tests/inproc/test_inproc.py::test_inproc_value_build_raises_on_build_failure ok
SOAK     0.612 lane=6 START nanopynix/tests/inproc/test_inproc.py::test_collect_garbage_rejects_an_unsupported_action
SOAK     0.612 lane=0 END   nanopynix/tests/test_store_engine_parity_semantics.py::test_a_bare_drv_round_trips_through_its_own_reply ok
SOAK     0.613 lane=0 START nanopynix/tests/test_repl_scope_capacity.py::test_inproc_fills_the_repl_scope_exactly_to_the_end
SOAK     0.615 lane=5 END   nanopynix/tests/inproc/test_inproc.py::test_inproc_store_collect_garbage_return_dead ok
SOAK     0.615 lane=5 START nanopynix/tests/inproc/test_inproc.py::test_inproc_store_not_open_raises
SOAK     0.615 lane=5 END   nanopynix/tests/inproc/test_inproc.py::test_inproc_store_not_open_raises ok
SOAK     0.615 lane=5 START nanopynix/tests/inproc/test_inproc.py::test_inproc_store_uri_and_store_dir
SOAK     0.621 lane=2 END   nanopynix/tests/test_stores.py::test_a_store_root_that_came_back_is_not_the_old_store ok
SOAK     0.633 lane=3 END   nanopynix/tests/inproc/test_inproc.py::test_inproc_repl_requires_open_repl ok
SOAK     0.645 lane=6 END   nanopynix/tests/inproc/test_inproc.py::test_collect_garbage_rejects_an_unsupported_action ok
SOAK     0.645 lane=6 START nanopynix/tests/inproc/test_inproc.py::test_inproc_allows_concurrent_eval_states_on_one_store
SOAK     0.646 lane=2 START nanopynix/tests/inproc/test_inproc.py::test_inproc_eval_file
SOAK     0.658 lane=3 START nanopynix/tests/inproc/test_inproc.py::test_inproc_value_edit_location
SOAK     0.685 lane=5 END   nanopynix/tests/inproc/test_inproc.py::test_inproc_store_uri_and_store_dir ok
SOAK     0.685 lane=5 START nanopynix/tests/primops/test_sleep_primop.py::test_sleep_is_a_builtin_and_not_a_global
SOAK     0.748 lane=4 END   nanopynix/tests/inproc/test_inproc.py::test_inproc_eval_close_releases_values_left_open ok
SOAK     0.762 lane=4 START nanopynix/tests/test_flake_lock_graph.py::test_find_input_returns_a_locked_ref_with_a_rev
SOAK     0.841 lane=3 END   nanopynix/tests/inproc/test_inproc.py::test_inproc_value_edit_location ok
SOAK     0.841 lane=3 START nanopynix/tests/inproc/test_inproc.py::test_inproc_store_open_is_idempotent
SOAK     0.842 lane=2 END   nanopynix/tests/inproc/test_inproc.py::test_inproc_eval_file ok
SOAK     0.844 lane=2 START nanopynix/tests/inproc/test_inproc.py::test_inproc_value_rejects_use_from_different_eval_session
SOAK     0.860 lane=3 END   nanopynix/tests/inproc/test_inproc.py::test_inproc_store_open_is_idempotent ok
SOAK     0.876 lane=5 END   nanopynix/tests/primops/test_sleep_primop.py::test_sleep_is_a_builtin_and_not_a_global ok
SOAK     0.876 lane=5 START nanopynix/tests/inproc/test_inproc.py::test_inproc_value_call_accepts_value_argument
SOAK     0.884 lane=6 END   nanopynix/tests/inproc/test_inproc.py::test_inproc_allows_concurrent_eval_states_on_one_store ok
SOAK     0.884 lane=6 START nanopynix/tests/inproc/test_inproc.py::test_inproc_value_context_manager_releases_rooted_value
SOAK     0.897 lane=3 START nanopynix/tests/test_flake_lock_graph.py::test_metadata_json_carries_the_whole_graph
SOAK     0.953 lane=2 END   nanopynix/tests/inproc/test_inproc.py::test_inproc_value_rejects_use_from_different_eval_session ok
SOAK     0.954 lane=2 START nanopynix/tests/primops/test_sleep_primop.py::test_sleep_refuses_a_negative_duration
SOAK     0.999 lane=4 END   nanopynix/tests/test_flake_lock_graph.py::test_find_input_returns_a_locked_ref_with_a_rev ok
SOAK     0.999 lane=4 START nanopynix/tests/inproc/test_inproc.py::test_inproc_store_read_derivation
SOAK     1.005 lane=5 END   nanopynix/tests/inproc/test_inproc.py::test_inproc_value_call_accepts_value_argument ok
SOAK     1.005 lane=5 START nanopynix/tests/inproc/test_inproc_cancel.py::test_an_operation_that_runs_a_nix_thread_pool_still_completes
SOAK     1.010 lane=6 END   nanopynix/tests/inproc/test_inproc.py::test_inproc_value_context_manager_releases_rooted_value ok
SOAK     1.010 lane=6 START nanopynix/tests/inproc/test_inproc.py::test_inproc_store_query_missing
SOAK     1.010 lane=2 END   nanopynix/tests/primops/test_sleep_primop.py::test_sleep_refuses_a_negative_duration ok
SOAK     1.022 lane=2 START nanopynix/tests/inproc/test_inproc.py::test_inproc_repl_supports_shared_protocol_operations
SOAK     1.056 lane=6 END   nanopynix/tests/inproc/test_inproc.py::test_inproc_store_query_missing ok
SOAK     1.056 lane=6 START nanopynix/tests/inproc/test_inproc.py::test_inproc_value_scalar_conversions
SOAK     1.099 lane=4 END   nanopynix/tests/inproc/test_inproc.py::test_inproc_store_read_derivation ok
SOAK     1.099 lane=4 START nanopynix/tests/inproc/test_inproc.py::test_inproc_eval_rejects_store_from_different_session
SOAK     1.101 lane=3 END   nanopynix/tests/test_flake_lock_graph.py::test_metadata_json_carries_the_whole_graph ok
SOAK     1.101 lane=3 START nanopynix/tests/inproc/test_inproc.py::test_inproc_value_auto_call
SOAK     1.134 lane=4 END   nanopynix/tests/inproc/test_inproc.py::test_inproc_eval_rejects_store_from_different_session ok
SOAK     1.134 lane=4 START nanopynix/tests/test_store_engine_parity_semantics.py::test_the_selector_actually_reaches_nix
SOAK     1.168 lane=2 END   nanopynix/tests/inproc/test_inproc.py::test_inproc_repl_supports_shared_protocol_operations ok
SOAK     1.168 lane=2 START nanopynix/tests/inproc/test_inproc.py::test_inproc_concurrent_eval_sessions_have_independent_pure_eval
SOAK     1.169 lane=6 END   nanopynix/tests/inproc/test_inproc.py::test_inproc_value_scalar_conversions ok
SOAK     1.169 lane=6 START nanopynix/tests/inproc/test_inproc.py::test_inproc_value_release_is_idempotent
SOAK     1.170 lane=3 END   nanopynix/tests/inproc/test_inproc.py::test_inproc_value_auto_call ok
SOAK     1.170 lane=3 START nanopynix/tests/test_store_metadata_fidelity.py::test_inproc_build_reports_the_path_it_produced
SOAK     1.264 lane=6 END   nanopynix/tests/inproc/test_inproc.py::test_inproc_value_release_is_idempotent ok
SOAK     1.264 lane=6 START nanopynix/tests/inproc/test_inproc.py::test_inproc_session_subscribe_receives_log_events
SOAK     1.269 lane=4 END   nanopynix/tests/test_store_engine_parity_semantics.py::test_the_selector_actually_reaches_nix ok
SOAK     1.269 lane=4 START nanopynix/tests/inproc/test_inproc.py::test_inproc_value_to_python
SOAK     1.352 lane=2 END   nanopynix/tests/inproc/test_inproc.py::test_inproc_concurrent_eval_sessions_have_independent_pure_eval ok
SOAK     1.353 lane=2 START nanopynix/tests/bindings/test_store_empty_path.py::test_the_guard_lives_in_cpp_not_in_the_python_wrapper
SOAK     1.356 lane=6 END   nanopynix/tests/inproc/test_inproc.py::test_inproc_session_subscribe_receives_log_events ok
SOAK     1.372 lane=6 START nanopynix/tests/test_flake_lock_graph.py::test_find_input_returns_none_for_a_name_that_is_not_an_input
SOAK     1.429 lane=4 END   nanopynix/tests/inproc/test_inproc.py::test_inproc_value_to_python ok
SOAK     1.447 lane=2 END   nanopynix/tests/bindings/test_store_empty_path.py::test_the_guard_lives_in_cpp_not_in_the_python_wrapper ok
SOAK     1.447 lane=2 START nanopynix/tests/inproc/test_inproc.py::test_inproc_eval_open_and_close_are_idempotent
SOAK     1.448 lane=4 START nanopynix/tests/inproc/test_inproc.py::test_inproc_lock_flake_update_inputs_variants
SOAK     1.518 lane=2 END   nanopynix/tests/inproc/test_inproc.py::test_inproc_eval_open_and_close_are_idempotent ok
SOAK     1.519 lane=2 START nanopynix/tests/inproc/test_inproc.py::test_inproc_eval_close_releases_leftover_locked_flakes
SOAK     1.627 lane=0 END   nanopynix/tests/test_repl_scope_capacity.py::test_inproc_fills_the_repl_scope_exactly_to_the_end ok
SOAK     1.627 lane=0 START nanopynix/tests/test_store_metadata_fidelity.py::test_an_opaque_request_builds_nothing_and_says_so
SOAK     1.708 lane=4 END   nanopynix/tests/inproc/test_inproc.py::test_inproc_lock_flake_update_inputs_variants ok
SOAK     1.723 lane=2 END   nanopynix/tests/inproc/test_inproc.py::test_inproc_eval_close_releases_leftover_locked_flakes ok
SOAK     1.745 lane=6 END   nanopynix/tests/test_flake_lock_graph.py::test_find_input_returns_none_for_a_name_that_is_not_an_input ok
SOAK     1.785 lane=1 END   nanopynix/tests/test_stores.py::test_two_handles_on_one_local_store_share_the_temp_roots_file ok
SOAK     1.785 lane=1 START nanopynix/tests/inproc/test_inproc.py::test_inproc_eval_value_navigation
SOAK     1.820 lane=1 END   nanopynix/tests/inproc/test_inproc.py::test_inproc_eval_value_navigation ok
SOAK     1.821 lane=1 START nanopynix/tests/test_flake_lock_graph.py::test_find_input_resolves_a_follows_edge
SOAK     1.877 lane=3 END   nanopynix/tests/test_store_metadata_fidelity.py::test_inproc_build_reports_the_path_it_produced ok
SOAK     1.880 lane=3 START nanopynix/tests/inproc/test_inproc.py::test_inproc_session_subscribe_receives_a_request_finalized_event
SOAK     1.933 lane=3 END   nanopynix/tests/inproc/test_inproc.py::test_inproc_session_subscribe_receives_a_request_finalized_event ok
SOAK     1.933 lane=3 START nanopynix/tests/test_store_metadata_fidelity.py::test_inproc_read_derivation_keeps_nested_input_drvs
SOAK     1.972 lane=3 END   nanopynix/tests/test_store_metadata_fidelity.py::test_inproc_read_derivation_keeps_nested_input_drvs ok
SOAK     1.981 lane=1 END   nanopynix/tests/test_flake_lock_graph.py::test_find_input_resolves_a_follows_edge ok
SOAK     1.981 lane=1 START nanopynix/tests/inproc/test_inproc.py::test_inproc_repl_open_is_idempotent
SOAK     2.014 lane=1 END   nanopynix/tests/inproc/test_inproc.py::test_inproc_repl_open_is_idempotent ok
SOAK     2.014 lane=1 START nanopynix/tests/inproc/test_inproc.py::test_inproc_eval_open_requires_open_store
SOAK     2.015 lane=1 END   nanopynix/tests/inproc/test_inproc.py::test_inproc_eval_open_requires_open_store ok
SOAK     2.016 lane=1 START nanopynix/tests/inproc/test_inproc.py::test_inproc_optimise_and_verify_a_private_store
SOAK     2.100 lane=1 END   nanopynix/tests/inproc/test_inproc.py::test_inproc_optimise_and_verify_a_private_store ok
SOAK     2.100 lane=1 START nanopynix/tests/inproc/test_inproc.py::test_inproc_value_rejects_use_after_eval_close
SOAK     2.117 lane=1 END   nanopynix/tests/inproc/test_inproc.py::test_inproc_value_rejects_use_after_eval_close ok
SOAK     2.117 lane=1 START nanopynix/tests/test_scalar_accessor_semantics.py::test_deep_conversion_of_a_derivation_terminates
SOAK     2.140 lane=1 END   nanopynix/tests/test_scalar_accessor_semantics.py::test_deep_conversion_of_a_derivation_terminates ok
SOAK     2.140 lane=1 START nanopynix/tests/inproc/test_inproc.py::test_inproc_store_query_derivation_outputs_and_valid_derivers
SOAK     2.168 lane=1 END   nanopynix/tests/inproc/test_inproc.py::test_inproc_store_query_derivation_outputs_and_valid_derivers ok
SOAK     6.508 lane=7 END   nanopynix/tests/inproc/test_inproc_cancel.py::test_a_cancelled_interruptible_operation_frees_the_evaluator ok
SOAK     6.508 lane=7 START nanopynix/tests/test_scalar_accessor_semantics.py::test_inproc_reads_a_string_carrying_store_path_context
SOAK     6.522 lane=7 END   nanopynix/tests/test_scalar_accessor_semantics.py::test_inproc_reads_a_string_carrying_store_path_context ok
SOAK     6.522 lane=7 START nanopynix/tests/test_store_metadata_fidelity.py::test_inproc_read_derivation_keeps_structured_attrs
SOAK     6.536 lane=7 END   nanopynix/tests/test_store_metadata_fidelity.py::test_inproc_read_derivation_keeps_structured_attrs ok
SOAK     6.537 lane=7 START nanopynix/tests/primops/test_sleep_primop.py::test_sleep_waits_for_the_time_it_is_given
SOAK     6.794 lane=0 END   nanopynix/tests/test_store_metadata_fidelity.py::test_an_opaque_request_builds_nothing_and_says_so ok
SOAK     6.794 lane=0 START nanopynix/tests/test_scalar_accessor_semantics.py::test_max_call_depth_is_a_nix_error_with_error_info
SOAK     6.818 lane=0 END   nanopynix/tests/test_scalar_accessor_semantics.py::test_max_call_depth_is_a_nix_error_with_error_info ok
SOAK     6.818 lane=0 START nanopynix/tests/bindings/test_value_accessor_types.py::test_accessors_force_a_thunk_first
SOAK     6.830 lane=0 END   nanopynix/tests/bindings/test_value_accessor_types.py::test_accessors_force_a_thunk_first ok
SOAK     6.830 lane=0 START nanopynix/tests/inproc/test_inproc.py::test_inproc_store_cannot_close_while_its_eval_state_is_open
SOAK     6.838 lane=0 END   nanopynix/tests/inproc/test_inproc.py::test_inproc_store_cannot_close_while_its_eval_state_is_open ok
SOAK     6.838 lane=0 START nanopynix/tests/inproc/test_inproc.py::test_a_value_the_caller_still_holds_survives_a_collection
SOAK     7.050 lane=0 END   nanopynix/tests/inproc/test_inproc.py::test_a_value_the_caller_still_holds_survives_a_collection ok
SOAK     7.050 lane=0 START nanopynix/tests/inproc/test_inproc.py::test_inproc_eval_state_can_be_closed_and_reopened
SOAK     7.057 lane=7 END   nanopynix/tests/primops/test_sleep_primop.py::test_sleep_waits_for_the_time_it_is_given ok
SOAK     7.058 lane=7 START nanopynix/tests/test_store_exec.py::test_inproc_a_program_in_a_relocated_store_runs_through_the_exec_prefix
SOAK     7.070 lane=0 END   nanopynix/tests/inproc/test_inproc.py::test_inproc_eval_state_can_be_closed_and_reopened ok
SOAK     7.496 lane=7 END   nanopynix/tests/test_store_exec.py::test_inproc_a_program_in_a_relocated_store_runs_through_the_exec_prefix ok
SOAK     7.497 lane=7 START nanopynix/tests/test_stores.py::test_two_store_roots_get_a_local_store_each
SOAK     7.617 lane=7 END   nanopynix/tests/test_stores.py::test_two_store_roots_get_a_local_store_each ok
SOAK     7.617 lane=7 START nanopynix/tests/inproc/test_inproc.py::test_the_collector_owner_thread_outlives_the_session
SOAK     7.626 lane=7 END   nanopynix/tests/inproc/test_inproc.py::test_the_collector_owner_thread_outlives_the_session ok
SOAK     7.627 lane=7 START nanopynix/tests/test_scalar_accessor_semantics.py::test_deep_conversion_of_a_true_cycle_raises_instead_of_crashing
SOAK     7.779 lane=5 END   nanopynix/tests/inproc/test_inproc_cancel.py::test_an_operation_that_runs_a_nix_thread_pool_still_completes ok
SOAK     7.779 lane=5 START nanopynix/tests/inproc/test_inproc.py::test_inproc_value_autocall_and_realise_argv
SOAK     7.792 lane=5 END   nanopynix/tests/inproc/test_inproc.py::test_inproc_value_autocall_and_realise_argv ok
SOAK     7.792 lane=5 START nanopynix/tests/test_repl_scope_capacity.py::test_inproc_refuses_one_binding_past_the_end
SOAK     8.053 lane=5 END   nanopynix/tests/test_repl_scope_capacity.py::test_inproc_refuses_one_binding_past_the_end ok
SOAK     9.916 lane=7 END   nanopynix/tests/test_scalar_accessor_semantics.py::test_deep_conversion_of_a_true_cycle_raises_instead_of_crashing ok
SOAK END ok=77 fail=0
PASSED
nanopynix/tests/test_concurrent_soak.py::test_soak_rpc[local] SOAK BEGIN seed=1 lanes=8 tests=43 roster=sha256:eef7d5aefd96e46b
SOAK     0.001 lane=4 START nanopynix/tests/test_store_metadata_fidelity.py::test_rpc_build_reports_the_path_it_produced
SOAK     0.013 lane=6 START nanopynix/tests/rpc/client/test_eval_rpc.py::test_eval_call_function_with_nested_value_proxy_arg
SOAK     0.035 lane=0 START nanopynix/tests/rpc/client/test_eval_rpc.py::test_repl_session_load_file_autocalls_top_level_function
SOAK     0.059 lane=1 START nanopynix/tests/rpc/client/test_eval_rpc.py::test_eval_attr_navigation
SOAK     0.074 lane=3 START nanopynix/tests/rpc/client/test_eval_rpc.py::test_eval_attr_names
SOAK     0.094 lane=5 START nanopynix/tests/rpc/client/test_eval_rpc.py::test_repl_session_persists_bindings
SOAK     0.115 lane=2 START nanopynix/tests/rpc/client/test_eval_rpc.py::test_eval_file_simple
SOAK     0.156 lane=7 START nanopynix/tests/rpc/client/test_eval_rpc.py::test_eval_concurrent_sessions
SOAK     1.645 lane=2 END   nanopynix/tests/rpc/client/test_eval_rpc.py::test_eval_file_simple ok
SOAK     1.645 lane=2 START nanopynix/tests/rpc/client/test_eval_rpc.py::test_to_python_refuses_a_tree_containing_a_function
SOAK     1.688 lane=6 END   nanopynix/tests/rpc/client/test_eval_rpc.py::test_eval_call_function_with_nested_value_proxy_arg ok
SOAK     1.689 lane=6 START nanopynix/tests/rpc/client/test_eval_rpc.py::test_eval_nested_navigation
SOAK     1.751 lane=1 END   nanopynix/tests/rpc/client/test_eval_rpc.py::test_eval_attr_navigation ok
SOAK     1.751 lane=1 START nanopynix/tests/rpc/test_error_identity.py::test_a_nix_error_still_refines_past_the_class_the_worker_named
SOAK     1.776 lane=3 END   nanopynix/tests/rpc/client/test_eval_rpc.py::test_eval_attr_names ok
SOAK     1.777 lane=4 END   nanopynix/tests/test_store_metadata_fidelity.py::test_rpc_build_reports_the_path_it_produced ok
SOAK     1.781 lane=7 END   nanopynix/tests/rpc/client/test_eval_rpc.py::test_eval_concurrent_sessions ok
SOAK     1.781 lane=7 START nanopynix/tests/rpc/client/test_eval_rpc.py::test_repl_session_adds_attrs_to_scope
SOAK     1.808 lane=3 START nanopynix/tests/rpc/client/test_eval_rpc.py::test_eval_thunk
SOAK     1.841 lane=0 END   nanopynix/tests/rpc/client/test_eval_rpc.py::test_repl_session_load_file_autocalls_top_level_function ok
SOAK     1.841 lane=5 END   nanopynix/tests/rpc/client/test_eval_rpc.py::test_repl_session_persists_bindings ok
SOAK     1.841 lane=5 START nanopynix/tests/rpc/client/test_eval_rpc.py::test_force_closing_store_closes_dependent_eval_state
SOAK     1.880 lane=4 START nanopynix/tests/test_store_exec.py::test_rpc_a_program_in_a_relocated_store_runs_through_the_exec_prefix
SOAK     1.927 lane=0 START nanopynix/tests/rpc/client/test_eval_rpc.py::test_eval_session_cleanup
SOAK     3.311 lane=2 END   nanopynix/tests/rpc/client/test_eval_rpc.py::test_to_python_refuses_a_tree_containing_a_function ok
SOAK     3.311 lane=2 START nanopynix/tests/rpc/client/test_eval_rpc.py::test_eval_strict_accessor_and_apply
SOAK     3.327 lane=1 END   nanopynix/tests/rpc/test_error_identity.py::test_a_nix_error_still_refines_past_the_class_the_worker_named ok
SOAK     3.327 lane=1 START nanopynix/tests/rpc/client/test_eval_rpc.py::test_eval_auto_call_function_with_default_attrset_args
SOAK     3.364 lane=3 END   nanopynix/tests/rpc/client/test_eval_rpc.py::test_eval_thunk ok
SOAK     3.364 lane=3 START nanopynix/tests/test_scalar_accessor_semantics.py::test_rpc_reads_a_string_carrying_store_path_context
SOAK     3.392 lane=6 END   nanopynix/tests/rpc/client/test_eval_rpc.py::test_eval_nested_navigation ok
SOAK     3.392 lane=6 START nanopynix/tests/rpc/client/test_eval_rpc.py::test_forced_attrs_borrow_the_parent_value_handle
SOAK     3.413 lane=5 END   nanopynix/tests/rpc/client/test_eval_rpc.py::test_force_closing_store_closes_dependent_eval_state ok
SOAK     3.421 lane=0 END   nanopynix/tests/rpc/client/test_eval_rpc.py::test_eval_session_cleanup ok
SOAK     3.422 lane=7 END   nanopynix/tests/rpc/client/test_eval_rpc.py::test_repl_session_adds_attrs_to_scope ok
SOAK     3.422 lane=7 START nanopynix/tests/rpc/test_error_identity.py::test_an_unsupported_scalar_type_arrives_as_value_error
SOAK     3.466 lane=5 START nanopynix/tests/rpc/client/test_eval_rpc.py::test_eval_list
SOAK     3.516 lane=0 START nanopynix/tests/rpc/client/test_eval_rpc.py::test_eval_file_directory_loads_default_nix
SOAK     3.808 lane=4 END   nanopynix/tests/test_store_exec.py::test_rpc_a_program_in_a_relocated_store_runs_through_the_exec_prefix ok
SOAK     3.811 lane=4 START nanopynix/tests/test_store_metadata_fidelity.py::test_rpc_read_derivation_keeps_structured_attrs
SOAK     4.901 lane=7 END   nanopynix/tests/rpc/test_error_identity.py::test_an_unsupported_scalar_type_arrives_as_value_error ok
SOAK     4.901 lane=7 START nanopynix/tests/test_repl_scope_capacity.py::test_rpc_refuses_one_binding_past_the_end
SOAK     4.923 lane=6 END   nanopynix/tests/rpc/client/test_eval_rpc.py::test_forced_attrs_borrow_the_parent_value_handle ok
SOAK     4.929 lane=3 END   nanopynix/tests/test_scalar_accessor_semantics.py::test_rpc_reads_a_string_carrying_store_path_context ok
SOAK     4.930 lane=6 START nanopynix/tests/rpc/client/test_eval_rpc.py::test_copy_closure_between_stores
SOAK     4.953 lane=3 START nanopynix/tests/rpc/client/test_eval_rpc.py::test_eval_force_does_not_consume
SOAK     5.018 lane=1 END   nanopynix/tests/rpc/client/test_eval_rpc.py::test_eval_auto_call_function_with_default_attrset_args ok
SOAK     5.018 lane=1 START nanopynix/tests/rpc/client/test_eval_rpc.py::test_eval_string
SOAK     5.054 lane=0 END   nanopynix/tests/rpc/client/test_eval_rpc.py::test_eval_file_directory_loads_default_nix ok
SOAK     5.054 lane=0 START nanopynix/tests/rpc/test_error_identity.py::test_an_absent_handle_arrives_as_key_error
SOAK     5.095 lane=2 END   nanopynix/tests/rpc/client/test_eval_rpc.py::test_eval_strict_accessor_and_apply ok
SOAK     5.097 lane=2 START nanopynix/tests/rpc/test_error_identity.py::test_a_setting_refusal_arrives_as_setting_not_live_error
SOAK     5.123 lane=5 END   nanopynix/tests/rpc/client/test_eval_rpc.py::test_eval_list ok
SOAK     5.123 lane=5 START nanopynix/tests/test_store_metadata_fidelity.py::test_rpc_read_derivation_keeps_nested_input_drvs
SOAK     5.163 lane=4 END   nanopynix/tests/test_store_metadata_fidelity.py::test_rpc_read_derivation_keeps_structured_attrs ok
SOAK     5.164 lane=4 START nanopynix/tests/rpc/client/test_eval_rpc.py::test_repl_session_open_is_idempotent
SOAK     6.366 lane=1 END   nanopynix/tests/rpc/client/test_eval_rpc.py::test_eval_string ok
SOAK     6.366 lane=1 START nanopynix/tests/rpc/client/test_eval_rpc.py::test_eval_has_attr
SOAK     6.547 lane=3 END   nanopynix/tests/rpc/client/test_eval_rpc.py::test_eval_force_does_not_consume ok
SOAK     6.547 lane=3 START nanopynix/tests/rpc/test_error_identity.py::test_a_handle_of_the_wrong_kind_arrives_as_type_error
SOAK     6.586 lane=0 END   nanopynix/tests/rpc/test_error_identity.py::test_an_absent_handle_arrives_as_key_error ok
SOAK     6.586 lane=0 START nanopynix/tests/rpc/client/test_eval_rpc.py::test_eval_call_function_with_value_proxy_arg
SOAK     6.651 lane=2 END   nanopynix/tests/rpc/test_error_identity.py::test_a_setting_refusal_arrives_as_setting_not_live_error ok
SOAK     6.651 lane=2 START nanopynix/tests/rpc/client/test_eval_rpc.py::test_repl_session_edit_location_uses_function_source
SOAK     6.668 lane=6 END   nanopynix/tests/rpc/client/test_eval_rpc.py::test_copy_closure_between_stores ok
SOAK     6.668 lane=6 START nanopynix/tests/rpc/client/test_eval_rpc.py::test_eval_call_non_function_raises
SOAK     6.716 lane=5 END   nanopynix/tests/test_store_metadata_fidelity.py::test_rpc_read_derivation_keeps_nested_input_drvs ok
SOAK     6.718 lane=5 START nanopynix/tests/rpc/test_error_identity.py::test_a_negative_index_past_the_start_arrives_as_index_error
SOAK     6.745 lane=4 END   nanopynix/tests/rpc/client/test_eval_rpc.py::test_repl_session_open_is_idempotent ok
SOAK     6.747 lane=4 START nanopynix/tests/rpc/client/test_eval_rpc.py::test_repl_session_scope_names_include_bindings_and_base_scope
SOAK     6.883 lane=7 END   nanopynix/tests/test_repl_scope_capacity.py::test_rpc_refuses_one_binding_past_the_end ok
SOAK     6.885 lane=7 START nanopynix/tests/rpc/client/test_eval_rpc.py::test_eval_reused_function_can_call_separately_evaluated_value
SOAK     7.535 lane=1 END   nanopynix/tests/rpc/client/test_eval_rpc.py::test_eval_has_attr ok
SOAK     7.535 lane=1 START nanopynix/tests/test_repl_scope_capacity.py::test_rpc_fills_the_repl_scope_exactly_to_the_end
SOAK     7.964 lane=3 END   nanopynix/tests/rpc/test_error_identity.py::test_a_handle_of_the_wrong_kind_arrives_as_type_error ok
SOAK     8.090 lane=5 END   nanopynix/tests/rpc/test_error_identity.py::test_a_negative_index_past_the_start_arrives_as_index_error ok
SOAK     8.304 lane=0 END   nanopynix/tests/rpc/client/test_eval_rpc.py::test_eval_call_function_with_value_proxy_arg ok
SOAK     8.304 lane=0 START nanopynix/tests/rpc/client/test_eval_rpc.py::test_eval_call_function
SOAK     8.314 lane=2 END   nanopynix/tests/rpc/client/test_eval_rpc.py::test_repl_session_edit_location_uses_function_source ok
SOAK     8.314 lane=2 START nanopynix/tests/rpc/client/test_eval_rpc.py::test_eval_callable_function_proxy
SOAK     8.324 lane=4 END   nanopynix/tests/rpc/client/test_eval_rpc.py::test_repl_session_scope_names_include_bindings_and_base_scope ok
SOAK     8.324 lane=6 END   nanopynix/tests/rpc/client/test_eval_rpc.py::test_eval_call_non_function_raises ok
SOAK     8.324 lane=7 END   nanopynix/tests/rpc/client/test_eval_rpc.py::test_eval_reused_function_can_call_separately_evaluated_value ok
SOAK     9.371 lane=1 END   nanopynix/tests/test_repl_scope_capacity.py::test_rpc_fills_the_repl_scope_exactly_to_the_end ok
SOAK     9.481 lane=0 END   nanopynix/tests/rpc/client/test_eval_rpc.py::test_eval_call_function ok
SOAK     9.500 lane=2 END   nanopynix/tests/rpc/client/test_eval_rpc.py::test_eval_callable_function_proxy ok
SOAK END ok=43 fail=0
PASSED
nanopynix/tests/test_concurrent_soak.py::test_soak_inproc[daemon] SOAK BEGIN seed=1 lanes=8 tests=77 roster=sha256:f79eb9dbfc68391d
SOAK     0.001 lane=2 START nanopynix/tests/bindings/test_value_accessor_types.py::test_an_int_read_as_a_string_names_both_types
SOAK     0.001 lane=3 START nanopynix/tests/inproc/test_inproc.py::test_inproc_selection_on_a_released_value_raises_at_selection
SOAK     0.002 lane=5 START nanopynix/tests/test_scalar_accessor_semantics.py::test_apply_accepts_an_already_evaluated_function
SOAK     0.002 lane=6 START nanopynix/tests/inproc/test_inproc.py::test_inproc_value_build_raises_on_build_failure
SOAK     0.027 lane=0 START nanopynix/tests/test_store_dump_db.py::test_the_records_follow_the_order_of_the_argument
SOAK     0.027 lane=1 START nanopynix/tests/inproc/test_inproc.py::test_inproc_locked_flake_facade
SOAK     0.032 lane=4 START nanopynix/tests/inproc/test_inproc.py::test_inproc_locked_flake_release_is_idempotent
SOAK     0.037 lane=7 START nanopynix/tests/inproc/test_inproc.py::test_inproc_eval_flake
SOAK     0.081 lane=3 END   nanopynix/tests/inproc/test_inproc.py::test_inproc_selection_on_a_released_value_raises_at_selection ok
SOAK     0.081 lane=2 END   nanopynix/tests/bindings/test_value_accessor_types.py::test_an_int_read_as_a_string_names_both_types ok
SOAK     0.084 lane=2 START nanopynix/tests/test_stores.py::test_a_store_root_that_came_back_is_not_the_old_store
SOAK     0.087 lane=3 START nanopynix/tests/inproc/test_inproc.py::test_inproc_copy_closure_copies_between_two_stores_in_one_session
SOAK     0.100 lane=5 END   nanopynix/tests/test_scalar_accessor_semantics.py::test_apply_accepts_an_already_evaluated_function ok
SOAK     0.100 lane=5 START nanopynix/tests/inproc/test_inproc.py::test_inproc_store_collect_garbage_return_dead
SOAK     0.223 lane=4 END   nanopynix/tests/inproc/test_inproc.py::test_inproc_locked_flake_release_is_idempotent ok
SOAK     0.225 lane=4 START nanopynix/tests/inproc/test_inproc.py::test_inproc_repl_load_file_and_add_attrs
SOAK     0.230 lane=7 END   nanopynix/tests/inproc/test_inproc.py::test_inproc_eval_flake ok
SOAK     0.231 lane=7 START nanopynix/tests/inproc/test_inproc_cancel.py::test_a_cancelled_interruptible_operation_frees_the_evaluator
SOAK     0.409 lane=0 END   nanopynix/tests/test_store_dump_db.py::test_the_records_follow_the_order_of_the_argument ok
SOAK     0.409 lane=0 START nanopynix/tests/inproc/test_inproc.py::test_inproc_value_build_rejects_store_from_different_session
SOAK     0.410 lane=6 END   nanopynix/tests/inproc/test_inproc.py::test_inproc_value_build_raises_on_build_failure ok
SOAK     0.415 lane=6 START nanopynix/tests/inproc/test_inproc.py::test_collect_garbage_rejects_an_unsupported_action
SOAK     0.480 lane=2 END   nanopynix/tests/test_stores.py::test_a_store_root_that_came_back_is_not_the_old_store ok
SOAK     0.481 lane=6 END   nanopynix/tests/inproc/test_inproc.py::test_collect_garbage_rejects_an_unsupported_action ok
SOAK     0.484 lane=6 START nanopynix/tests/inproc/test_inproc.py::test_inproc_allows_concurrent_eval_states_on_one_store
SOAK     0.493 lane=2 START nanopynix/tests/inproc/test_inproc.py::test_inproc_eval_file
SOAK     0.508 lane=0 END   nanopynix/tests/inproc/test_inproc.py::test_inproc_value_build_rejects_store_from_different_session ok
SOAK     0.509 lane=0 START nanopynix/tests/test_store_engine_parity_semantics.py::test_a_bare_drv_round_trips_through_its_own_reply
SOAK     0.546 lane=4 END   nanopynix/tests/inproc/test_inproc.py::test_inproc_repl_load_file_and_add_attrs ok
SOAK     0.546 lane=4 START nanopynix/tests/inproc/test_inproc.py::test_inproc_value_attr_names
SOAK     0.548 lane=3 END   nanopynix/tests/inproc/test_inproc.py::test_inproc_copy_closure_copies_between_two_stores_in_one_session ok
SOAK     0.551 lane=3 START nanopynix/tests/inproc/test_inproc.py::test_inproc_repl_requires_open_repl
SOAK     0.569 lane=3 END   nanopynix/tests/inproc/test_inproc.py::test_inproc_repl_requires_open_repl ok
SOAK     0.572 lane=3 START nanopynix/tests/inproc/test_inproc.py::test_inproc_value_edit_location
SOAK     0.573 lane=2 END   nanopynix/tests/inproc/test_inproc.py::test_inproc_eval_file ok
SOAK     0.576 lane=2 START nanopynix/tests/inproc/test_inproc.py::test_inproc_value_rejects_use_from_different_eval_session
SOAK     0.606 lane=1 END   nanopynix/tests/inproc/test_inproc.py::test_inproc_locked_flake_facade ok
SOAK     0.611 lane=1 START nanopynix/tests/test_stores.py::test_two_handles_on_one_local_store_share_the_temp_roots_file
SOAK     0.612 lane=6 END   nanopynix/tests/inproc/test_inproc.py::test_inproc_allows_concurrent_eval_states_on_one_store ok
SOAK     0.612 lane=6 START nanopynix/tests/inproc/test_inproc.py::test_inproc_value_context_manager_releases_rooted_value
SOAK     0.618 lane=4 END   nanopynix/tests/inproc/test_inproc.py::test_inproc_value_attr_names ok
SOAK     0.618 lane=4 START nanopynix/tests/inproc/test_inproc.py::test_inproc_eval_close_releases_values_left_open
SOAK     0.639 lane=2 END   nanopynix/tests/inproc/test_inproc.py::test_inproc_value_rejects_use_from_different_eval_session ok
SOAK     0.654 lane=2 START nanopynix/tests/primops/test_sleep_primop.py::test_sleep_refuses_a_negative_duration
SOAK     0.654 lane=3 END   nanopynix/tests/inproc/test_inproc.py::test_inproc_value_edit_location ok
SOAK     0.654 lane=3 START nanopynix/tests/inproc/test_inproc.py::test_inproc_store_open_is_idempotent
SOAK     0.666 lane=0 END   nanopynix/tests/test_store_engine_parity_semantics.py::test_a_bare_drv_round_trips_through_its_own_reply ok
SOAK     0.666 lane=0 START nanopynix/tests/test_repl_scope_capacity.py::test_inproc_fills_the_repl_scope_exactly_to_the_end
SOAK     0.666 lane=3 END   nanopynix/tests/inproc/test_inproc.py::test_inproc_store_open_is_idempotent ok
SOAK     0.674 lane=3 START nanopynix/tests/test_flake_lock_graph.py::test_metadata_json_carries_the_whole_graph
SOAK     0.798 lane=4 END   nanopynix/tests/inproc/test_inproc.py::test_inproc_eval_close_releases_values_left_open ok
SOAK     0.798 lane=2 END   nanopynix/tests/primops/test_sleep_primop.py::test_sleep_refuses_a_negative_duration ok
SOAK     0.805 lane=2 START nanopynix/tests/inproc/test_inproc.py::test_inproc_repl_supports_shared_protocol_operations
SOAK     0.822 lane=6 END   nanopynix/tests/inproc/test_inproc.py::test_inproc_value_context_manager_releases_rooted_value ok
SOAK     0.831 lane=6 START nanopynix/tests/inproc/test_inproc.py::test_inproc_store_query_missing
SOAK     0.832 lane=4 START nanopynix/tests/test_flake_lock_graph.py::test_find_input_returns_a_locked_ref_with_a_rev
SOAK     0.913 lane=2 END   nanopynix/tests/inproc/test_inproc.py::test_inproc_repl_supports_shared_protocol_operations ok
SOAK     0.913 lane=2 START nanopynix/tests/inproc/test_inproc.py::test_inproc_concurrent_eval_sessions_have_independent_pure_eval
SOAK     0.982 lane=2 END   nanopynix/tests/inproc/test_inproc.py::test_inproc_concurrent_eval_sessions_have_independent_pure_eval ok
SOAK     0.983 lane=2 START nanopynix/tests/bindings/test_store_empty_path.py::test_the_guard_lives_in_cpp_not_in_the_python_wrapper
SOAK     0.983 lane=3 END   nanopynix/tests/test_flake_lock_graph.py::test_metadata_json_carries_the_whole_graph ok
SOAK     0.983 lane=3 START nanopynix/tests/inproc/test_inproc.py::test_inproc_value_auto_call
SOAK     0.995 lane=2 END   nanopynix/tests/bindings/test_store_empty_path.py::test_the_guard_lives_in_cpp_not_in_the_python_wrapper ok
SOAK     0.995 lane=2 START nanopynix/tests/inproc/test_inproc.py::test_inproc_eval_open_and_close_are_idempotent
SOAK     0.996 lane=6 END   nanopynix/tests/inproc/test_inproc.py::test_inproc_store_query_missing ok
SOAK     0.996 lane=6 START nanopynix/tests/inproc/test_inproc.py::test_inproc_value_scalar_conversions
SOAK     1.047 lane=3 END   nanopynix/tests/inproc/test_inproc.py::test_inproc_value_auto_call ok
SOAK     1.047 lane=3 START nanopynix/tests/test_store_metadata_fidelity.py::test_inproc_build_reports_the_path_it_produced
SOAK     1.061 lane=2 END   nanopynix/tests/inproc/test_inproc.py::test_inproc_eval_open_and_close_are_idempotent ok
SOAK     1.069 lane=4 END   nanopynix/tests/test_flake_lock_graph.py::test_find_input_returns_a_locked_ref_with_a_rev ok
SOAK     1.069 lane=4 START nanopynix/tests/inproc/test_inproc.py::test_inproc_store_read_derivation
SOAK     1.069 lane=2 START nanopynix/tests/inproc/test_inproc.py::test_inproc_eval_close_releases_leftover_locked_flakes
SOAK     1.078 lane=5 END   nanopynix/tests/inproc/test_inproc.py::test_inproc_store_collect_garbage_return_dead ok
SOAK     1.078 lane=5 START nanopynix/tests/inproc/test_inproc.py::test_inproc_store_not_open_raises
SOAK     1.079 lane=5 END   nanopynix/tests/inproc/test_inproc.py::test_inproc_store_not_open_raises ok
SOAK     1.079 lane=5 START nanopynix/tests/inproc/test_inproc.py::test_inproc_store_uri_and_store_dir
SOAK     1.105 lane=5 END   nanopynix/tests/inproc/test_inproc.py::test_inproc_store_uri_and_store_dir ok
SOAK     1.106 lane=5 START nanopynix/tests/primops/test_sleep_primop.py::test_sleep_is_a_builtin_and_not_a_global
SOAK     1.118 lane=6 END   nanopynix/tests/inproc/test_inproc.py::test_inproc_value_scalar_conversions ok
SOAK     1.118 lane=6 START nanopynix/tests/inproc/test_inproc.py::test_inproc_value_release_is_idempotent
SOAK     1.165 lane=2 END   nanopynix/tests/inproc/test_inproc.py::test_inproc_eval_close_releases_leftover_locked_flakes ok
SOAK     1.173 lane=6 END   nanopynix/tests/inproc/test_inproc.py::test_inproc_value_release_is_idempotent ok
SOAK     1.173 lane=6 START nanopynix/tests/inproc/test_inproc.py::test_inproc_session_subscribe_receives_log_events
SOAK     1.175 lane=5 END   nanopynix/tests/primops/test_sleep_primop.py::test_sleep_is_a_builtin_and_not_a_global ok
SOAK     1.175 lane=5 START nanopynix/tests/inproc/test_inproc.py::test_inproc_value_call_accepts_value_argument
SOAK     1.176 lane=4 END   nanopynix/tests/inproc/test_inproc.py::test_inproc_store_read_derivation ok
SOAK     1.176 lane=4 START nanopynix/tests/inproc/test_inproc.py::test_inproc_eval_rejects_store_from_different_session
SOAK     1.193 lane=4 END   nanopynix/tests/inproc/test_inproc.py::test_inproc_eval_rejects_store_from_different_session ok
SOAK     1.195 lane=4 START nanopynix/tests/test_store_engine_parity_semantics.py::test_the_selector_actually_reaches_nix
SOAK     1.211 lane=5 END   nanopynix/tests/inproc/test_inproc.py::test_inproc_value_call_accepts_value_argument ok
SOAK     1.211 lane=5 START nanopynix/tests/inproc/test_inproc_cancel.py::test_an_operation_that_runs_a_nix_thread_pool_still_completes
SOAK     1.227 lane=6 END   nanopynix/tests/inproc/test_inproc.py::test_inproc_session_subscribe_receives_log_events ok
SOAK     1.233 lane=6 START nanopynix/tests/test_flake_lock_graph.py::test_find_input_returns_none_for_a_name_that_is_not_an_input
SOAK     1.337 lane=4 END   nanopynix/tests/test_store_engine_parity_semantics.py::test_the_selector_actually_reaches_nix ok
SOAK     1.337 lane=4 START nanopynix/tests/inproc/test_inproc.py::test_inproc_value_to_python
SOAK     1.375 lane=4 END   nanopynix/tests/inproc/test_inproc.py::test_inproc_value_to_python ok
SOAK     1.377 lane=4 START nanopynix/tests/inproc/test_inproc.py::test_inproc_lock_flake_update_inputs_variants
SOAK     1.430 lane=1 END   nanopynix/tests/test_stores.py::test_two_handles_on_one_local_store_share_the_temp_roots_file ok
SOAK     1.432 lane=1 START nanopynix/tests/inproc/test_inproc.py::test_inproc_eval_value_navigation
SOAK     1.473 lane=1 END   nanopynix/tests/inproc/test_inproc.py::test_inproc_eval_value_navigation ok
SOAK     1.474 lane=1 START nanopynix/tests/test_flake_lock_graph.py::test_find_input_resolves_a_follows_edge
SOAK     1.543 lane=3 END   nanopynix/tests/test_store_metadata_fidelity.py::test_inproc_build_reports_the_path_it_produced ok
SOAK     1.543 lane=3 START nanopynix/tests/inproc/test_inproc.py::test_inproc_session_subscribe_receives_a_request_finalized_event
SOAK     1.549 lane=3 END   nanopynix/tests/inproc/test_inproc.py::test_inproc_session_subscribe_receives_a_request_finalized_event ok
SOAK     1.549 lane=3 START nanopynix/tests/test_store_metadata_fidelity.py::test_inproc_read_derivation_keeps_nested_input_drvs
SOAK     1.558 lane=6 END   nanopynix/tests/test_flake_lock_graph.py::test_find_input_returns_none_for_a_name_that_is_not_an_input ok
SOAK     1.571 lane=4 END   nanopynix/tests/inproc/test_inproc.py::test_inproc_lock_flake_update_inputs_variants ok
SOAK     1.623 lane=3 END   nanopynix/tests/test_store_metadata_fidelity.py::test_inproc_read_derivation_keeps_nested_input_drvs ok
SOAK     1.755 lane=1 END   nanopynix/tests/test_flake_lock_graph.py::test_find_input_resolves_a_follows_edge ok
SOAK     1.755 lane=1 START nanopynix/tests/inproc/test_inproc.py::test_inproc_repl_open_is_idempotent
SOAK     1.829 lane=1 END   nanopynix/tests/inproc/test_inproc.py::test_inproc_repl_open_is_idempotent ok
SOAK     1.831 lane=1 START nanopynix/tests/inproc/test_inproc.py::test_inproc_eval_open_requires_open_store
SOAK     1.832 lane=1 END   nanopynix/tests/inproc/test_inproc.py::test_inproc_eval_open_requires_open_store ok
SOAK     1.833 lane=1 START nanopynix/tests/inproc/test_inproc.py::test_inproc_optimise_and_verify_a_private_store
SOAK     1.889 lane=0 END   nanopynix/tests/test_repl_scope_capacity.py::test_inproc_fills_the_repl_scope_exactly_to_the_end ok
SOAK     1.889 lane=0 START nanopynix/tests/test_store_metadata_fidelity.py::test_an_opaque_request_builds_nothing_and_says_so
SOAK     1.938 lane=1 END   nanopynix/tests/inproc/test_inproc.py::test_inproc_optimise_and_verify_a_private_store ok
SOAK     1.939 lane=1 START nanopynix/tests/inproc/test_inproc.py::test_inproc_value_rejects_use_after_eval_close
SOAK     1.959 lane=1 END   nanopynix/tests/inproc/test_inproc.py::test_inproc_value_rejects_use_after_eval_close ok
SOAK     1.959 lane=1 START nanopynix/tests/test_scalar_accessor_semantics.py::test_deep_conversion_of_a_derivation_terminates
SOAK     1.989 lane=0 END   nanopynix/tests/test_store_metadata_fidelity.py::test_an_opaque_request_builds_nothing_and_says_so ok
SOAK     1.989 lane=0 START nanopynix/tests/test_scalar_accessor_semantics.py::test_max_call_depth_is_a_nix_error_with_error_info
SOAK     2.018 lane=1 END   nanopynix/tests/test_scalar_accessor_semantics.py::test_deep_conversion_of_a_derivation_terminates ok
SOAK     2.019 lane=1 START nanopynix/tests/inproc/test_inproc.py::test_inproc_store_query_derivation_outputs_and_valid_derivers
SOAK     2.060 lane=0 END   nanopynix/tests/test_scalar_accessor_semantics.py::test_max_call_depth_is_a_nix_error_with_error_info ok
SOAK     2.060 lane=0 START nanopynix/tests/bindings/test_value_accessor_types.py::test_accessors_force_a_thunk_first
SOAK     2.081 lane=0 END   nanopynix/tests/bindings/test_value_accessor_types.py::test_accessors_force_a_thunk_first ok
SOAK     2.081 lane=0 START nanopynix/tests/inproc/test_inproc.py::test_inproc_store_cannot_close_while_its_eval_state_is_open
SOAK     2.103 lane=1 END   nanopynix/tests/inproc/test_inproc.py::test_inproc_store_query_derivation_outputs_and_valid_derivers ok
SOAK     2.106 lane=0 END   nanopynix/tests/inproc/test_inproc.py::test_inproc_store_cannot_close_while_its_eval_state_is_open ok
SOAK     2.107 lane=0 START nanopynix/tests/inproc/test_inproc.py::test_a_value_the_caller_still_holds_survives_a_collection
SOAK     2.402 lane=0 END   nanopynix/tests/inproc/test_inproc.py::test_a_value_the_caller_still_holds_survives_a_collection ok
SOAK     2.402 lane=0 START nanopynix/tests/inproc/test_inproc.py::test_inproc_eval_state_can_be_closed_and_reopened
SOAK     2.419 lane=0 END   nanopynix/tests/inproc/test_inproc.py::test_inproc_eval_state_can_be_closed_and_reopened ok
SOAK     8.571 lane=7 END   nanopynix/tests/inproc/test_inproc_cancel.py::test_a_cancelled_interruptible_operation_frees_the_evaluator ok
SOAK     8.575 lane=7 START nanopynix/tests/test_scalar_accessor_semantics.py::test_inproc_reads_a_string_carrying_store_path_context
SOAK     8.832 lane=7 END   nanopynix/tests/test_scalar_accessor_semantics.py::test_inproc_reads_a_string_carrying_store_path_context ok
SOAK     8.832 lane=7 START nanopynix/tests/test_store_metadata_fidelity.py::test_inproc_read_derivation_keeps_structured_attrs
SOAK     8.968 lane=7 END   nanopynix/tests/test_store_metadata_fidelity.py::test_inproc_read_derivation_keeps_structured_attrs ok
SOAK     8.968 lane=7 START nanopynix/tests/primops/test_sleep_primop.py::test_sleep_waits_for_the_time_it_is_given
SOAK     9.394 lane=7 END   nanopynix/tests/primops/test_sleep_primop.py::test_sleep_waits_for_the_time_it_is_given ok
SOAK     9.410 lane=7 START nanopynix/tests/test_store_exec.py::test_inproc_a_program_in_a_relocated_store_runs_through_the_exec_prefix
SOAK     9.895 lane=5 END   nanopynix/tests/inproc/test_inproc_cancel.py::test_an_operation_that_runs_a_nix_thread_pool_still_completes ok
SOAK     9.896 lane=5 START nanopynix/tests/inproc/test_inproc.py::test_inproc_value_autocall_and_realise_argv
SOAK     9.943 lane=5 END   nanopynix/tests/inproc/test_inproc.py::test_inproc_value_autocall_and_realise_argv ok
SOAK     9.943 lane=5 START nanopynix/tests/test_repl_scope_capacity.py::test_inproc_refuses_one_binding_past_the_end
SOAK    10.282 lane=5 END   nanopynix/tests/test_repl_scope_capacity.py::test_inproc_refuses_one_binding_past_the_end ok
SOAK    10.516 lane=7 END   nanopynix/tests/test_store_exec.py::test_inproc_a_program_in_a_relocated_store_runs_through_the_exec_prefix ok
SOAK    10.525 lane=7 START nanopynix/tests/test_stores.py::test_two_store_roots_get_a_local_store_each
SOAK    10.823 lane=7 END   nanopynix/tests/test_stores.py::test_two_store_roots_get_a_local_store_each ok
SOAK    10.824 lane=7 START nanopynix/tests/inproc/test_inproc.py::test_the_collector_owner_thread_outlives_the_session
SOAK    10.851 lane=7 END   nanopynix/tests/inproc/test_inproc.py::test_the_collector_owner_thread_outlives_the_session ok
SOAK    10.851 lane=7 START nanopynix/tests/test_scalar_accessor_semantics.py::test_deep_conversion_of_a_true_cycle_raises_instead_of_crashing
SOAK    12.825 lane=7 END   nanopynix/tests/test_scalar_accessor_semantics.py::test_deep_conversion_of_a_true_cycle_raises_instead_of_crashing ok
SOAK END ok=77 fail=0
PASSED
nanopynix/tests/test_concurrent_soak.py::test_soak_rpc[daemon] SOAK BEGIN seed=1 lanes=8 tests=43 roster=sha256:eef7d5aefd96e46b
SOAK     0.002 lane=4 START nanopynix/tests/test_store_metadata_fidelity.py::test_rpc_build_reports_the_path_it_produced
SOAK     0.019 lane=6 START nanopynix/tests/rpc/client/test_eval_rpc.py::test_eval_call_function_with_nested_value_proxy_arg
SOAK     0.055 lane=0 START nanopynix/tests/rpc/client/test_eval_rpc.py::test_repl_session_load_file_autocalls_top_level_function
SOAK     0.071 lane=1 START nanopynix/tests/rpc/client/test_eval_rpc.py::test_eval_attr_navigation
SOAK     0.101 lane=3 START nanopynix/tests/rpc/client/test_eval_rpc.py::test_eval_attr_names
SOAK     0.149 lane=5 START nanopynix/tests/rpc/client/test_eval_rpc.py::test_repl_session_persists_bindings
SOAK     0.181 lane=2 START nanopynix/tests/rpc/client/test_eval_rpc.py::test_eval_file_simple
SOAK     0.269 lane=7 START nanopynix/tests/rpc/client/test_eval_rpc.py::test_eval_concurrent_sessions
SOAK     2.154 lane=6 END   nanopynix/tests/rpc/client/test_eval_rpc.py::test_eval_call_function_with_nested_value_proxy_arg ok
SOAK     2.155 lane=6 START nanopynix/tests/rpc/client/test_eval_rpc.py::test_eval_nested_navigation
SOAK     2.176 lane=2 END   nanopynix/tests/rpc/client/test_eval_rpc.py::test_eval_file_simple ok
SOAK     2.176 lane=2 START nanopynix/tests/rpc/client/test_eval_rpc.py::test_to_python_refuses_a_tree_containing_a_function
SOAK     2.200 lane=3 END   nanopynix/tests/rpc/client/test_eval_rpc.py::test_eval_attr_names ok
SOAK     2.211 lane=7 END   nanopynix/tests/rpc/client/test_eval_rpc.py::test_eval_concurrent_sessions ok
SOAK     2.213 lane=7 START nanopynix/tests/rpc/client/test_eval_rpc.py::test_repl_session_adds_attrs_to_scope
SOAK     2.239 lane=3 START nanopynix/tests/rpc/client/test_eval_rpc.py::test_eval_thunk
SOAK     2.264 lane=1 END   nanopynix/tests/rpc/client/test_eval_rpc.py::test_eval_attr_navigation ok
SOAK     2.264 lane=1 START nanopynix/tests/rpc/test_error_identity.py::test_a_nix_error_still_refines_past_the_class_the_worker_named
SOAK     2.299 lane=5 END   nanopynix/tests/rpc/client/test_eval_rpc.py::test_repl_session_persists_bindings ok
SOAK     2.299 lane=5 START nanopynix/tests/rpc/client/test_eval_rpc.py::test_force_closing_store_closes_dependent_eval_state
SOAK     2.330 lane=0 END   nanopynix/tests/rpc/client/test_eval_rpc.py::test_repl_session_load_file_autocalls_top_level_function ok
SOAK     2.330 lane=4 END   nanopynix/tests/test_store_metadata_fidelity.py::test_rpc_build_reports_the_path_it_produced ok
SOAK     2.392 lane=0 START nanopynix/tests/rpc/client/test_eval_rpc.py::test_eval_session_cleanup
SOAK     2.424 lane=4 START nanopynix/tests/test_store_exec.py::test_rpc_a_program_in_a_relocated_store_runs_through_the_exec_prefix
SOAK     3.746 lane=1 END   nanopynix/tests/rpc/test_error_identity.py::test_a_nix_error_still_refines_past_the_class_the_worker_named ok
SOAK     3.746 lane=1 START nanopynix/tests/rpc/client/test_eval_rpc.py::test_eval_auto_call_function_with_default_attrset_args
SOAK     3.758 lane=6 END   nanopynix/tests/rpc/client/test_eval_rpc.py::test_eval_nested_navigation ok
SOAK     3.760 lane=6 START nanopynix/tests/rpc/client/test_eval_rpc.py::test_forced_attrs_borrow_the_parent_value_handle
SOAK     3.788 lane=5 END   nanopynix/tests/rpc/client/test_eval_rpc.py::test_force_closing_store_closes_dependent_eval_state ok
SOAK     3.795 lane=5 START nanopynix/tests/rpc/client/test_eval_rpc.py::test_eval_list
SOAK     3.841 lane=3 END   nanopynix/tests/rpc/client/test_eval_rpc.py::test_eval_thunk ok
SOAK     3.842 lane=3 START nanopynix/tests/test_scalar_accessor_semantics.py::test_rpc_reads_a_string_carrying_store_path_context
SOAK     3.861 lane=7 END   nanopynix/tests/rpc/client/test_eval_rpc.py::test_repl_session_adds_attrs_to_scope ok
SOAK     3.861 lane=7 START nanopynix/tests/rpc/test_error_identity.py::test_an_unsupported_scalar_type_arrives_as_value_error
SOAK     3.895 lane=2 END   nanopynix/tests/rpc/client/test_eval_rpc.py::test_to_python_refuses_a_tree_containing_a_function ok
SOAK     3.895 lane=2 START nanopynix/tests/rpc/client/test_eval_rpc.py::test_eval_strict_accessor_and_apply
SOAK     3.919 lane=0 END   nanopynix/tests/rpc/client/test_eval_rpc.py::test_eval_session_cleanup ok
SOAK     3.970 lane=0 START nanopynix/tests/rpc/client/test_eval_rpc.py::test_eval_file_directory_loads_default_nix
SOAK     4.498 lane=4 END   nanopynix/tests/test_store_exec.py::test_rpc_a_program_in_a_relocated_store_runs_through_the_exec_prefix ok
SOAK     4.498 lane=4 START nanopynix/tests/test_store_metadata_fidelity.py::test_rpc_read_derivation_keeps_structured_attrs
SOAK     5.178 lane=6 END   nanopynix/tests/rpc/client/test_eval_rpc.py::test_forced_attrs_borrow_the_parent_value_handle ok
SOAK     5.179 lane=6 START nanopynix/tests/rpc/client/test_eval_rpc.py::test_copy_closure_between_stores
SOAK     5.255 lane=1 END   nanopynix/tests/rpc/client/test_eval_rpc.py::test_eval_auto_call_function_with_default_attrset_args ok
SOAK     5.255 lane=1 START nanopynix/tests/rpc/client/test_eval_rpc.py::test_eval_string
SOAK     5.294 lane=3 END   nanopynix/tests/test_scalar_accessor_semantics.py::test_rpc_reads_a_string_carrying_store_path_context ok
SOAK     5.295 lane=0 END   nanopynix/tests/rpc/client/test_eval_rpc.py::test_eval_file_directory_loads_default_nix ok
SOAK     5.295 lane=0 START nanopynix/tests/rpc/test_error_identity.py::test_an_absent_handle_arrives_as_key_error
SOAK     5.310 lane=7 END   nanopynix/tests/rpc/test_error_identity.py::test_an_unsupported_scalar_type_arrives_as_value_error ok
SOAK     5.310 lane=7 START nanopynix/tests/test_repl_scope_capacity.py::test_rpc_refuses_one_binding_past_the_end
SOAK     5.332 lane=5 END   nanopynix/tests/rpc/client/test_eval_rpc.py::test_eval_list ok
SOAK     5.332 lane=5 START nanopynix/tests/test_store_metadata_fidelity.py::test_rpc_read_derivation_keeps_nested_input_drvs
SOAK     5.353 lane=2 END   nanopynix/tests/rpc/client/test_eval_rpc.py::test_eval_strict_accessor_and_apply ok
SOAK     5.354 lane=2 START nanopynix/tests/rpc/test_error_identity.py::test_a_setting_refusal_arrives_as_setting_not_live_error
SOAK     5.395 lane=3 START nanopynix/tests/rpc/client/test_eval_rpc.py::test_eval_force_does_not_consume
SOAK     5.682 lane=4 END   nanopynix/tests/test_store_metadata_fidelity.py::test_rpc_read_derivation_keeps_structured_attrs ok
SOAK     5.682 lane=4 START nanopynix/tests/rpc/client/test_eval_rpc.py::test_repl_session_open_is_idempotent
SOAK     6.620 lane=0 END   nanopynix/tests/rpc/test_error_identity.py::test_an_absent_handle_arrives_as_key_error ok
SOAK     6.620 lane=0 START nanopynix/tests/rpc/client/test_eval_rpc.py::test_eval_call_function_with_value_proxy_arg
SOAK     6.689 lane=1 END   nanopynix/tests/rpc/client/test_eval_rpc.py::test_eval_string ok
SOAK     6.690 lane=1 START nanopynix/tests/rpc/client/test_eval_rpc.py::test_eval_has_attr
SOAK     6.756 lane=6 END   nanopynix/tests/rpc/client/test_eval_rpc.py::test_copy_closure_between_stores ok
SOAK     6.757 lane=6 START nanopynix/tests/rpc/client/test_eval_rpc.py::test_eval_call_non_function_raises
SOAK     6.822 lane=5 END   nanopynix/tests/test_store_metadata_fidelity.py::test_rpc_read_derivation_keeps_nested_input_drvs ok
SOAK     6.822 lane=5 START nanopynix/tests/rpc/test_error_identity.py::test_a_negative_index_past_the_start_arrives_as_index_error
SOAK     6.841 lane=2 END   nanopynix/tests/rpc/test_error_identity.py::test_a_setting_refusal_arrives_as_setting_not_live_error ok
SOAK     6.841 lane=3 END   nanopynix/tests/rpc/client/test_eval_rpc.py::test_eval_force_does_not_consume ok
SOAK     6.841 lane=3 START nanopynix/tests/rpc/test_error_identity.py::test_a_handle_of_the_wrong_kind_arrives_as_type_error
SOAK     6.860 lane=2 START nanopynix/tests/rpc/client/test_eval_rpc.py::test_repl_session_edit_location_uses_function_source
SOAK     6.932 lane=4 END   nanopynix/tests/rpc/client/test_eval_rpc.py::test_repl_session_open_is_idempotent ok
SOAK     6.932 lane=4 START nanopynix/tests/rpc/client/test_eval_rpc.py::test_repl_session_scope_names_include_bindings_and_base_scope
SOAK     7.040 lane=7 END   nanopynix/tests/test_repl_scope_capacity.py::test_rpc_refuses_one_binding_past_the_end ok
SOAK     7.041 lane=7 START nanopynix/tests/rpc/client/test_eval_rpc.py::test_eval_reused_function_can_call_separately_evaluated_value
SOAK     7.800 lane=0 END   nanopynix/tests/rpc/client/test_eval_rpc.py::test_eval_call_function_with_value_proxy_arg ok
SOAK     7.801 lane=0 START nanopynix/tests/rpc/client/test_eval_rpc.py::test_eval_call_function
SOAK     7.991 lane=1 END   nanopynix/tests/rpc/client/test_eval_rpc.py::test_eval_has_attr ok
SOAK     7.991 lane=1 START nanopynix/tests/test_repl_scope_capacity.py::test_rpc_fills_the_repl_scope_exactly_to_the_end
SOAK     8.102 lane=6 END   nanopynix/tests/rpc/client/test_eval_rpc.py::test_eval_call_non_function_raises ok
SOAK     8.118 lane=3 END   nanopynix/tests/rpc/test_error_identity.py::test_a_handle_of_the_wrong_kind_arrives_as_type_error ok
SOAK     8.142 lane=5 END   nanopynix/tests/rpc/test_error_identity.py::test_a_negative_index_past_the_start_arrives_as_index_error ok
SOAK     8.172 lane=4 END   nanopynix/tests/rpc/client/test_eval_rpc.py::test_repl_session_scope_names_include_bindings_and_base_scope ok
SOAK     8.175 lane=2 END   nanopynix/tests/rpc/client/test_eval_rpc.py::test_repl_session_edit_location_uses_function_source ok
SOAK     8.175 lane=2 START nanopynix/tests/rpc/client/test_eval_rpc.py::test_eval_callable_function_proxy
SOAK     8.241 lane=7 END   nanopynix/tests/rpc/client/test_eval_rpc.py::test_eval_reused_function_can_call_separately_evaluated_value ok
SOAK     8.951 lane=0 END   nanopynix/tests/rpc/client/test_eval_rpc.py::test_eval_call_function ok
SOAK     9.322 lane=2 END   nanopynix/tests/rpc/client/test_eval_rpc.py::test_eval_callable_function_proxy ok
SOAK     9.813 lane=1 END   nanopynix/tests/test_repl_scope_capacity.py::test_rpc_fills_the_repl_scope_exactly_to_the_end ok
SOAK END ok=43 fail=0
PASSED

=============================== warnings summary ===============================
nanopynix-helpers/src/nanopynix_helpers/fod.py:28
  /nix/store/068zcmrz9dbz5w3kdja5bvbybfk1783n-nanopynix-source/nanopynix-helpers/src/nanopynix_helpers/fod.py:28: DeprecationWarning: int argument support is deprecated
    _NIX_LANGUAGE = Language(cast("int", tree_sitter_nix.language()))  # type: ignore[reportDeprecated, reportUnknownMemberType] -- tree-sitter-nix 0.3 exposes the legacy integer language pointer

pynix/src/pynix/_nix_syntax.py:24
  /nix/store/068zcmrz9dbz5w3kdja5bvbybfk1783n-nanopynix-source/pynix/src/pynix/_nix_syntax.py:24: DeprecationWarning: int argument support is deprecated
    NIX_LANGUAGE = Language(cast("int", tree_sitter_nix.language()))  # type: ignore[reportDeprecated, reportUnknownMemberType] -- tree-sitter-nix 0.3 exposes the legacy integer language pointer

../xdhampxgcaq13aah0q0lmq0zbdmx9yki-nanopynix-test-env/lib/python3.14/site-packages/_pytest/python.py:124
  /nix/store/xdhampxgcaq13aah0q0lmq0zbdmx9yki-nanopynix-test-env/lib/python3.14/site-packages/_pytest/python.py:124: PytestRemovedIn10Warning: Passing a non-Collection iterable to parametrize is deprecated.
  Test: tests/meta/test_ci_step_policy.py::test_a_run_body_is_one_line, argvalues type: generator
  Please convert to a list or tuple.
  See https://docs.pytest.org/en/stable/deprecations.html#parametrize-iterators
    metafunc.parametrize(*marker.args, **marker.kwargs, _param_mark=marker)

../xdhampxgcaq13aah0q0lmq0zbdmx9yki-nanopynix-test-env/lib/python3.14/site-packages/_pytest/python.py:124
  /nix/store/xdhampxgcaq13aah0q0lmq0zbdmx9yki-nanopynix-test-env/lib/python3.14/site-packages/_pytest/python.py:124: PytestRemovedIn10Warning: Passing a non-Collection iterable to parametrize is deprecated.
  Test: tests/meta/test_ci_step_policy.py::test_a_run_body_holds_no_workflow_expression, argvalues type: generator
  Please convert to a list or tuple.
  See https://docs.pytest.org/en/stable/deprecations.html#parametrize-iterators
    metafunc.parametrize(*marker.args, **marker.kwargs, _param_mark=marker)

-- Docs: https://docs.pytest.org/en/stable/how-to/capture-warnings.html
========== 4 passed, 3761 deselected, 4 warnings in 61.17s (0:01:01) ===========
=== TSAN run 1 exit status: 0 ===
=== TSAN run 2 ===
/nix/store/xdhampxgcaq13aah0q0lmq0zbdmx9yki-nanopynix-test-env/lib/python3.14/site-packages/hypothesis/_settings.py:1098: HypothesisWarning: The database setting is not configured, and the default location is unusable - falling back to an in-memory database for this session.  path=PosixPath('/nix/store/068zcmrz9dbz5w3kdja5bvbybfk1783n-nanopynix-source/.hypothesis/examples')
  value = getattr(self, name)
/nix/store/xdhampxgcaq13aah0q0lmq0zbdmx9yki-nanopynix-test-env/lib/python3.14/site-packages/hypothesis/_settings.py:1099: HypothesisWarning: The database setting is not configured, and the default location is unusable - falling back to an in-memory database for this session.  path=PosixPath('/nix/store/068zcmrz9dbz5w3kdja5bvbybfk1783n-nanopynix-source/.hypothesis/examples')
  if value != getattr(default, name):
============================= test session starts ==============================
platform linux -- Python 3.14.7, pytest-9.1.1, pluggy-1.6.0 -- /nix/store/xdhampxgcaq13aah0q0lmq0zbdmx9yki-nanopynix-test-env/bin/python3.14
hypothesis profile 'default' -> database=InMemoryExampleDatabase({})
rootdir: /nix/store/068zcmrz9dbz5w3kdja5bvbybfk1783n-nanopynix-source
configfile: pytest.ini
testpaths: tests, nanopynix/tests, nanopynix-helpers/tests, pynix/tests, pynix-lsp/tests
plugins: anyio-4.14.2, hypothesis-6.156.1, cov-7.1.0, dependency-0.6.1, forked-1.6.0, xdist-3.8.0, lsp-1.0.1, asyncio-1.4.0
asyncio: mode=Mode.STRICT, debug=False, asyncio_default_fixture_loop_scope=None, asyncio_default_test_loop_scope=function
collecting ... collected 3765 items / 3761 deselected / 4 selected

nanopynix/tests/test_concurrent_soak.py::test_soak_inproc[local] SOAK BEGIN seed=2 lanes=8 tests=77 roster=sha256:f79eb9dbfc68391d
SOAK     0.001 lane=0 START nanopynix/tests/bindings/test_store_empty_path.py::test_the_guard_lives_in_cpp_not_in_the_python_wrapper
SOAK     0.001 lane=1 START nanopynix/tests/inproc/test_inproc.py::test_a_value_the_caller_still_holds_survives_a_collection
SOAK     0.002 lane=2 START nanopynix/tests/test_store_engine_parity_semantics.py::test_the_selector_actually_reaches_nix
SOAK     0.003 lane=3 START nanopynix/tests/inproc/test_inproc.py::test_inproc_concurrent_eval_sessions_have_independent_pure_eval
SOAK     0.005 lane=4 START nanopynix/tests/test_repl_scope_capacity.py::test_inproc_fills_the_repl_scope_exactly_to_the_end
SOAK     0.005 lane=5 START nanopynix/tests/inproc/test_inproc.py::test_inproc_value_rejects_use_from_different_eval_session
SOAK     0.005 lane=6 START nanopynix/tests/test_store_metadata_fidelity.py::test_inproc_read_derivation_keeps_nested_input_drvs
SOAK     0.005 lane=7 START nanopynix/tests/inproc/test_inproc_cancel.py::test_an_operation_that_runs_a_nix_thread_pool_still_completes
SOAK     0.034 lane=0 END   nanopynix/tests/bindings/test_store_empty_path.py::test_the_guard_lives_in_cpp_not_in_the_python_wrapper ok
SOAK     0.040 lane=0 START nanopynix/tests/inproc/test_inproc.py::test_inproc_selection_on_a_released_value_raises_at_selection
SOAK     0.302 lane=5 END   nanopynix/tests/inproc/test_inproc.py::test_inproc_value_rejects_use_from_different_eval_session ok
SOAK     0.311 lane=5 START nanopynix/tests/inproc/test_inproc.py::test_inproc_locked_flake_release_is_idempotent
SOAK     0.324 lane=1 END   nanopynix/tests/inproc/test_inproc.py::test_a_value_the_caller_still_holds_survives_a_collection ok
SOAK     0.324 lane=1 START nanopynix/tests/test_scalar_accessor_semantics.py::test_apply_accepts_an_already_evaluated_function
SOAK     0.330 lane=6 END   nanopynix/tests/test_store_metadata_fidelity.py::test_inproc_read_derivation_keeps_nested_input_drvs ok
SOAK     0.330 lane=6 START nanopynix/tests/test_scalar_accessor_semantics.py::test_max_call_depth_is_a_nix_error_with_error_info
SOAK     0.357 lane=0 END   nanopynix/tests/inproc/test_inproc.py::test_inproc_selection_on_a_released_value_raises_at_selection ok
SOAK     0.381 lane=0 START nanopynix/tests/inproc/test_inproc.py::test_inproc_locked_flake_facade
SOAK     0.391 lane=3 END   nanopynix/tests/inproc/test_inproc.py::test_inproc_concurrent_eval_sessions_have_independent_pure_eval ok
SOAK     0.399 lane=2 END   nanopynix/tests/test_store_engine_parity_semantics.py::test_the_selector_actually_reaches_nix ok
SOAK     0.412 lane=2 START nanopynix/tests/inproc/test_inproc.py::test_inproc_eval_close_releases_values_left_open
SOAK     0.413 lane=3 START nanopynix/tests/test_flake_lock_graph.py::test_metadata_json_carries_the_whole_graph
SOAK     0.492 lane=6 END   nanopynix/tests/test_scalar_accessor_semantics.py::test_max_call_depth_is_a_nix_error_with_error_info ok
SOAK     0.494 lane=6 START nanopynix/tests/inproc/test_inproc.py::test_inproc_store_read_derivation
SOAK     0.503 lane=5 END   nanopynix/tests/inproc/test_inproc.py::test_inproc_locked_flake_release_is_idempotent ok
SOAK     0.504 lane=5 START nanopynix/tests/inproc/test_inproc.py::test_inproc_value_edit_location
SOAK     0.560 lane=1 END   nanopynix/tests/test_scalar_accessor_semantics.py::test_apply_accepts_an_already_evaluated_function ok
SOAK     0.560 lane=1 START nanopynix/tests/inproc/test_inproc.py::test_inproc_value_call_accepts_value_argument
SOAK     0.561 lane=2 END   nanopynix/tests/inproc/test_inproc.py::test_inproc_eval_close_releases_values_left_open ok
SOAK     0.561 lane=2 START nanopynix/tests/test_scalar_accessor_semantics.py::test_inproc_reads_a_string_carrying_store_path_context
SOAK     0.645 lane=4 END   nanopynix/tests/test_repl_scope_capacity.py::test_inproc_fills_the_repl_scope_exactly_to_the_end ok
SOAK     0.647 lane=4 START nanopynix/tests/inproc/test_inproc.py::test_inproc_eval_open_requires_open_store
SOAK     0.649 lane=4 END   nanopynix/tests/inproc/test_inproc.py::test_inproc_eval_open_requires_open_store ok
SOAK     0.649 lane=4 START nanopynix/tests/inproc/test_inproc.py::test_inproc_eval_value_navigation
SOAK     0.661 lane=5 END   nanopynix/tests/inproc/test_inproc.py::test_inproc_value_edit_location ok
SOAK     0.661 lane=5 START nanopynix/tests/primops/test_sleep_primop.py::test_sleep_is_a_builtin_and_not_a_global
SOAK     0.664 lane=6 END   nanopynix/tests/inproc/test_inproc.py::test_inproc_store_read_derivation ok
SOAK     0.664 lane=6 START nanopynix/tests/inproc/test_inproc.py::test_inproc_value_attr_names
SOAK     0.742 lane=1 END   nanopynix/tests/inproc/test_inproc.py::test_inproc_value_call_accepts_value_argument ok
SOAK     0.742 lane=1 START nanopynix/tests/inproc/test_inproc.py::test_inproc_eval_open_and_close_are_idempotent
SOAK     0.753 lane=2 END   nanopynix/tests/test_scalar_accessor_semantics.py::test_inproc_reads_a_string_carrying_store_path_context ok
SOAK     0.753 lane=2 START nanopynix/tests/primops/test_sleep_primop.py::test_sleep_refuses_a_negative_duration
SOAK     0.765 lane=6 END   nanopynix/tests/inproc/test_inproc.py::test_inproc_value_attr_names ok
SOAK     0.765 lane=6 START nanopynix/tests/test_scalar_accessor_semantics.py::test_deep_conversion_of_a_true_cycle_raises_instead_of_crashing
SOAK     0.766 lane=3 END   nanopynix/tests/test_flake_lock_graph.py::test_metadata_json_carries_the_whole_graph ok
SOAK     0.789 lane=5 END   nanopynix/tests/primops/test_sleep_primop.py::test_sleep_is_a_builtin_and_not_a_global ok
SOAK     0.799 lane=5 START nanopynix/tests/test_store_metadata_fidelity.py::test_inproc_build_reports_the_path_it_produced
SOAK     0.801 lane=3 START nanopynix/tests/test_stores.py::test_two_store_roots_get_a_local_store_each
SOAK     0.813 lane=1 END   nanopynix/tests/inproc/test_inproc.py::test_inproc_eval_open_and_close_are_idempotent ok
SOAK     0.813 lane=1 START nanopynix/tests/inproc/test_inproc.py::test_inproc_session_subscribe_receives_a_request_finalized_event
SOAK     0.816 lane=0 END   nanopynix/tests/inproc/test_inproc.py::test_inproc_locked_flake_facade ok
SOAK     0.816 lane=0 START nanopynix/tests/inproc/test_inproc.py::test_inproc_store_open_is_idempotent
SOAK     0.818 lane=1 END   nanopynix/tests/inproc/test_inproc.py::test_inproc_session_subscribe_receives_a_request_finalized_event ok
SOAK     0.818 lane=4 END   nanopynix/tests/inproc/test_inproc.py::test_inproc_eval_value_navigation ok
SOAK     0.818 lane=4 START nanopynix/tests/test_store_metadata_fidelity.py::test_inproc_read_derivation_keeps_structured_attrs
SOAK     0.819 lane=2 END   nanopynix/tests/primops/test_sleep_primop.py::test_sleep_refuses_a_negative_duration ok
SOAK     0.819 lane=2 START nanopynix/tests/inproc/test_inproc.py::test_inproc_store_cannot_close_while_its_eval_state_is_open
SOAK     0.854 lane=0 END   nanopynix/tests/inproc/test_inproc.py::test_inproc_store_open_is_idempotent ok
SOAK     0.854 lane=0 START nanopynix/tests/inproc/test_inproc.py::test_inproc_value_autocall_and_realise_argv
SOAK     0.854 lane=1 START nanopynix/tests/inproc/test_inproc.py::test_inproc_eval_close_releases_leftover_locked_flakes
SOAK     0.902 lane=2 END   nanopynix/tests/inproc/test_inproc.py::test_inproc_store_cannot_close_while_its_eval_state_is_open ok
SOAK     0.905 lane=2 START nanopynix/tests/inproc/test_inproc.py::test_inproc_value_rejects_use_after_eval_close
SOAK     1.003 lane=2 END   nanopynix/tests/inproc/test_inproc.py::test_inproc_value_rejects_use_after_eval_close ok
SOAK     1.018 lane=4 END   nanopynix/tests/test_store_metadata_fidelity.py::test_inproc_read_derivation_keeps_structured_attrs ok
SOAK     1.018 lane=4 START nanopynix/tests/inproc/test_inproc.py::test_the_collector_owner_thread_outlives_the_session
SOAK     1.023 lane=2 START nanopynix/tests/test_stores.py::test_a_store_root_that_came_back_is_not_the_old_store
SOAK     1.023 lane=0 END   nanopynix/tests/inproc/test_inproc.py::test_inproc_value_autocall_and_realise_argv ok
SOAK     1.023 lane=0 START nanopynix/tests/test_scalar_accessor_semantics.py::test_deep_conversion_of_a_derivation_terminates
SOAK     1.023 lane=1 END   nanopynix/tests/inproc/test_inproc.py::test_inproc_eval_close_releases_leftover_locked_flakes ok
SOAK     1.023 lane=1 START nanopynix/tests/inproc/test_inproc.py::test_inproc_store_uri_and_store_dir
SOAK     1.226 lane=1 END   nanopynix/tests/inproc/test_inproc.py::test_inproc_store_uri_and_store_dir ok
SOAK     1.230 lane=1 START nanopynix/tests/bindings/test_value_accessor_types.py::test_accessors_force_a_thunk_first
SOAK     1.277 lane=4 END   nanopynix/tests/inproc/test_inproc.py::test_the_collector_owner_thread_outlives_the_session ok
SOAK     1.278 lane=4 START nanopynix/tests/inproc/test_inproc.py::test_inproc_value_to_python
SOAK     1.281 lane=0 END   nanopynix/tests/test_scalar_accessor_semantics.py::test_deep_conversion_of_a_derivation_terminates ok
SOAK     1.285 lane=0 START nanopynix/tests/test_stores.py::test_two_handles_on_one_local_store_share_the_temp_roots_file
SOAK     1.290 lane=1 END   nanopynix/tests/bindings/test_value_accessor_types.py::test_accessors_force_a_thunk_first ok
SOAK     1.290 lane=1 START nanopynix/tests/inproc/test_inproc_cancel.py::test_a_cancelled_interruptible_operation_frees_the_evaluator
SOAK     1.574 lane=2 END   nanopynix/tests/test_stores.py::test_a_store_root_that_came_back_is_not_the_old_store ok
SOAK     1.577 lane=2 START nanopynix/tests/test_store_dump_db.py::test_the_records_follow_the_order_of_the_argument
SOAK     1.577 lane=4 END   nanopynix/tests/inproc/test_inproc.py::test_inproc_value_to_python ok
SOAK     1.578 lane=4 START nanopynix/tests/test_store_exec.py::test_inproc_a_program_in_a_relocated_store_runs_through_the_exec_prefix
SOAK     1.656 lane=2 END   nanopynix/tests/test_store_dump_db.py::test_the_records_follow_the_order_of_the_argument ok
SOAK     1.659 lane=2 START nanopynix/tests/test_flake_lock_graph.py::test_find_input_resolves_a_follows_edge
SOAK     1.756 lane=5 END   nanopynix/tests/test_store_metadata_fidelity.py::test_inproc_build_reports_the_path_it_produced ok
SOAK     1.756 lane=5 START nanopynix/tests/test_repl_scope_capacity.py::test_inproc_refuses_one_binding_past_the_end
SOAK     1.869 lane=3 END   nanopynix/tests/test_stores.py::test_two_store_roots_get_a_local_store_each ok
SOAK     1.869 lane=3 START nanopynix/tests/inproc/test_inproc.py::test_inproc_allows_concurrent_eval_states_on_one_store
SOAK     1.904 lane=2 END   nanopynix/tests/test_flake_lock_graph.py::test_find_input_resolves_a_follows_edge ok
SOAK     1.917 lane=2 START nanopynix/tests/inproc/test_inproc.py::test_inproc_eval_file
SOAK     1.956 lane=3 END   nanopynix/tests/inproc/test_inproc.py::test_inproc_allows_concurrent_eval_states_on_one_store ok
SOAK     1.956 lane=3 START nanopynix/tests/inproc/test_inproc.py::test_inproc_value_context_manager_releases_rooted_value
SOAK     1.957 lane=2 END   nanopynix/tests/inproc/test_inproc.py::test_inproc_eval_file ok
SOAK     2.002 lane=0 END   nanopynix/tests/test_stores.py::test_two_handles_on_one_local_store_share_the_temp_roots_file ok
SOAK     2.002 lane=0 START nanopynix/tests/inproc/test_inproc.py::test_inproc_repl_requires_open_repl
SOAK     2.007 lane=3 END   nanopynix/tests/inproc/test_inproc.py::test_inproc_value_context_manager_releases_rooted_value ok
SOAK     2.007 lane=3 START nanopynix/tests/primops/test_sleep_primop.py::test_sleep_waits_for_the_time_it_is_given
SOAK     2.013 lane=0 END   nanopynix/tests/inproc/test_inproc.py::test_inproc_repl_requires_open_repl ok
SOAK     2.013 lane=0 START nanopynix/tests/inproc/test_inproc.py::test_inproc_value_scalar_conversions
SOAK     2.063 lane=0 END   nanopynix/tests/inproc/test_inproc.py::test_inproc_value_scalar_conversions ok
SOAK     2.064 lane=0 START nanopynix/tests/inproc/test_inproc.py::test_inproc_repl_load_file_and_add_attrs
SOAK     2.113 lane=0 END   nanopynix/tests/inproc/test_inproc.py::test_inproc_repl_load_file_and_add_attrs ok
SOAK     2.440 lane=3 END   nanopynix/tests/primops/test_sleep_primop.py::test_sleep_waits_for_the_time_it_is_given ok
SOAK     2.442 lane=3 START nanopynix/tests/inproc/test_inproc.py::test_inproc_store_query_missing
SOAK     2.456 lane=3 END   nanopynix/tests/inproc/test_inproc.py::test_inproc_store_query_missing ok
SOAK     2.456 lane=3 START nanopynix/tests/bindings/test_value_accessor_types.py::test_an_int_read_as_a_string_names_both_types
SOAK     2.488 lane=3 END   nanopynix/tests/bindings/test_value_accessor_types.py::test_an_int_read_as_a_string_names_both_types ok
SOAK     2.488 lane=3 START nanopynix/tests/inproc/test_inproc.py::test_inproc_optimise_and_verify_a_private_store
SOAK     2.634 lane=3 END   nanopynix/tests/inproc/test_inproc.py::test_inproc_optimise_and_verify_a_private_store ok
SOAK     2.635 lane=3 START nanopynix/tests/inproc/test_inproc.py::test_inproc_eval_flake
SOAK     2.771 lane=3 END   nanopynix/tests/inproc/test_inproc.py::test_inproc_eval_flake ok
SOAK     2.857 lane=5 END   nanopynix/tests/test_repl_scope_capacity.py::test_inproc_refuses_one_binding_past_the_end ok
SOAK     2.859 lane=5 START nanopynix/tests/inproc/test_inproc.py::test_inproc_repl_supports_shared_protocol_operations
SOAK     2.891 lane=5 END   nanopynix/tests/inproc/test_inproc.py::test_inproc_repl_supports_shared_protocol_operations ok
SOAK     2.891 lane=5 START nanopynix/tests/inproc/test_inproc.py::test_inproc_lock_flake_update_inputs_variants
SOAK     2.971 lane=5 END   nanopynix/tests/inproc/test_inproc.py::test_inproc_lock_flake_update_inputs_variants ok
SOAK     2.971 lane=5 START nanopynix/tests/inproc/test_inproc.py::test_inproc_session_subscribe_receives_log_events
SOAK     3.023 lane=5 END   nanopynix/tests/inproc/test_inproc.py::test_inproc_session_subscribe_receives_log_events ok
SOAK     3.160 lane=4 END   nanopynix/tests/test_store_exec.py::test_inproc_a_program_in_a_relocated_store_runs_through_the_exec_prefix ok
SOAK     3.163 lane=4 START nanopynix/tests/test_flake_lock_graph.py::test_find_input_returns_none_for_a_name_that_is_not_an_input
SOAK     3.305 lane=4 END   nanopynix/tests/test_flake_lock_graph.py::test_find_input_returns_none_for_a_name_that_is_not_an_input ok
SOAK     3.305 lane=4 START nanopynix/tests/inproc/test_inproc.py::test_collect_garbage_rejects_an_unsupported_action
SOAK     3.310 lane=4 END   nanopynix/tests/inproc/test_inproc.py::test_collect_garbage_rejects_an_unsupported_action ok
SOAK     3.311 lane=4 START nanopynix/tests/inproc/test_inproc.py::test_inproc_copy_closure_copies_between_two_stores_in_one_session
SOAK     3.408 lane=4 END   nanopynix/tests/inproc/test_inproc.py::test_inproc_copy_closure_copies_between_two_stores_in_one_session ok
SOAK     5.097 lane=6 END   nanopynix/tests/test_scalar_accessor_semantics.py::test_deep_conversion_of_a_true_cycle_raises_instead_of_crashing ok
SOAK     5.097 lane=6 START nanopynix/tests/inproc/test_inproc.py::test_inproc_eval_rejects_store_from_different_session
SOAK     5.100 lane=6 END   nanopynix/tests/inproc/test_inproc.py::test_inproc_eval_rejects_store_from_different_session ok
SOAK     5.100 lane=6 START nanopynix/tests/test_store_engine_parity_semantics.py::test_a_bare_drv_round_trips_through_its_own_reply
SOAK     5.106 lane=6 END   nanopynix/tests/test_store_engine_parity_semantics.py::test_a_bare_drv_round_trips_through_its_own_reply ok
SOAK     5.106 lane=6 START nanopynix/tests/test_store_metadata_fidelity.py::test_an_opaque_request_builds_nothing_and_says_so
SOAK     5.122 lane=6 END   nanopynix/tests/test_store_metadata_fidelity.py::test_an_opaque_request_builds_nothing_and_says_so ok
SOAK     5.122 lane=6 START nanopynix/tests/inproc/test_inproc.py::test_inproc_store_query_derivation_outputs_and_valid_derivers
SOAK     5.137 lane=6 END   nanopynix/tests/inproc/test_inproc.py::test_inproc_store_query_derivation_outputs_and_valid_derivers ok
SOAK     8.374 lane=1 END   nanopynix/tests/inproc/test_inproc_cancel.py::test_a_cancelled_interruptible_operation_frees_the_evaluator ok
SOAK     8.375 lane=1 START nanopynix/tests/inproc/test_inproc.py::test_inproc_value_release_is_idempotent
SOAK     8.382 lane=1 END   nanopynix/tests/inproc/test_inproc.py::test_inproc_value_release_is_idempotent ok
SOAK     8.770 lane=7 END   nanopynix/tests/inproc/test_inproc_cancel.py::test_an_operation_that_runs_a_nix_thread_pool_still_completes ok
SOAK     8.770 lane=7 START nanopynix/tests/inproc/test_inproc.py::test_inproc_store_not_open_raises
SOAK     8.771 lane=7 END   nanopynix/tests/inproc/test_inproc.py::test_inproc_store_not_open_raises ok
SOAK     8.771 lane=7 START nanopynix/tests/inproc/test_inproc.py::test_inproc_value_auto_call
SOAK     8.781 lane=7 END   nanopynix/tests/inproc/test_inproc.py::test_inproc_value_auto_call ok
SOAK     8.781 lane=7 START nanopynix/tests/inproc/test_inproc.py::test_inproc_repl_open_is_idempotent
SOAK     8.797 lane=7 END   nanopynix/tests/inproc/test_inproc.py::test_inproc_repl_open_is_idempotent ok
SOAK     8.798 lane=7 START nanopynix/tests/inproc/test_inproc.py::test_inproc_value_build_rejects_store_from_different_session
SOAK     8.806 lane=7 END   nanopynix/tests/inproc/test_inproc.py::test_inproc_value_build_rejects_store_from_different_session ok
SOAK     8.806 lane=7 START nanopynix/tests/inproc/test_inproc.py::test_inproc_eval_state_can_be_closed_and_reopened
SOAK     8.822 lane=7 END   nanopynix/tests/inproc/test_inproc.py::test_inproc_eval_state_can_be_closed_and_reopened ok
SOAK     8.822 lane=7 START nanopynix/tests/inproc/test_inproc.py::test_inproc_store_collect_garbage_return_dead
SOAK     8.912 lane=7 END   nanopynix/tests/inproc/test_inproc.py::test_inproc_store_collect_garbage_return_dead ok
SOAK     8.912 lane=7 START nanopynix/tests/test_flake_lock_graph.py::test_find_input_returns_a_locked_ref_with_a_rev
SOAK     8.965 lane=7 END   nanopynix/tests/test_flake_lock_graph.py::test_find_input_returns_a_locked_ref_with_a_rev ok
SOAK     8.965 lane=7 START nanopynix/tests/inproc/test_inproc.py::test_inproc_value_build_raises_on_build_failure
SOAK     9.480 lane=7 END   nanopynix/tests/inproc/test_inproc.py::test_inproc_value_build_raises_on_build_failure ok
SOAK END ok=77 fail=0
PASSED
nanopynix/tests/test_concurrent_soak.py::test_soak_rpc[local] SOAK BEGIN seed=2 lanes=8 tests=43 roster=sha256:eef7d5aefd96e46b
SOAK     0.001 lane=0 START nanopynix/tests/rpc/client/test_eval_rpc.py::test_eval_call_non_function_raises
SOAK     0.011 lane=1 START nanopynix/tests/test_repl_scope_capacity.py::test_rpc_refuses_one_binding_past_the_end
SOAK     0.022 lane=2 START nanopynix/tests/test_store_metadata_fidelity.py::test_rpc_build_reports_the_path_it_produced
SOAK     0.041 lane=3 START nanopynix/tests/rpc/client/test_eval_rpc.py::test_eval_call_function
SOAK     0.060 lane=4 START nanopynix/tests/rpc/client/test_eval_rpc.py::test_eval_call_function_with_value_proxy_arg
SOAK     0.072 lane=5 START nanopynix/tests/rpc/test_error_identity.py::test_a_handle_of_the_wrong_kind_arrives_as_type_error
SOAK     0.091 lane=6 START nanopynix/tests/rpc/client/test_eval_rpc.py::test_force_closing_store_closes_dependent_eval_state
SOAK     0.175 lane=7 START nanopynix/tests/rpc/client/test_eval_rpc.py::test_eval_thunk
SOAK     1.611 lane=5 END   nanopynix/tests/rpc/test_error_identity.py::test_a_handle_of_the_wrong_kind_arrives_as_type_error ok
SOAK     1.611 lane=5 START nanopynix/tests/rpc/client/test_eval_rpc.py::test_forced_attrs_borrow_the_parent_value_handle
SOAK     1.641 lane=6 END   nanopynix/tests/rpc/client/test_eval_rpc.py::test_force_closing_store_closes_dependent_eval_state ok
SOAK     1.641 lane=6 START nanopynix/tests/rpc/client/test_eval_rpc.py::test_eval_strict_accessor_and_apply
SOAK     1.657 lane=0 END   nanopynix/tests/rpc/client/test_eval_rpc.py::test_eval_call_non_function_raises ok
SOAK     1.658 lane=3 END   nanopynix/tests/rpc/client/test_eval_rpc.py::test_eval_call_function ok
SOAK     1.666 lane=0 START nanopynix/tests/rpc/client/test_eval_rpc.py::test_eval_concurrent_sessions
SOAK     1.666 lane=3 START nanopynix/tests/rpc/client/test_eval_rpc.py::test_eval_nested_navigation
SOAK     1.754 lane=4 END   nanopynix/tests/rpc/client/test_eval_rpc.py::test_eval_call_function_with_value_proxy_arg ok
SOAK     1.754 lane=4 START nanopynix/tests/rpc/test_error_identity.py::test_an_absent_handle_arrives_as_key_error
SOAK     1.786 lane=7 END   nanopynix/tests/rpc/client/test_eval_rpc.py::test_eval_thunk ok
SOAK     1.786 lane=7 START nanopynix/tests/rpc/test_error_identity.py::test_an_unsupported_scalar_type_arrives_as_value_error
SOAK     1.807 lane=2 END   nanopynix/tests/test_store_metadata_fidelity.py::test_rpc_build_reports_the_path_it_produced ok
SOAK     1.807 lane=2 START nanopynix/tests/rpc/client/test_eval_rpc.py::test_to_python_refuses_a_tree_containing_a_function
SOAK     1.844 lane=1 END   nanopynix/tests/test_repl_scope_capacity.py::test_rpc_refuses_one_binding_past_the_end ok
SOAK     1.844 lane=1 START nanopynix/tests/test_store_metadata_fidelity.py::test_rpc_read_derivation_keeps_structured_attrs
SOAK     3.224 lane=5 END   nanopynix/tests/rpc/client/test_eval_rpc.py::test_forced_attrs_borrow_the_parent_value_handle ok
SOAK     3.225 lane=5 START nanopynix/tests/rpc/client/test_eval_rpc.py::test_eval_attr_names
SOAK     3.280 lane=4 END   nanopynix/tests/rpc/test_error_identity.py::test_an_absent_handle_arrives_as_key_error ok
SOAK     3.281 lane=4 START nanopynix/tests/rpc/client/test_eval_rpc.py::test_copy_closure_between_stores
SOAK     3.316 lane=0 END   nanopynix/tests/rpc/client/test_eval_rpc.py::test_eval_concurrent_sessions ok
SOAK     3.317 lane=0 START nanopynix/tests/rpc/client/test_eval_rpc.py::test_eval_force_does_not_consume
SOAK     3.365 lane=7 END   nanopynix/tests/rpc/test_error_identity.py::test_an_unsupported_scalar_type_arrives_as_value_error ok
SOAK     3.367 lane=7 START nanopynix/tests/rpc/client/test_eval_rpc.py::test_repl_session_scope_names_include_bindings_and_base_scope
SOAK     3.398 lane=3 END   nanopynix/tests/rpc/client/test_eval_rpc.py::test_eval_nested_navigation ok
SOAK     3.398 lane=3 START nanopynix/tests/rpc/client/test_eval_rpc.py::test_repl_session_open_is_idempotent
SOAK     3.444 lane=1 END   nanopynix/tests/test_store_metadata_fidelity.py::test_rpc_read_derivation_keeps_structured_attrs ok
SOAK     3.444 lane=1 START nanopynix/tests/rpc/test_error_identity.py::test_a_setting_refusal_arrives_as_setting_not_live_error
SOAK     3.490 lane=2 END   nanopynix/tests/rpc/client/test_eval_rpc.py::test_to_python_refuses_a_tree_containing_a_function ok
SOAK     3.503 lane=6 END   nanopynix/tests/rpc/client/test_eval_rpc.py::test_eval_strict_accessor_and_apply ok
SOAK     3.503 lane=6 START nanopynix/tests/rpc/client/test_eval_rpc.py::test_eval_callable_function_proxy
SOAK     3.545 lane=2 START nanopynix/tests/rpc/client/test_eval_rpc.py::test_repl_session_edit_location_uses_function_source
SOAK     4.700 lane=5 END   nanopynix/tests/rpc/client/test_eval_rpc.py::test_eval_attr_names ok
SOAK     4.701 lane=5 START nanopynix/tests/test_store_exec.py::test_rpc_a_program_in_a_relocated_store_runs_through_the_exec_prefix
SOAK     4.902 lane=0 END   nanopynix/tests/rpc/client/test_eval_rpc.py::test_eval_force_does_not_consume ok
SOAK     4.905 lane=0 START nanopynix/tests/rpc/client/test_eval_rpc.py::test_eval_list
SOAK     4.917 lane=1 END   nanopynix/tests/rpc/test_error_identity.py::test_a_setting_refusal_arrives_as_setting_not_live_error ok
SOAK     4.920 lane=7 END   nanopynix/tests/rpc/client/test_eval_rpc.py::test_repl_session_scope_names_include_bindings_and_base_scope ok
SOAK     4.920 lane=4 END   nanopynix/tests/rpc/client/test_eval_rpc.py::test_copy_closure_between_stores ok
SOAK     4.920 lane=4 START nanopynix/tests/rpc/test_error_identity.py::test_a_nix_error_still_refines_past_the_class_the_worker_named
SOAK     4.943 lane=7 START nanopynix/tests/rpc/client/test_eval_rpc.py::test_repl_session_load_file_autocalls_top_level_function
SOAK     4.967 lane=1 START nanopynix/tests/rpc/client/test_eval_rpc.py::test_eval_session_cleanup
SOAK     4.991 lane=6 END   nanopynix/tests/rpc/client/test_eval_rpc.py::test_eval_callable_function_proxy ok
SOAK     4.991 lane=6 START nanopynix/tests/rpc/test_error_identity.py::test_a_negative_index_past_the_start_arrives_as_index_error
SOAK     5.030 lane=2 END   nanopynix/tests/rpc/client/test_eval_rpc.py::test_repl_session_edit_location_uses_function_source ok
SOAK     5.030 lane=3 END   nanopynix/tests/rpc/client/test_eval_rpc.py::test_repl_session_open_is_idempotent ok
SOAK     5.032 lane=3 START nanopynix/tests/test_repl_scope_capacity.py::test_rpc_fills_the_repl_scope_exactly_to_the_end
SOAK     5.087 lane=2 START nanopynix/tests/rpc/client/test_eval_rpc.py::test_eval_file_simple
SOAK     6.424 lane=0 END   nanopynix/tests/rpc/client/test_eval_rpc.py::test_eval_list ok
SOAK     6.424 lane=0 START nanopynix/tests/rpc/client/test_eval_rpc.py::test_repl_session_persists_bindings
SOAK     6.508 lane=4 END   nanopynix/tests/rpc/test_error_identity.py::test_a_nix_error_still_refines_past_the_class_the_worker_named ok
SOAK     6.508 lane=4 START nanopynix/tests/rpc/client/test_eval_rpc.py::test_eval_reused_function_can_call_separately_evaluated_value
SOAK     6.535 lane=7 END   nanopynix/tests/rpc/client/test_eval_rpc.py::test_repl_session_load_file_autocalls_top_level_function ok
SOAK     6.535 lane=7 START nanopynix/tests/rpc/client/test_eval_rpc.py::test_repl_session_adds_attrs_to_scope
SOAK     6.552 lane=1 END   nanopynix/tests/rpc/client/test_eval_rpc.py::test_eval_session_cleanup ok
SOAK     6.552 lane=1 START nanopynix/tests/test_scalar_accessor_semantics.py::test_rpc_reads_a_string_carrying_store_path_context
SOAK     6.596 lane=6 END   nanopynix/tests/rpc/test_error_identity.py::test_a_negative_index_past_the_start_arrives_as_index_error ok
SOAK     6.596 lane=6 START nanopynix/tests/rpc/client/test_eval_rpc.py::test_eval_file_directory_loads_default_nix
SOAK     6.635 lane=2 END   nanopynix/tests/rpc/client/test_eval_rpc.py::test_eval_file_simple ok
SOAK     6.639 lane=2 START nanopynix/tests/rpc/client/test_eval_rpc.py::test_eval_attr_navigation
SOAK     6.769 lane=5 END   nanopynix/tests/test_store_exec.py::test_rpc_a_program_in_a_relocated_store_runs_through_the_exec_prefix ok
SOAK     6.770 lane=5 START nanopynix/tests/rpc/client/test_eval_rpc.py::test_eval_string
SOAK     7.125 lane=3 END   nanopynix/tests/test_repl_scope_capacity.py::test_rpc_fills_the_repl_scope_exactly_to_the_end ok
SOAK     7.126 lane=3 START nanopynix/tests/rpc/client/test_eval_rpc.py::test_eval_has_attr
SOAK     7.889 lane=0 END   nanopynix/tests/rpc/client/test_eval_rpc.py::test_repl_session_persists_bindings ok
SOAK     7.889 lane=0 START nanopynix/tests/test_store_metadata_fidelity.py::test_rpc_read_derivation_keeps_nested_input_drvs
SOAK     8.078 lane=7 END   nanopynix/tests/rpc/client/test_eval_rpc.py::test_repl_session_adds_attrs_to_scope ok
SOAK     8.092 lane=6 END   nanopynix/tests/rpc/client/test_eval_rpc.py::test_eval_file_directory_loads_default_nix ok
SOAK     8.125 lane=1 END   nanopynix/tests/test_scalar_accessor_semantics.py::test_rpc_reads_a_string_carrying_store_path_context ok
SOAK     8.125 lane=1 START nanopynix/tests/rpc/client/test_eval_rpc.py::test_eval_call_function_with_nested_value_proxy_arg
SOAK     8.149 lane=4 END   nanopynix/tests/rpc/client/test_eval_rpc.py::test_eval_reused_function_can_call_separately_evaluated_value ok
SOAK     8.149 lane=5 END   nanopynix/tests/rpc/client/test_eval_rpc.py::test_eval_string ok
SOAK     8.150 lane=2 END   nanopynix/tests/rpc/client/test_eval_rpc.py::test_eval_attr_navigation ok
SOAK     8.150 lane=2 START nanopynix/tests/rpc/client/test_eval_rpc.py::test_eval_auto_call_function_with_default_attrset_args
SOAK     8.290 lane=3 END   nanopynix/tests/rpc/client/test_eval_rpc.py::test_eval_has_attr ok
SOAK     9.087 lane=0 END   nanopynix/tests/test_store_metadata_fidelity.py::test_rpc_read_derivation_keeps_nested_input_drvs ok
SOAK     9.332 lane=1 END   nanopynix/tests/rpc/client/test_eval_rpc.py::test_eval_call_function_with_nested_value_proxy_arg ok
SOAK     9.370 lane=2 END   nanopynix/tests/rpc/client/test_eval_rpc.py::test_eval_auto_call_function_with_default_attrset_args ok
SOAK END ok=43 fail=0
PASSED
nanopynix/tests/test_concurrent_soak.py::test_soak_inproc[daemon] SOAK BEGIN seed=2 lanes=8 tests=77 roster=sha256:f79eb9dbfc68391d
SOAK     0.001 lane=0 START nanopynix/tests/bindings/test_store_empty_path.py::test_the_guard_lives_in_cpp_not_in_the_python_wrapper
SOAK     0.001 lane=1 START nanopynix/tests/inproc/test_inproc.py::test_a_value_the_caller_still_holds_survives_a_collection
SOAK     0.001 lane=2 START nanopynix/tests/test_store_engine_parity_semantics.py::test_the_selector_actually_reaches_nix
SOAK     0.003 lane=3 START nanopynix/tests/inproc/test_inproc.py::test_inproc_concurrent_eval_sessions_have_independent_pure_eval
SOAK     0.003 lane=4 START nanopynix/tests/test_repl_scope_capacity.py::test_inproc_fills_the_repl_scope_exactly_to_the_end
SOAK     0.003 lane=5 START nanopynix/tests/inproc/test_inproc.py::test_inproc_value_rejects_use_from_different_eval_session
SOAK     0.003 lane=6 START nanopynix/tests/test_store_metadata_fidelity.py::test_inproc_read_derivation_keeps_nested_input_drvs
SOAK     0.004 lane=7 START nanopynix/tests/inproc/test_inproc_cancel.py::test_an_operation_that_runs_a_nix_thread_pool_still_completes
SOAK     0.019 lane=0 END   nanopynix/tests/bindings/test_store_empty_path.py::test_the_guard_lives_in_cpp_not_in_the_python_wrapper ok
SOAK     0.019 lane=0 START nanopynix/tests/inproc/test_inproc.py::test_inproc_selection_on_a_released_value_raises_at_selection
SOAK     0.290 lane=5 END   nanopynix/tests/inproc/test_inproc.py::test_inproc_value_rejects_use_from_different_eval_session ok
SOAK     0.304 lane=5 START nanopynix/tests/inproc/test_inproc.py::test_inproc_locked_flake_release_is_idempotent
SOAK     0.316 lane=1 END   nanopynix/tests/inproc/test_inproc.py::test_a_value_the_caller_still_holds_survives_a_collection ok
SOAK     0.316 lane=1 START nanopynix/tests/test_scalar_accessor_semantics.py::test_apply_accepts_an_already_evaluated_function
SOAK     0.316 lane=0 END   nanopynix/tests/inproc/test_inproc.py::test_inproc_selection_on_a_released_value_raises_at_selection ok
SOAK     0.318 lane=6 END   nanopynix/tests/test_store_metadata_fidelity.py::test_inproc_read_derivation_keeps_nested_input_drvs ok
SOAK     0.318 lane=6 START nanopynix/tests/test_scalar_accessor_semantics.py::test_max_call_depth_is_a_nix_error_with_error_info
SOAK     0.319 lane=0 START nanopynix/tests/inproc/test_inproc.py::test_inproc_locked_flake_facade
SOAK     0.378 lane=3 END   nanopynix/tests/inproc/test_inproc.py::test_inproc_concurrent_eval_sessions_have_independent_pure_eval ok
SOAK     0.398 lane=3 START nanopynix/tests/test_flake_lock_graph.py::test_metadata_json_carries_the_whole_graph
SOAK     0.490 lane=2 END   nanopynix/tests/test_store_engine_parity_semantics.py::test_the_selector_actually_reaches_nix ok
SOAK     0.490 lane=2 START nanopynix/tests/inproc/test_inproc.py::test_inproc_eval_close_releases_values_left_open
SOAK     0.532 lane=6 END   nanopynix/tests/test_scalar_accessor_semantics.py::test_max_call_depth_is_a_nix_error_with_error_info ok
SOAK     0.532 lane=6 START nanopynix/tests/inproc/test_inproc.py::test_inproc_store_read_derivation
SOAK     0.567 lane=5 END   nanopynix/tests/inproc/test_inproc.py::test_inproc_locked_flake_release_is_idempotent ok
SOAK     0.581 lane=5 START nanopynix/tests/inproc/test_inproc.py::test_inproc_value_edit_location
SOAK     0.588 lane=2 END   nanopynix/tests/inproc/test_inproc.py::test_inproc_eval_close_releases_values_left_open ok
SOAK     0.588 lane=2 START nanopynix/tests/test_scalar_accessor_semantics.py::test_inproc_reads_a_string_carrying_store_path_context
SOAK     0.730 lane=1 END   nanopynix/tests/test_scalar_accessor_semantics.py::test_apply_accepts_an_already_evaluated_function ok
SOAK     0.731 lane=1 START nanopynix/tests/inproc/test_inproc.py::test_inproc_value_call_accepts_value_argument
SOAK     0.761 lane=4 END   nanopynix/tests/test_repl_scope_capacity.py::test_inproc_fills_the_repl_scope_exactly_to_the_end ok
SOAK     0.761 lane=4 START nanopynix/tests/inproc/test_inproc.py::test_inproc_eval_open_requires_open_store
SOAK     0.762 lane=4 END   nanopynix/tests/inproc/test_inproc.py::test_inproc_eval_open_requires_open_store ok
SOAK     0.762 lane=4 START nanopynix/tests/inproc/test_inproc.py::test_inproc_eval_value_navigation
SOAK     0.764 lane=6 END   nanopynix/tests/inproc/test_inproc.py::test_inproc_store_read_derivation ok
SOAK     0.765 lane=6 START nanopynix/tests/inproc/test_inproc.py::test_inproc_value_attr_names
SOAK     0.765 lane=5 END   nanopynix/tests/inproc/test_inproc.py::test_inproc_value_edit_location ok
SOAK     0.768 lane=5 START nanopynix/tests/primops/test_sleep_primop.py::test_sleep_is_a_builtin_and_not_a_global
SOAK     0.800 lane=1 END   nanopynix/tests/inproc/test_inproc.py::test_inproc_value_call_accepts_value_argument ok
SOAK     0.801 lane=1 START nanopynix/tests/inproc/test_inproc.py::test_inproc_eval_open_and_close_are_idempotent
SOAK     0.803 lane=6 END   nanopynix/tests/inproc/test_inproc.py::test_inproc_value_attr_names ok
SOAK     0.803 lane=6 START nanopynix/tests/test_scalar_accessor_semantics.py::test_deep_conversion_of_a_true_cycle_raises_instead_of_crashing
SOAK     0.843 lane=5 END   nanopynix/tests/primops/test_sleep_primop.py::test_sleep_is_a_builtin_and_not_a_global ok
SOAK     0.843 lane=5 START nanopynix/tests/test_store_metadata_fidelity.py::test_inproc_build_reports_the_path_it_produced
SOAK     0.847 lane=1 END   nanopynix/tests/inproc/test_inproc.py::test_inproc_eval_open_and_close_are_idempotent ok
SOAK     0.848 lane=1 START nanopynix/tests/inproc/test_inproc.py::test_inproc_session_subscribe_receives_a_request_finalized_event
SOAK     0.853 lane=4 END   nanopynix/tests/inproc/test_inproc.py::test_inproc_eval_value_navigation ok
SOAK     0.853 lane=4 START nanopynix/tests/test_store_metadata_fidelity.py::test_inproc_read_derivation_keeps_structured_attrs
SOAK     0.863 lane=2 END   nanopynix/tests/test_scalar_accessor_semantics.py::test_inproc_reads_a_string_carrying_store_path_context ok
SOAK     0.863 lane=2 START nanopynix/tests/primops/test_sleep_primop.py::test_sleep_refuses_a_negative_duration
SOAK     0.864 lane=1 END   nanopynix/tests/inproc/test_inproc.py::test_inproc_session_subscribe_receives_a_request_finalized_event ok
SOAK     0.883 lane=1 START nanopynix/tests/inproc/test_inproc.py::test_inproc_eval_close_releases_leftover_locked_flakes
SOAK     0.988 lane=3 END   nanopynix/tests/test_flake_lock_graph.py::test_metadata_json_carries_the_whole_graph ok
SOAK     1.023 lane=3 START nanopynix/tests/test_stores.py::test_two_store_roots_get_a_local_store_each
SOAK     1.031 lane=2 END   nanopynix/tests/primops/test_sleep_primop.py::test_sleep_refuses_a_negative_duration ok
SOAK     1.031 lane=2 START nanopynix/tests/inproc/test_inproc.py::test_inproc_store_cannot_close_while_its_eval_state_is_open
SOAK     1.070 lane=2 END   nanopynix/tests/inproc/test_inproc.py::test_inproc_store_cannot_close_while_its_eval_state_is_open ok
SOAK     1.070 lane=2 START nanopynix/tests/inproc/test_inproc.py::test_inproc_value_rejects_use_after_eval_close
SOAK     1.110 lane=4 END   nanopynix/tests/test_store_metadata_fidelity.py::test_inproc_read_derivation_keeps_structured_attrs ok
SOAK     1.110 lane=4 START nanopynix/tests/inproc/test_inproc.py::test_the_collector_owner_thread_outlives_the_session
SOAK     1.120 lane=2 END   nanopynix/tests/inproc/test_inproc.py::test_inproc_value_rejects_use_after_eval_close ok
SOAK     1.121 lane=2 START nanopynix/tests/test_stores.py::test_a_store_root_that_came_back_is_not_the_old_store
SOAK     1.159 lane=1 END   nanopynix/tests/inproc/test_inproc.py::test_inproc_eval_close_releases_leftover_locked_flakes ok
SOAK     1.167 lane=1 START nanopynix/tests/inproc/test_inproc.py::test_inproc_store_uri_and_store_dir
SOAK     1.217 lane=4 END   nanopynix/tests/inproc/test_inproc.py::test_the_collector_owner_thread_outlives_the_session ok
SOAK     1.220 lane=4 START nanopynix/tests/inproc/test_inproc.py::test_inproc_value_to_python
SOAK     1.348 lane=0 END   nanopynix/tests/inproc/test_inproc.py::test_inproc_locked_flake_facade ok
SOAK     1.348 lane=0 START nanopynix/tests/inproc/test_inproc.py::test_inproc_store_open_is_idempotent
SOAK     1.359 lane=1 END   nanopynix/tests/inproc/test_inproc.py::test_inproc_store_uri_and_store_dir ok
SOAK     1.359 lane=1 START nanopynix/tests/bindings/test_value_accessor_types.py::test_accessors_force_a_thunk_first
SOAK     1.369 lane=0 END   nanopynix/tests/inproc/test_inproc.py::test_inproc_store_open_is_idempotent ok
SOAK     1.369 lane=0 START nanopynix/tests/inproc/test_inproc.py::test_inproc_value_autocall_and_realise_argv
SOAK     1.389 lane=2 END   nanopynix/tests/test_stores.py::test_a_store_root_that_came_back_is_not_the_old_store ok
SOAK     1.403 lane=2 START nanopynix/tests/test_store_dump_db.py::test_the_records_follow_the_order_of_the_argument
SOAK     1.411 lane=4 END   nanopynix/tests/inproc/test_inproc.py::test_inproc_value_to_python ok
SOAK     1.415 lane=4 START nanopynix/tests/test_store_exec.py::test_inproc_a_program_in_a_relocated_store_runs_through_the_exec_prefix
SOAK     1.420 lane=1 END   nanopynix/tests/bindings/test_value_accessor_types.py::test_accessors_force_a_thunk_first ok
SOAK     1.420 lane=1 START nanopynix/tests/inproc/test_inproc_cancel.py::test_a_cancelled_interruptible_operation_frees_the_evaluator
SOAK     1.446 lane=0 END   nanopynix/tests/inproc/test_inproc.py::test_inproc_value_autocall_and_realise_argv ok
SOAK     1.446 lane=0 START nanopynix/tests/test_scalar_accessor_semantics.py::test_deep_conversion_of_a_derivation_terminates
SOAK     1.486 lane=2 END   nanopynix/tests/test_store_dump_db.py::test_the_records_follow_the_order_of_the_argument ok
SOAK     1.486 lane=2 START nanopynix/tests/test_flake_lock_graph.py::test_find_input_resolves_a_follows_edge
SOAK     1.587 lane=0 END   nanopynix/tests/test_scalar_accessor_semantics.py::test_deep_conversion_of_a_derivation_terminates ok
SOAK     1.588 lane=0 START nanopynix/tests/test_stores.py::test_two_handles_on_one_local_store_share_the_temp_roots_file
SOAK     1.596 lane=5 END   nanopynix/tests/test_store_metadata_fidelity.py::test_inproc_build_reports_the_path_it_produced ok
SOAK     1.596 lane=5 START nanopynix/tests/test_repl_scope_capacity.py::test_inproc_refuses_one_binding_past_the_end
SOAK     1.799 lane=2 END   nanopynix/tests/test_flake_lock_graph.py::test_find_input_resolves_a_follows_edge ok
SOAK     1.805 lane=2 START nanopynix/tests/inproc/test_inproc.py::test_inproc_eval_file
SOAK     1.853 lane=2 END   nanopynix/tests/inproc/test_inproc.py::test_inproc_eval_file ok
SOAK     1.922 lane=3 END   nanopynix/tests/test_stores.py::test_two_store_roots_get_a_local_store_each ok
SOAK     1.922 lane=3 START nanopynix/tests/inproc/test_inproc.py::test_inproc_allows_concurrent_eval_states_on_one_store
SOAK     2.019 lane=3 END   nanopynix/tests/inproc/test_inproc.py::test_inproc_allows_concurrent_eval_states_on_one_store ok
SOAK     2.019 lane=3 START nanopynix/tests/inproc/test_inproc.py::test_inproc_value_context_manager_releases_rooted_value
SOAK     2.054 lane=0 END   nanopynix/tests/test_stores.py::test_two_handles_on_one_local_store_share_the_temp_roots_file ok
SOAK     2.054 lane=0 START nanopynix/tests/inproc/test_inproc.py::test_inproc_repl_requires_open_repl
SOAK     2.068 lane=0 END   nanopynix/tests/inproc/test_inproc.py::test_inproc_repl_requires_open_repl ok
SOAK     2.068 lane=0 START nanopynix/tests/inproc/test_inproc.py::test_inproc_value_scalar_conversions
SOAK     2.074 lane=3 END   nanopynix/tests/inproc/test_inproc.py::test_inproc_value_context_manager_releases_rooted_value ok
SOAK     2.074 lane=3 START nanopynix/tests/primops/test_sleep_primop.py::test_sleep_waits_for_the_time_it_is_given
SOAK     2.136 lane=0 END   nanopynix/tests/inproc/test_inproc.py::test_inproc_value_scalar_conversions ok
SOAK     2.137 lane=0 START nanopynix/tests/inproc/test_inproc.py::test_inproc_repl_load_file_and_add_attrs
SOAK     2.177 lane=0 END   nanopynix/tests/inproc/test_inproc.py::test_inproc_repl_load_file_and_add_attrs ok
SOAK     2.491 lane=5 END   nanopynix/tests/test_repl_scope_capacity.py::test_inproc_refuses_one_binding_past_the_end ok
SOAK     2.495 lane=5 START nanopynix/tests/inproc/test_inproc.py::test_inproc_repl_supports_shared_protocol_operations
SOAK     2.529 lane=3 END   nanopynix/tests/primops/test_sleep_primop.py::test_sleep_waits_for_the_time_it_is_given ok
SOAK     2.530 lane=3 START nanopynix/tests/inproc/test_inproc.py::test_inproc_store_query_missing
SOAK     2.543 lane=5 END   nanopynix/tests/inproc/test_inproc.py::test_inproc_repl_supports_shared_protocol_operations ok
SOAK     2.544 lane=5 START nanopynix/tests/inproc/test_inproc.py::test_inproc_lock_flake_update_inputs_variants
SOAK     2.633 lane=3 END   nanopynix/tests/inproc/test_inproc.py::test_inproc_store_query_missing ok
SOAK     2.633 lane=3 START nanopynix/tests/bindings/test_value_accessor_types.py::test_an_int_read_as_a_string_names_both_types
SOAK     2.669 lane=3 END   nanopynix/tests/bindings/test_value_accessor_types.py::test_an_int_read_as_a_string_names_both_types ok
SOAK     2.672 lane=3 START nanopynix/tests/inproc/test_inproc.py::test_inproc_optimise_and_verify_a_private_store
SOAK     2.680 lane=5 END   nanopynix/tests/inproc/test_inproc.py::test_inproc_lock_flake_update_inputs_variants ok
SOAK     2.680 lane=5 START nanopynix/tests/inproc/test_inproc.py::test_inproc_session_subscribe_receives_log_events
SOAK     2.734 lane=5 END   nanopynix/tests/inproc/test_inproc.py::test_inproc_session_subscribe_receives_log_events ok
SOAK     2.796 lane=3 END   nanopynix/tests/inproc/test_inproc.py::test_inproc_optimise_and_verify_a_private_store ok
SOAK     2.797 lane=3 START nanopynix/tests/inproc/test_inproc.py::test_inproc_eval_flake
SOAK     2.922 lane=3 END   nanopynix/tests/inproc/test_inproc.py::test_inproc_eval_flake ok
SOAK     2.965 lane=4 END   nanopynix/tests/test_store_exec.py::test_inproc_a_program_in_a_relocated_store_runs_through_the_exec_prefix ok
SOAK     2.966 lane=4 START nanopynix/tests/test_flake_lock_graph.py::test_find_input_returns_none_for_a_name_that_is_not_an_input
SOAK     3.134 lane=4 END   nanopynix/tests/test_flake_lock_graph.py::test_find_input_returns_none_for_a_name_that_is_not_an_input ok
SOAK     3.134 lane=4 START nanopynix/tests/inproc/test_inproc.py::test_collect_garbage_rejects_an_unsupported_action
SOAK     3.139 lane=4 END   nanopynix/tests/inproc/test_inproc.py::test_collect_garbage_rejects_an_unsupported_action ok
SOAK     3.139 lane=4 START nanopynix/tests/inproc/test_inproc.py::test_inproc_copy_closure_copies_between_two_stores_in_one_session
SOAK     3.256 lane=4 END   nanopynix/tests/inproc/test_inproc.py::test_inproc_copy_closure_copies_between_two_stores_in_one_session ok
SOAK     4.707 lane=6 END   nanopynix/tests/test_scalar_accessor_semantics.py::test_deep_conversion_of_a_true_cycle_raises_instead_of_crashing ok
SOAK     4.707 lane=6 START nanopynix/tests/inproc/test_inproc.py::test_inproc_eval_rejects_store_from_different_session
SOAK     4.710 lane=6 END   nanopynix/tests/inproc/test_inproc.py::test_inproc_eval_rejects_store_from_different_session ok
SOAK     4.710 lane=6 START nanopynix/tests/test_store_engine_parity_semantics.py::test_a_bare_drv_round_trips_through_its_own_reply
SOAK     4.806 lane=6 END   nanopynix/tests/test_store_engine_parity_semantics.py::test_a_bare_drv_round_trips_through_its_own_reply ok
SOAK     4.811 lane=6 START nanopynix/tests/test_store_metadata_fidelity.py::test_an_opaque_request_builds_nothing_and_says_so
SOAK     4.886 lane=6 END   nanopynix/tests/test_store_metadata_fidelity.py::test_an_opaque_request_builds_nothing_and_says_so ok
SOAK     4.887 lane=6 START nanopynix/tests/inproc/test_inproc.py::test_inproc_store_query_derivation_outputs_and_valid_derivers
SOAK     4.929 lane=6 END   nanopynix/tests/inproc/test_inproc.py::test_inproc_store_query_derivation_outputs_and_valid_derivers ok
SOAK     9.779 lane=1 END   nanopynix/tests/inproc/test_inproc_cancel.py::test_a_cancelled_interruptible_operation_frees_the_evaluator ok
SOAK     9.783 lane=1 START nanopynix/tests/inproc/test_inproc.py::test_inproc_value_release_is_idempotent
SOAK     9.908 lane=1 END   nanopynix/tests/inproc/test_inproc.py::test_inproc_value_release_is_idempotent ok
SOAK    10.181 lane=7 END   nanopynix/tests/inproc/test_inproc_cancel.py::test_an_operation_that_runs_a_nix_thread_pool_still_completes ok
SOAK    10.182 lane=7 START nanopynix/tests/inproc/test_inproc.py::test_inproc_store_not_open_raises
SOAK    10.189 lane=7 END   nanopynix/tests/inproc/test_inproc.py::test_inproc_store_not_open_raises ok
SOAK    10.189 lane=7 START nanopynix/tests/inproc/test_inproc.py::test_inproc_value_auto_call
SOAK    10.244 lane=7 END   nanopynix/tests/inproc/test_inproc.py::test_inproc_value_auto_call ok
SOAK    10.245 lane=7 START nanopynix/tests/inproc/test_inproc.py::test_inproc_repl_open_is_idempotent
SOAK    10.301 lane=7 END   nanopynix/tests/inproc/test_inproc.py::test_inproc_repl_open_is_idempotent ok
SOAK    10.301 lane=7 START nanopynix/tests/inproc/test_inproc.py::test_inproc_value_build_rejects_store_from_different_session
SOAK    10.373 lane=7 END   nanopynix/tests/inproc/test_inproc.py::test_inproc_value_build_rejects_store_from_different_session ok
SOAK    10.373 lane=7 START nanopynix/tests/inproc/test_inproc.py::test_inproc_eval_state_can_be_closed_and_reopened
SOAK    10.404 lane=7 END   nanopynix/tests/inproc/test_inproc.py::test_inproc_eval_state_can_be_closed_and_reopened ok
SOAK    10.404 lane=7 START nanopynix/tests/inproc/test_inproc.py::test_inproc_store_collect_garbage_return_dead
SOAK    10.614 lane=7 END   nanopynix/tests/inproc/test_inproc.py::test_inproc_store_collect_garbage_return_dead ok
SOAK    10.628 lane=7 START nanopynix/tests/test_flake_lock_graph.py::test_find_input_returns_a_locked_ref_with_a_rev
SOAK    10.906 lane=7 END   nanopynix/tests/test_flake_lock_graph.py::test_find_input_returns_a_locked_ref_with_a_rev ok
SOAK    10.906 lane=7 START nanopynix/tests/inproc/test_inproc.py::test_inproc_value_build_raises_on_build_failure
SOAK    11.138 lane=7 END   nanopynix/tests/inproc/test_inproc.py::test_inproc_value_build_raises_on_build_failure ok
SOAK END ok=77 fail=0
PASSED
nanopynix/tests/test_concurrent_soak.py::test_soak_rpc[daemon] SOAK BEGIN seed=2 lanes=8 tests=43 roster=sha256:eef7d5aefd96e46b
SOAK     0.006 lane=0 START nanopynix/tests/rpc/client/test_eval_rpc.py::test_eval_call_non_function_raises
SOAK     0.019 lane=1 START nanopynix/tests/test_repl_scope_capacity.py::test_rpc_refuses_one_binding_past_the_end
SOAK     0.032 lane=2 START nanopynix/tests/test_store_metadata_fidelity.py::test_rpc_build_reports_the_path_it_produced
SOAK     0.052 lane=3 START nanopynix/tests/rpc/client/test_eval_rpc.py::test_eval_call_function
SOAK     0.078 lane=4 START nanopynix/tests/rpc/client/test_eval_rpc.py::test_eval_call_function_with_value_proxy_arg
SOAK     0.127 lane=5 START nanopynix/tests/rpc/test_error_identity.py::test_a_handle_of_the_wrong_kind_arrives_as_type_error
SOAK     0.155 lane=6 START nanopynix/tests/rpc/client/test_eval_rpc.py::test_force_closing_store_closes_dependent_eval_state
SOAK     0.291 lane=7 START nanopynix/tests/rpc/client/test_eval_rpc.py::test_eval_thunk
SOAK     1.849 lane=5 END   nanopynix/tests/rpc/test_error_identity.py::test_a_handle_of_the_wrong_kind_arrives_as_type_error ok
SOAK     1.849 lane=5 START nanopynix/tests/rpc/client/test_eval_rpc.py::test_forced_attrs_borrow_the_parent_value_handle
SOAK     1.865 lane=0 END   nanopynix/tests/rpc/client/test_eval_rpc.py::test_eval_call_non_function_raises ok
SOAK     1.866 lane=0 START nanopynix/tests/rpc/client/test_eval_rpc.py::test_eval_concurrent_sessions
SOAK     1.927 lane=6 END   nanopynix/tests/rpc/client/test_eval_rpc.py::test_force_closing_store_closes_dependent_eval_state ok
SOAK     1.927 lane=6 START nanopynix/tests/rpc/client/test_eval_rpc.py::test_eval_strict_accessor_and_apply
SOAK     1.966 lane=3 END   nanopynix/tests/rpc/client/test_eval_rpc.py::test_eval_call_function ok
SOAK     2.010 lane=7 END   nanopynix/tests/rpc/client/test_eval_rpc.py::test_eval_thunk ok
SOAK     2.010 lane=7 START nanopynix/tests/rpc/test_error_identity.py::test_an_unsupported_scalar_type_arrives_as_value_error
SOAK     2.050 lane=3 START nanopynix/tests/rpc/client/test_eval_rpc.py::test_eval_nested_navigation
SOAK     2.067 lane=4 END   nanopynix/tests/rpc/client/test_eval_rpc.py::test_eval_call_function_with_value_proxy_arg ok
SOAK     2.067 lane=4 START nanopynix/tests/rpc/test_error_identity.py::test_an_absent_handle_arrives_as_key_error
SOAK     2.086 lane=2 END   nanopynix/tests/test_store_metadata_fidelity.py::test_rpc_build_reports_the_path_it_produced ok
SOAK     2.087 lane=2 START nanopynix/tests/rpc/client/test_eval_rpc.py::test_to_python_refuses_a_tree_containing_a_function
SOAK     2.176 lane=1 END   nanopynix/tests/test_repl_scope_capacity.py::test_rpc_refuses_one_binding_past_the_end ok
SOAK     2.176 lane=1 START nanopynix/tests/test_store_metadata_fidelity.py::test_rpc_read_derivation_keeps_structured_attrs
SOAK     3.532 lane=4 END   nanopynix/tests/rpc/test_error_identity.py::test_an_absent_handle_arrives_as_key_error ok
SOAK     3.532 lane=5 END   nanopynix/tests/rpc/client/test_eval_rpc.py::test_forced_attrs_borrow_the_parent_value_handle ok
SOAK     3.533 lane=5 START nanopynix/tests/rpc/client/test_eval_rpc.py::test_eval_attr_names
SOAK     3.572 lane=4 START nanopynix/tests/rpc/client/test_eval_rpc.py::test_copy_closure_between_stores
SOAK     3.588 lane=7 END   nanopynix/tests/rpc/test_error_identity.py::test_an_unsupported_scalar_type_arrives_as_value_error ok
SOAK     3.588 lane=7 START nanopynix/tests/rpc/client/test_eval_rpc.py::test_repl_session_scope_names_include_bindings_and_base_scope
SOAK     3.612 lane=0 END   nanopynix/tests/rpc/client/test_eval_rpc.py::test_eval_concurrent_sessions ok
SOAK     3.613 lane=3 END   nanopynix/tests/rpc/client/test_eval_rpc.py::test_eval_nested_navigation ok
SOAK     3.613 lane=3 START nanopynix/tests/rpc/client/test_eval_rpc.py::test_repl_session_open_is_idempotent
SOAK     3.676 lane=1 END   nanopynix/tests/test_store_metadata_fidelity.py::test_rpc_read_derivation_keeps_structured_attrs ok
SOAK     3.678 lane=1 START nanopynix/tests/rpc/test_error_identity.py::test_a_setting_refusal_arrives_as_setting_not_live_error
SOAK     3.711 lane=6 END   nanopynix/tests/rpc/client/test_eval_rpc.py::test_eval_strict_accessor_and_apply ok
SOAK     3.711 lane=6 START nanopynix/tests/rpc/client/test_eval_rpc.py::test_eval_callable_function_proxy
SOAK     3.760 lane=2 END   nanopynix/tests/rpc/client/test_eval_rpc.py::test_to_python_refuses_a_tree_containing_a_function ok
SOAK     3.765 lane=0 START nanopynix/tests/rpc/client/test_eval_rpc.py::test_eval_force_does_not_consume
SOAK     3.840 lane=2 START nanopynix/tests/rpc/client/test_eval_rpc.py::test_repl_session_edit_location_uses_function_source
SOAK     5.125 lane=5 END   nanopynix/tests/rpc/client/test_eval_rpc.py::test_eval_attr_names ok
SOAK     5.126 lane=5 START nanopynix/tests/test_store_exec.py::test_rpc_a_program_in_a_relocated_store_runs_through_the_exec_prefix
SOAK     5.178 lane=1 END   nanopynix/tests/rpc/test_error_identity.py::test_a_setting_refusal_arrives_as_setting_not_live_error ok
SOAK     5.179 lane=1 START nanopynix/tests/rpc/client/test_eval_rpc.py::test_eval_session_cleanup
SOAK     5.209 lane=7 END   nanopynix/tests/rpc/client/test_eval_rpc.py::test_repl_session_scope_names_include_bindings_and_base_scope ok
SOAK     5.210 lane=7 START nanopynix/tests/rpc/client/test_eval_rpc.py::test_repl_session_load_file_autocalls_top_level_function
SOAK     5.246 lane=6 END   nanopynix/tests/rpc/client/test_eval_rpc.py::test_eval_callable_function_proxy ok
SOAK     5.249 lane=6 START nanopynix/tests/rpc/test_error_identity.py::test_a_negative_index_past_the_start_arrives_as_index_error
SOAK     5.282 lane=3 END   nanopynix/tests/rpc/client/test_eval_rpc.py::test_repl_session_open_is_idempotent ok
SOAK     5.282 lane=3 START nanopynix/tests/test_repl_scope_capacity.py::test_rpc_fills_the_repl_scope_exactly_to_the_end
SOAK     5.310 lane=4 END   nanopynix/tests/rpc/client/test_eval_rpc.py::test_copy_closure_between_stores ok
SOAK     5.310 lane=4 START nanopynix/tests/rpc/test_error_identity.py::test_a_nix_error_still_refines_past_the_class_the_worker_named
SOAK     5.337 lane=2 END   nanopynix/tests/rpc/client/test_eval_rpc.py::test_repl_session_edit_location_uses_function_source ok
SOAK     5.337 lane=0 END   nanopynix/tests/rpc/client/test_eval_rpc.py::test_eval_force_does_not_consume ok
SOAK     5.367 lane=2 START nanopynix/tests/rpc/client/test_eval_rpc.py::test_eval_file_simple
SOAK     5.404 lane=0 START nanopynix/tests/rpc/client/test_eval_rpc.py::test_eval_list
SOAK     6.662 lane=1 END   nanopynix/tests/rpc/client/test_eval_rpc.py::test_eval_session_cleanup ok
SOAK     6.663 lane=1 START nanopynix/tests/test_scalar_accessor_semantics.py::test_rpc_reads_a_string_carrying_store_path_context
SOAK     6.712 lane=4 END   nanopynix/tests/rpc/test_error_identity.py::test_a_nix_error_still_refines_past_the_class_the_worker_named ok
SOAK     6.712 lane=4 START nanopynix/tests/rpc/client/test_eval_rpc.py::test_eval_reused_function_can_call_separately_evaluated_value
SOAK     6.743 lane=6 END   nanopynix/tests/rpc/test_error_identity.py::test_a_negative_index_past_the_start_arrives_as_index_error ok
SOAK     6.745 lane=6 START nanopynix/tests/rpc/client/test_eval_rpc.py::test_eval_file_directory_loads_default_nix
SOAK     6.798 lane=7 END   nanopynix/tests/rpc/client/test_eval_rpc.py::test_repl_session_load_file_autocalls_top_level_function ok
SOAK     6.798 lane=7 START nanopynix/tests/rpc/client/test_eval_rpc.py::test_repl_session_adds_attrs_to_scope
SOAK     6.827 lane=0 END   nanopynix/tests/rpc/client/test_eval_rpc.py::test_eval_list ok
SOAK     6.839 lane=2 END   nanopynix/tests/rpc/client/test_eval_rpc.py::test_eval_file_simple ok
SOAK     6.839 lane=0 START nanopynix/tests/rpc/client/test_eval_rpc.py::test_repl_session_persists_bindings
SOAK     6.880 lane=2 START nanopynix/tests/rpc/client/test_eval_rpc.py::test_eval_attr_navigation
SOAK     7.462 lane=5 END   nanopynix/tests/test_store_exec.py::test_rpc_a_program_in_a_relocated_store_runs_through_the_exec_prefix ok
SOAK     7.462 lane=5 START nanopynix/tests/rpc/client/test_eval_rpc.py::test_eval_string
SOAK     7.477 lane=3 END   nanopynix/tests/test_repl_scope_capacity.py::test_rpc_fills_the_repl_scope_exactly_to_the_end ok
SOAK     7.477 lane=3 START nanopynix/tests/rpc/client/test_eval_rpc.py::test_eval_has_attr
SOAK     8.022 lane=4 END   nanopynix/tests/rpc/client/test_eval_rpc.py::test_eval_reused_function_can_call_separately_evaluated_value ok
SOAK     8.045 lane=1 END   nanopynix/tests/test_scalar_accessor_semantics.py::test_rpc_reads_a_string_carrying_store_path_context ok
SOAK     8.045 lane=1 START nanopynix/tests/rpc/client/test_eval_rpc.py::test_eval_call_function_with_nested_value_proxy_arg
SOAK     8.089 lane=6 END   nanopynix/tests/rpc/client/test_eval_rpc.py::test_eval_file_directory_loads_default_nix ok
SOAK     8.129 lane=0 END   nanopynix/tests/rpc/client/test_eval_rpc.py::test_repl_session_persists_bindings ok
SOAK     8.129 lane=0 START nanopynix/tests/test_store_metadata_fidelity.py::test_rpc_read_derivation_keeps_nested_input_drvs
SOAK     8.171 lane=7 END   nanopynix/tests/rpc/client/test_eval_rpc.py::test_repl_session_adds_attrs_to_scope ok
SOAK     8.186 lane=2 END   nanopynix/tests/rpc/client/test_eval_rpc.py::test_eval_attr_navigation ok
SOAK     8.186 lane=2 START nanopynix/tests/rpc/client/test_eval_rpc.py::test_eval_auto_call_function_with_default_attrset_args
SOAK     8.592 lane=5 END   nanopynix/tests/rpc/client/test_eval_rpc.py::test_eval_string ok
SOAK     8.605 lane=3 END   nanopynix/tests/rpc/client/test_eval_rpc.py::test_eval_has_attr ok
SOAK     9.291 lane=1 END   nanopynix/tests/rpc/client/test_eval_rpc.py::test_eval_call_function_with_nested_value_proxy_arg ok
SOAK     9.363 lane=2 END   nanopynix/tests/rpc/client/test_eval_rpc.py::test_eval_auto_call_function_with_default_attrset_args ok
SOAK     9.364 lane=0 END   nanopynix/tests/test_store_metadata_fidelity.py::test_rpc_read_derivation_keeps_nested_input_drvs ok
SOAK END ok=43 fail=0
PASSED

=============================== warnings summary ===============================
nanopynix-helpers/src/nanopynix_helpers/fod.py:28
  /nix/store/068zcmrz9dbz5w3kdja5bvbybfk1783n-nanopynix-source/nanopynix-helpers/src/nanopynix_helpers/fod.py:28: DeprecationWarning: int argument support is deprecated
    _NIX_LANGUAGE = Language(cast("int", tree_sitter_nix.language()))  # type: ignore[reportDeprecated, reportUnknownMemberType] -- tree-sitter-nix 0.3 exposes the legacy integer language pointer

pynix/src/pynix/_nix_syntax.py:24
  /nix/store/068zcmrz9dbz5w3kdja5bvbybfk1783n-nanopynix-source/pynix/src/pynix/_nix_syntax.py:24: DeprecationWarning: int argument support is deprecated
    NIX_LANGUAGE = Language(cast("int", tree_sitter_nix.language()))  # type: ignore[reportDeprecated, reportUnknownMemberType] -- tree-sitter-nix 0.3 exposes the legacy integer language pointer

../xdhampxgcaq13aah0q0lmq0zbdmx9yki-nanopynix-test-env/lib/python3.14/site-packages/_pytest/python.py:124
  /nix/store/xdhampxgcaq13aah0q0lmq0zbdmx9yki-nanopynix-test-env/lib/python3.14/site-packages/_pytest/python.py:124: PytestRemovedIn10Warning: Passing a non-Collection iterable to parametrize is deprecated.
  Test: tests/meta/test_ci_step_policy.py::test_a_run_body_is_one_line, argvalues type: generator
  Please convert to a list or tuple.
  See https://docs.pytest.org/en/stable/deprecations.html#parametrize-iterators
    metafunc.parametrize(*marker.args, **marker.kwargs, _param_mark=marker)

../xdhampxgcaq13aah0q0lmq0zbdmx9yki-nanopynix-test-env/lib/python3.14/site-packages/_pytest/python.py:124
  /nix/store/xdhampxgcaq13aah0q0lmq0zbdmx9yki-nanopynix-test-env/lib/python3.14/site-packages/_pytest/python.py:124: PytestRemovedIn10Warning: Passing a non-Collection iterable to parametrize is deprecated.
  Test: tests/meta/test_ci_step_policy.py::test_a_run_body_holds_no_workflow_expression, argvalues type: generator
  Please convert to a list or tuple.
  See https://docs.pytest.org/en/stable/deprecations.html#parametrize-iterators
    metafunc.parametrize(*marker.args, **marker.kwargs, _param_mark=marker)

-- Docs: https://docs.pytest.org/en/stable/how-to/capture-warnings.html
=============== 4 passed, 3761 deselected, 4 warnings in 58.83s ================
=== TSAN run 2 exit status: 0 ===
=== TSAN run 3 ===
/nix/store/xdhampxgcaq13aah0q0lmq0zbdmx9yki-nanopynix-test-env/lib/python3.14/site-packages/hypothesis/_settings.py:1098: HypothesisWarning: The database setting is not configured, and the default location is unusable - falling back to an in-memory database for this session.  path=PosixPath('/nix/store/068zcmrz9dbz5w3kdja5bvbybfk1783n-nanopynix-source/.hypothesis/examples')
  value = getattr(self, name)
/nix/store/xdhampxgcaq13aah0q0lmq0zbdmx9yki-nanopynix-test-env/lib/python3.14/site-packages/hypothesis/_settings.py:1099: HypothesisWarning: The database setting is not configured, and the default location is unusable - falling back to an in-memory database for this session.  path=PosixPath('/nix/store/068zcmrz9dbz5w3kdja5bvbybfk1783n-nanopynix-source/.hypothesis/examples')
  if value != getattr(default, name):
============================= test session starts ==============================
platform linux -- Python 3.14.7, pytest-9.1.1, pluggy-1.6.0 -- /nix/store/xdhampxgcaq13aah0q0lmq0zbdmx9yki-nanopynix-test-env/bin/python3.14
hypothesis profile 'default' -> database=InMemoryExampleDatabase({})
rootdir: /nix/store/068zcmrz9dbz5w3kdja5bvbybfk1783n-nanopynix-source
configfile: pytest.ini
testpaths: tests, nanopynix/tests, nanopynix-helpers/tests, pynix/tests, pynix-lsp/tests
plugins: anyio-4.14.2, hypothesis-6.156.1, cov-7.1.0, dependency-0.6.1, forked-1.6.0, xdist-3.8.0, lsp-1.0.1, asyncio-1.4.0
asyncio: mode=Mode.STRICT, debug=False, asyncio_default_fixture_loop_scope=None, asyncio_default_test_loop_scope=function
collecting ... collected 3765 items / 3761 deselected / 4 selected

nanopynix/tests/test_concurrent_soak.py::test_soak_inproc[local] SOAK BEGIN seed=3 lanes=8 tests=77 roster=sha256:f79eb9dbfc68391d
SOAK     0.001 lane=1 START nanopynix/tests/inproc/test_inproc.py::test_a_value_the_caller_still_holds_survives_a_collection
SOAK     0.002 lane=3 START nanopynix/tests/inproc/test_inproc_cancel.py::test_a_cancelled_interruptible_operation_frees_the_evaluator
SOAK     0.003 lane=5 START nanopynix/tests/inproc/test_inproc.py::test_inproc_store_uri_and_store_dir
SOAK     0.007 lane=6 START nanopynix/tests/inproc/test_inproc.py::test_inproc_value_rejects_use_after_eval_close
SOAK     0.008 lane=7 START nanopynix/tests/primops/test_sleep_primop.py::test_sleep_waits_for_the_time_it_is_given
SOAK     0.013 lane=0 START nanopynix/tests/inproc/test_inproc.py::test_inproc_value_edit_location
SOAK     0.013 lane=2 START nanopynix/tests/test_flake_lock_graph.py::test_find_input_returns_none_for_a_name_that_is_not_an_input
SOAK     0.033 lane=4 START nanopynix/tests/test_store_dump_db.py::test_the_records_follow_the_order_of_the_argument
SOAK     0.394 lane=5 END   nanopynix/tests/inproc/test_inproc.py::test_inproc_store_uri_and_store_dir ok
SOAK     0.395 lane=5 START nanopynix/tests/inproc/test_inproc.py::test_inproc_allows_concurrent_eval_states_on_one_store
SOAK     0.397 lane=6 END   nanopynix/tests/inproc/test_inproc.py::test_inproc_value_rejects_use_after_eval_close ok
SOAK     0.413 lane=6 START nanopynix/tests/test_flake_lock_graph.py::test_metadata_json_carries_the_whole_graph
SOAK     0.459 lane=1 END   nanopynix/tests/inproc/test_inproc.py::test_a_value_the_caller_still_holds_survives_a_collection ok
SOAK     0.460 lane=1 START nanopynix/tests/inproc/test_inproc.py::test_inproc_repl_open_is_idempotent
SOAK     0.473 lane=0 END   nanopynix/tests/inproc/test_inproc.py::test_inproc_value_edit_location ok
SOAK     0.473 lane=0 START nanopynix/tests/inproc/test_inproc.py::test_inproc_store_open_is_idempotent
SOAK     0.494 lane=0 END   nanopynix/tests/inproc/test_inproc.py::test_inproc_store_open_is_idempotent ok
SOAK     0.494 lane=0 START nanopynix/tests/inproc/test_inproc.py::test_inproc_session_subscribe_receives_a_request_finalized_event
SOAK     0.499 lane=7 END   nanopynix/tests/primops/test_sleep_primop.py::test_sleep_waits_for_the_time_it_is_given ok
SOAK     0.500 lane=0 END   nanopynix/tests/inproc/test_inproc.py::test_inproc_session_subscribe_receives_a_request_finalized_event ok
SOAK     0.500 lane=0 START nanopynix/tests/inproc/test_inproc.py::test_inproc_value_build_raises_on_build_failure
SOAK     0.508 lane=7 START nanopynix/tests/inproc/test_inproc.py::test_inproc_copy_closure_copies_between_two_stores_in_one_session
SOAK     0.526 lane=4 END   nanopynix/tests/test_store_dump_db.py::test_the_records_follow_the_order_of_the_argument ok
SOAK     0.526 lane=4 START nanopynix/tests/primops/test_sleep_primop.py::test_sleep_is_a_builtin_and_not_a_global
SOAK     0.530 lane=5 END   nanopynix/tests/inproc/test_inproc.py::test_inproc_allows_concurrent_eval_states_on_one_store ok
SOAK     0.530 lane=5 START nanopynix/tests/inproc/test_inproc.py::test_inproc_value_release_is_idempotent
SOAK     0.549 lane=1 END   nanopynix/tests/inproc/test_inproc.py::test_inproc_repl_open_is_idempotent ok
SOAK     0.552 lane=2 END   nanopynix/tests/test_flake_lock_graph.py::test_find_input_returns_none_for_a_name_that_is_not_an_input ok
SOAK     0.552 lane=2 START nanopynix/tests/inproc/test_inproc.py::test_inproc_value_call_accepts_value_argument
SOAK     0.559 lane=1 START nanopynix/tests/inproc/test_inproc.py::test_inproc_eval_flake
SOAK     0.596 lane=5 END   nanopynix/tests/inproc/test_inproc.py::test_inproc_value_release_is_idempotent ok
SOAK     0.596 lane=5 START nanopynix/tests/inproc/test_inproc.py::test_inproc_eval_state_can_be_closed_and_reopened
SOAK     0.653 lane=6 END   nanopynix/tests/test_flake_lock_graph.py::test_metadata_json_carries_the_whole_graph ok
SOAK     0.706 lane=6 START nanopynix/tests/test_flake_lock_graph.py::test_find_input_returns_a_locked_ref_with_a_rev
SOAK     0.825 lane=2 END   nanopynix/tests/inproc/test_inproc.py::test_inproc_value_call_accepts_value_argument ok
SOAK     0.826 lane=7 END   nanopynix/tests/inproc/test_inproc.py::test_inproc_copy_closure_copies_between_two_stores_in_one_session ok
SOAK     0.829 lane=4 END   nanopynix/tests/primops/test_sleep_primop.py::test_sleep_is_a_builtin_and_not_a_global ok
SOAK     0.829 lane=4 START nanopynix/tests/test_store_metadata_fidelity.py::test_inproc_read_derivation_keeps_structured_attrs
SOAK     0.833 lane=2 START nanopynix/tests/inproc/test_inproc.py::test_inproc_locked_flake_facade
SOAK     0.852 lane=5 END   nanopynix/tests/inproc/test_inproc.py::test_inproc_eval_state_can_be_closed_and_reopened ok
SOAK     0.852 lane=5 START nanopynix/tests/test_scalar_accessor_semantics.py::test_deep_conversion_of_a_derivation_terminates
SOAK     0.924 lane=7 START nanopynix/tests/inproc/test_inproc.py::test_inproc_optimise_and_verify_a_private_store
SOAK     1.011 lane=1 END   nanopynix/tests/inproc/test_inproc.py::test_inproc_eval_flake ok
SOAK     1.011 lane=1 START nanopynix/tests/inproc/test_inproc.py::test_inproc_eval_open_requires_open_store
SOAK     1.015 lane=1 END   nanopynix/tests/inproc/test_inproc.py::test_inproc_eval_open_requires_open_store ok
SOAK     1.015 lane=1 START nanopynix/tests/inproc/test_inproc.py::test_inproc_repl_requires_open_repl
SOAK     1.097 lane=6 END   nanopynix/tests/test_flake_lock_graph.py::test_find_input_returns_a_locked_ref_with_a_rev ok
SOAK     1.098 lane=6 START nanopynix/tests/inproc/test_inproc.py::test_inproc_value_to_python
SOAK     1.098 lane=1 END   nanopynix/tests/inproc/test_inproc.py::test_inproc_repl_requires_open_repl ok
SOAK     1.101 lane=5 END   nanopynix/tests/test_scalar_accessor_semantics.py::test_deep_conversion_of_a_derivation_terminates ok
SOAK     1.102 lane=5 START nanopynix/tests/bindings/test_value_accessor_types.py::test_an_int_read_as_a_string_names_both_types
SOAK     1.107 lane=1 START nanopynix/tests/test_stores.py::test_two_store_roots_get_a_local_store_each
SOAK     1.122 lane=4 END   nanopynix/tests/test_store_metadata_fidelity.py::test_inproc_read_derivation_keeps_structured_attrs ok
SOAK     1.133 lane=4 START nanopynix/tests/inproc/test_inproc.py::test_inproc_store_query_derivation_outputs_and_valid_derivers
SOAK     1.192 lane=5 END   nanopynix/tests/bindings/test_value_accessor_types.py::test_an_int_read_as_a_string_names_both_types ok
SOAK     1.202 lane=5 START nanopynix/tests/test_scalar_accessor_semantics.py::test_max_call_depth_is_a_nix_error_with_error_info
SOAK     1.204 lane=7 END   nanopynix/tests/inproc/test_inproc.py::test_inproc_optimise_and_verify_a_private_store ok
SOAK     1.229 lane=7 START nanopynix/tests/inproc/test_inproc.py::test_inproc_value_rejects_use_from_different_eval_session
SOAK     1.294 lane=6 END   nanopynix/tests/inproc/test_inproc.py::test_inproc_value_to_python ok
SOAK     1.294 lane=6 START nanopynix/tests/inproc/test_inproc.py::test_inproc_session_subscribe_receives_log_events
SOAK     1.303 lane=4 END   nanopynix/tests/inproc/test_inproc.py::test_inproc_store_query_derivation_outputs_and_valid_derivers ok
SOAK     1.303 lane=4 START nanopynix/tests/inproc/test_inproc.py::test_inproc_value_attr_names
SOAK     1.303 lane=0 END   nanopynix/tests/inproc/test_inproc.py::test_inproc_value_build_raises_on_build_failure ok
SOAK     1.303 lane=0 START nanopynix/tests/inproc/test_inproc.py::test_inproc_concurrent_eval_sessions_have_independent_pure_eval
SOAK     1.309 lane=7 END   nanopynix/tests/inproc/test_inproc.py::test_inproc_value_rejects_use_from_different_eval_session ok
SOAK     1.309 lane=7 START nanopynix/tests/primops/test_sleep_primop.py::test_sleep_refuses_a_negative_duration
SOAK     1.367 lane=6 END   nanopynix/tests/inproc/test_inproc.py::test_inproc_session_subscribe_receives_log_events ok
SOAK     1.372 lane=6 START nanopynix/tests/inproc/test_inproc.py::test_inproc_value_auto_call
SOAK     1.383 lane=5 END   nanopynix/tests/test_scalar_accessor_semantics.py::test_max_call_depth_is_a_nix_error_with_error_info ok
SOAK     1.395 lane=5 START nanopynix/tests/inproc/test_inproc.py::test_inproc_value_build_rejects_store_from_different_session
SOAK     1.471 lane=2 END   nanopynix/tests/inproc/test_inproc.py::test_inproc_locked_flake_facade ok
SOAK     1.472 lane=4 END   nanopynix/tests/inproc/test_inproc.py::test_inproc_value_attr_names ok
SOAK     1.472 lane=7 END   nanopynix/tests/primops/test_sleep_primop.py::test_sleep_refuses_a_negative_duration ok
SOAK     1.474 lane=5 END   nanopynix/tests/inproc/test_inproc.py::test_inproc_value_build_rejects_store_from_different_session ok
SOAK     1.474 lane=5 START nanopynix/tests/bindings/test_value_accessor_types.py::test_accessors_force_a_thunk_first
SOAK     1.475 lane=2 START nanopynix/tests/inproc/test_inproc.py::test_inproc_repl_load_file_and_add_attrs
SOAK     1.478 lane=4 START nanopynix/tests/inproc/test_inproc.py::test_inproc_locked_flake_release_is_idempotent
SOAK     1.487 lane=7 START nanopynix/tests/inproc/test_inproc.py::test_inproc_eval_file
SOAK     1.488 lane=6 END   nanopynix/tests/inproc/test_inproc.py::test_inproc_value_auto_call ok
SOAK     1.491 lane=6 START nanopynix/tests/test_store_engine_parity_semantics.py::test_a_bare_drv_round_trips_through_its_own_reply
SOAK     1.537 lane=0 END   nanopynix/tests/inproc/test_inproc.py::test_inproc_concurrent_eval_sessions_have_independent_pure_eval ok
SOAK     1.537 lane=0 START nanopynix/tests/inproc/test_inproc.py::test_inproc_value_autocall_and_realise_argv
SOAK     1.552 lane=5 END   nanopynix/tests/bindings/test_value_accessor_types.py::test_accessors_force_a_thunk_first ok
SOAK     1.559 lane=7 END   nanopynix/tests/inproc/test_inproc.py::test_inproc_eval_file ok
SOAK     1.559 lane=7 START nanopynix/tests/test_scalar_accessor_semantics.py::test_deep_conversion_of_a_true_cycle_raises_instead_of_crashing
SOAK     1.559 lane=6 END   nanopynix/tests/test_store_engine_parity_semantics.py::test_a_bare_drv_round_trips_through_its_own_reply ok
SOAK     1.559 lane=6 START nanopynix/tests/inproc/test_inproc.py::test_inproc_selection_on_a_released_value_raises_at_selection
SOAK     1.563 lane=2 END   nanopynix/tests/inproc/test_inproc.py::test_inproc_repl_load_file_and_add_attrs ok
SOAK     1.564 lane=2 START nanopynix/tests/test_store_metadata_fidelity.py::test_an_opaque_request_builds_nothing_and_says_so
SOAK     1.599 lane=4 END   nanopynix/tests/inproc/test_inproc.py::test_inproc_locked_flake_release_is_idempotent ok
SOAK     1.600 lane=4 START nanopynix/tests/test_store_metadata_fidelity.py::test_inproc_read_derivation_keeps_nested_input_drvs
SOAK     1.603 lane=6 END   nanopynix/tests/inproc/test_inproc.py::test_inproc_selection_on_a_released_value_raises_at_selection ok
SOAK     1.605 lane=0 END   nanopynix/tests/inproc/test_inproc.py::test_inproc_value_autocall_and_realise_argv ok
SOAK     1.614 lane=0 START nanopynix/tests/inproc/test_inproc.py::test_collect_garbage_rejects_an_unsupported_action
SOAK     1.619 lane=6 START nanopynix/tests/inproc/test_inproc.py::test_inproc_eval_close_releases_leftover_locked_flakes
SOAK     1.636 lane=0 END   nanopynix/tests/inproc/test_inproc.py::test_collect_garbage_rejects_an_unsupported_action ok
SOAK     1.645 lane=0 START nanopynix/tests/test_repl_scope_capacity.py::test_inproc_fills_the_repl_scope_exactly_to_the_end
SOAK     1.747 lane=4 END   nanopynix/tests/test_store_metadata_fidelity.py::test_inproc_read_derivation_keeps_nested_input_drvs ok
SOAK     1.749 lane=4 START nanopynix/tests/test_flake_lock_graph.py::test_find_input_resolves_a_follows_edge
SOAK     1.829 lane=6 END   nanopynix/tests/inproc/test_inproc.py::test_inproc_eval_close_releases_leftover_locked_flakes ok
SOAK     1.928 lane=4 END   nanopynix/tests/test_flake_lock_graph.py::test_find_input_resolves_a_follows_edge ok
SOAK     1.928 lane=4 START nanopynix/tests/test_store_metadata_fidelity.py::test_inproc_build_reports_the_path_it_produced
SOAK     2.056 lane=1 END   nanopynix/tests/test_stores.py::test_two_store_roots_get_a_local_store_each ok
SOAK     2.057 lane=1 START nanopynix/tests/inproc/test_inproc.py::test_the_collector_owner_thread_outlives_the_session
SOAK     2.118 lane=1 END   nanopynix/tests/inproc/test_inproc.py::test_the_collector_owner_thread_outlives_the_session ok
SOAK     2.118 lane=1 START nanopynix/tests/test_scalar_accessor_semantics.py::test_apply_accepts_an_already_evaluated_function
SOAK     2.155 lane=1 END   nanopynix/tests/test_scalar_accessor_semantics.py::test_apply_accepts_an_already_evaluated_function ok
SOAK     2.156 lane=1 START nanopynix/tests/inproc/test_inproc.py::test_inproc_repl_supports_shared_protocol_operations
SOAK     2.199 lane=2 END   nanopynix/tests/test_store_metadata_fidelity.py::test_an_opaque_request_builds_nothing_and_says_so ok
SOAK     2.200 lane=2 START nanopynix/tests/inproc/test_inproc.py::test_inproc_lock_flake_update_inputs_variants
SOAK     2.228 lane=1 END   nanopynix/tests/inproc/test_inproc.py::test_inproc_repl_supports_shared_protocol_operations ok
SOAK     2.228 lane=1 START nanopynix/tests/inproc/test_inproc.py::test_inproc_eval_value_navigation
SOAK     2.282 lane=1 END   nanopynix/tests/inproc/test_inproc.py::test_inproc_eval_value_navigation ok
SOAK     2.308 lane=2 END   nanopynix/tests/inproc/test_inproc.py::test_inproc_lock_flake_update_inputs_variants ok
SOAK     2.308 lane=2 START nanopynix/tests/inproc/test_inproc.py::test_inproc_value_context_manager_releases_rooted_value
SOAK     2.341 lane=2 END   nanopynix/tests/inproc/test_inproc.py::test_inproc_value_context_manager_releases_rooted_value ok
SOAK     2.341 lane=2 START nanopynix/tests/inproc/test_inproc.py::test_inproc_eval_rejects_store_from_different_session
SOAK     2.348 lane=2 END   nanopynix/tests/inproc/test_inproc.py::test_inproc_eval_rejects_store_from_different_session ok
SOAK     2.348 lane=2 START nanopynix/tests/inproc/test_inproc.py::test_inproc_store_collect_garbage_return_dead
SOAK     2.544 lane=2 END   nanopynix/tests/inproc/test_inproc.py::test_inproc_store_collect_garbage_return_dead ok
SOAK     2.544 lane=2 START nanopynix/tests/test_store_exec.py::test_inproc_a_program_in_a_relocated_store_runs_through_the_exec_prefix
SOAK     2.592 lane=0 END   nanopynix/tests/test_repl_scope_capacity.py::test_inproc_fills_the_repl_scope_exactly_to_the_end ok
SOAK     2.592 lane=0 START nanopynix/tests/test_store_engine_parity_semantics.py::test_the_selector_actually_reaches_nix
SOAK     2.620 lane=0 END   nanopynix/tests/test_store_engine_parity_semantics.py::test_the_selector_actually_reaches_nix ok
SOAK     2.620 lane=0 START nanopynix/tests/inproc/test_inproc.py::test_inproc_value_scalar_conversions
SOAK     2.651 lane=0 END   nanopynix/tests/inproc/test_inproc.py::test_inproc_value_scalar_conversions ok
SOAK     3.565 lane=2 END   nanopynix/tests/test_store_exec.py::test_inproc_a_program_in_a_relocated_store_runs_through_the_exec_prefix ok
SOAK     5.631 lane=7 END   nanopynix/tests/test_scalar_accessor_semantics.py::test_deep_conversion_of_a_true_cycle_raises_instead_of_crashing ok
SOAK     5.631 lane=7 START nanopynix/tests/test_scalar_accessor_semantics.py::test_inproc_reads_a_string_carrying_store_path_context
SOAK     5.647 lane=7 END   nanopynix/tests/test_scalar_accessor_semantics.py::test_inproc_reads_a_string_carrying_store_path_context ok
SOAK     5.647 lane=7 START nanopynix/tests/test_repl_scope_capacity.py::test_inproc_refuses_one_binding_past_the_end
SOAK     5.983 lane=7 END   nanopynix/tests/test_repl_scope_capacity.py::test_inproc_refuses_one_binding_past_the_end ok
SOAK     6.172 lane=3 END   nanopynix/tests/inproc/test_inproc_cancel.py::test_a_cancelled_interruptible_operation_frees_the_evaluator ok
SOAK     6.172 lane=3 START nanopynix/tests/inproc/test_inproc_cancel.py::test_an_operation_that_runs_a_nix_thread_pool_still_completes
SOAK     6.986 lane=4 END   nanopynix/tests/test_store_metadata_fidelity.py::test_inproc_build_reports_the_path_it_produced ok
SOAK     6.986 lane=4 START nanopynix/tests/inproc/test_inproc.py::test_inproc_store_not_open_raises
SOAK     6.986 lane=4 END   nanopynix/tests/inproc/test_inproc.py::test_inproc_store_not_open_raises ok
SOAK    10.283 lane=3 END   nanopynix/tests/inproc/test_inproc_cancel.py::test_an_operation_that_runs_a_nix_thread_pool_still_completes ok
SOAK    10.284 lane=3 START nanopynix/tests/inproc/test_inproc.py::test_inproc_eval_open_and_close_are_idempotent
SOAK    10.290 lane=3 END   nanopynix/tests/inproc/test_inproc.py::test_inproc_eval_open_and_close_are_idempotent ok
SOAK    10.290 lane=3 START nanopynix/tests/inproc/test_inproc.py::test_inproc_store_read_derivation
SOAK    10.302 lane=3 END   nanopynix/tests/inproc/test_inproc.py::test_inproc_store_read_derivation ok
SOAK    10.302 lane=3 START nanopynix/tests/inproc/test_inproc.py::test_inproc_store_cannot_close_while_its_eval_state_is_open
SOAK    10.309 lane=3 END   nanopynix/tests/inproc/test_inproc.py::test_inproc_store_cannot_close_while_its_eval_state_is_open ok
SOAK    10.310 lane=3 START nanopynix/tests/test_stores.py::test_a_store_root_that_came_back_is_not_the_old_store
SOAK    10.394 lane=3 END   nanopynix/tests/test_stores.py::test_a_store_root_that_came_back_is_not_the_old_store ok
SOAK    10.394 lane=3 START nanopynix/tests/bindings/test_store_empty_path.py::test_the_guard_lives_in_cpp_not_in_the_python_wrapper
SOAK    10.396 lane=3 END   nanopynix/tests/bindings/test_store_empty_path.py::test_the_guard_lives_in_cpp_not_in_the_python_wrapper ok
SOAK    10.396 lane=3 START nanopynix/tests/inproc/test_inproc.py::test_inproc_eval_close_releases_values_left_open
SOAK    10.404 lane=3 END   nanopynix/tests/inproc/test_inproc.py::test_inproc_eval_close_releases_values_left_open ok
SOAK    10.405 lane=3 START nanopynix/tests/inproc/test_inproc.py::test_inproc_store_query_missing
SOAK    10.409 lane=3 END   nanopynix/tests/inproc/test_inproc.py::test_inproc_store_query_missing ok
SOAK    10.410 lane=3 START nanopynix/tests/test_stores.py::test_two_handles_on_one_local_store_share_the_temp_roots_file
SOAK    10.484 lane=3 END   nanopynix/tests/test_stores.py::test_two_handles_on_one_local_store_share_the_temp_roots_file ok
SOAK END ok=77 fail=0
PASSED
nanopynix/tests/test_concurrent_soak.py::test_soak_rpc[local] SOAK BEGIN seed=3 lanes=8 tests=43 roster=sha256:eef7d5aefd96e46b
SOAK     0.001 lane=1 START nanopynix/tests/rpc/test_error_identity.py::test_a_nix_error_still_refines_past_the_class_the_worker_named
SOAK     0.012 lane=3 START nanopynix/tests/rpc/client/test_eval_rpc.py::test_eval_call_function_with_value_proxy_arg
SOAK     0.022 lane=4 START nanopynix/tests/rpc/client/test_eval_rpc.py::test_eval_auto_call_function_with_default_attrset_args
SOAK     0.044 lane=5 START nanopynix/tests/rpc/client/test_eval_rpc.py::test_eval_call_function_with_nested_value_proxy_arg
SOAK     0.064 lane=7 START nanopynix/tests/rpc/client/test_eval_rpc.py::test_force_closing_store_closes_dependent_eval_state
SOAK     0.099 lane=0 START nanopynix/tests/rpc/client/test_eval_rpc.py::test_eval_has_attr
SOAK     0.120 lane=2 START nanopynix/tests/rpc/client/test_eval_rpc.py::test_eval_attr_names
SOAK     0.174 lane=6 START nanopynix/tests/test_store_exec.py::test_rpc_a_program_in_a_relocated_store_runs_through_the_exec_prefix
SOAK     1.553 lane=7 END   nanopynix/tests/rpc/client/test_eval_rpc.py::test_force_closing_store_closes_dependent_eval_state ok
SOAK     1.554 lane=7 START nanopynix/tests/rpc/client/test_eval_rpc.py::test_eval_attr_navigation
SOAK     1.598 lane=1 END   nanopynix/tests/rpc/test_error_identity.py::test_a_nix_error_still_refines_past_the_class_the_worker_named ok
SOAK     1.599 lane=1 START nanopynix/tests/rpc/client/test_eval_rpc.py::test_eval_file_simple
SOAK     1.641 lane=5 END   nanopynix/tests/rpc/client/test_eval_rpc.py::test_eval_call_function_with_nested_value_proxy_arg ok
SOAK     1.641 lane=3 END   nanopynix/tests/rpc/client/test_eval_rpc.py::test_eval_call_function_with_value_proxy_arg ok
SOAK     1.643 lane=3 START nanopynix/tests/rpc/client/test_eval_rpc.py::test_eval_strict_accessor_and_apply
SOAK     1.671 lane=4 END   nanopynix/tests/rpc/client/test_eval_rpc.py::test_eval_auto_call_function_with_default_attrset_args ok
SOAK     1.676 lane=5 START nanopynix/tests/rpc/client/test_eval_rpc.py::test_repl_session_persists_bindings
SOAK     1.713 lane=2 END   nanopynix/tests/rpc/client/test_eval_rpc.py::test_eval_attr_names ok
SOAK     1.713 lane=2 START nanopynix/tests/rpc/client/test_eval_rpc.py::test_eval_string
SOAK     1.743 lane=0 END   nanopynix/tests/rpc/client/test_eval_rpc.py::test_eval_has_attr ok
SOAK     1.743 lane=4 START nanopynix/tests/rpc/client/test_eval_rpc.py::test_eval_concurrent_sessions
SOAK     1.843 lane=0 START nanopynix/tests/rpc/client/test_eval_rpc.py::test_eval_file_directory_loads_default_nix
SOAK     2.149 lane=6 END   nanopynix/tests/test_store_exec.py::test_rpc_a_program_in_a_relocated_store_runs_through_the_exec_prefix ok
SOAK     2.167 lane=6 START nanopynix/tests/rpc/client/test_eval_rpc.py::test_repl_session_load_file_autocalls_top_level_function
SOAK     3.090 lane=7 END   nanopynix/tests/rpc/client/test_eval_rpc.py::test_eval_attr_navigation ok
SOAK     3.090 lane=7 START nanopynix/tests/rpc/client/test_eval_rpc.py::test_eval_thunk
SOAK     3.167 lane=1 END   nanopynix/tests/rpc/client/test_eval_rpc.py::test_eval_file_simple ok
SOAK     3.169 lane=1 START nanopynix/tests/rpc/client/test_eval_rpc.py::test_repl_session_edit_location_uses_function_source
SOAK     3.246 lane=2 END   nanopynix/tests/rpc/client/test_eval_rpc.py::test_eval_string ok
SOAK     3.246 lane=2 START nanopynix/tests/rpc/test_error_identity.py::test_a_setting_refusal_arrives_as_setting_not_live_error
SOAK     3.315 lane=4 END   nanopynix/tests/rpc/client/test_eval_rpc.py::test_eval_concurrent_sessions ok
SOAK     3.315 lane=4 START nanopynix/tests/test_scalar_accessor_semantics.py::test_rpc_reads_a_string_carrying_store_path_context
SOAK     3.347 lane=5 END   nanopynix/tests/rpc/client/test_eval_rpc.py::test_repl_session_persists_bindings ok
SOAK     3.347 lane=5 START nanopynix/tests/rpc/client/test_eval_rpc.py::test_eval_call_non_function_raises
SOAK     3.394 lane=0 END   nanopynix/tests/rpc/client/test_eval_rpc.py::test_eval_file_directory_loads_default_nix ok
SOAK     3.394 lane=0 START nanopynix/tests/rpc/test_error_identity.py::test_an_unsupported_scalar_type_arrives_as_value_error
SOAK     3.411 lane=6 END   nanopynix/tests/rpc/client/test_eval_rpc.py::test_repl_session_load_file_autocalls_top_level_function ok
SOAK     3.411 lane=6 START nanopynix/tests/test_repl_scope_capacity.py::test_rpc_fills_the_repl_scope_exactly_to_the_end
SOAK     3.432 lane=3 END   nanopynix/tests/rpc/client/test_eval_rpc.py::test_eval_strict_accessor_and_apply ok
SOAK     3.432 lane=3 START nanopynix/tests/test_store_metadata_fidelity.py::test_rpc_build_reports_the_path_it_produced
SOAK     4.337 lane=7 END   nanopynix/tests/rpc/client/test_eval_rpc.py::test_eval_thunk ok
SOAK     4.338 lane=7 START nanopynix/tests/rpc/client/test_eval_rpc.py::test_eval_force_does_not_consume
SOAK     4.679 lane=1 END   nanopynix/tests/rpc/client/test_eval_rpc.py::test_repl_session_edit_location_uses_function_source ok
SOAK     4.679 lane=1 START nanopynix/tests/rpc/client/test_eval_rpc.py::test_to_python_refuses_a_tree_containing_a_function
SOAK     4.708 lane=2 END   nanopynix/tests/rpc/test_error_identity.py::test_a_setting_refusal_arrives_as_setting_not_live_error ok
SOAK     4.708 lane=2 START nanopynix/tests/rpc/client/test_eval_rpc.py::test_repl_session_scope_names_include_bindings_and_base_scope
SOAK     4.829 lane=4 END   nanopynix/tests/test_scalar_accessor_semantics.py::test_rpc_reads_a_string_carrying_store_path_context ok
SOAK     4.831 lane=4 START nanopynix/tests/rpc/client/test_eval_rpc.py::test_eval_session_cleanup
SOAK     4.874 lane=5 END   nanopynix/tests/rpc/client/test_eval_rpc.py::test_eval_call_non_function_raises ok
SOAK     4.874 lane=5 START nanopynix/tests/test_store_metadata_fidelity.py::test_rpc_read_derivation_keeps_structured_attrs
SOAK     4.906 lane=0 END   nanopynix/tests/rpc/test_error_identity.py::test_an_unsupported_scalar_type_arrives_as_value_error ok
SOAK     4.906 lane=0 START nanopynix/tests/rpc/test_error_identity.py::test_a_negative_index_past_the_start_arrives_as_index_error
SOAK     4.942 lane=3 END   nanopynix/tests/test_store_metadata_fidelity.py::test_rpc_build_reports_the_path_it_produced ok
SOAK     4.943 lane=3 START nanopynix/tests/rpc/client/test_eval_rpc.py::test_repl_session_open_is_idempotent
SOAK     5.381 lane=6 END   nanopynix/tests/test_repl_scope_capacity.py::test_rpc_fills_the_repl_scope_exactly_to_the_end ok
SOAK     5.381 lane=6 START nanopynix/tests/rpc/client/test_eval_rpc.py::test_forced_attrs_borrow_the_parent_value_handle
SOAK     5.489 lane=7 END   nanopynix/tests/rpc/client/test_eval_rpc.py::test_eval_force_does_not_consume ok
SOAK     5.489 lane=7 START nanopynix/tests/rpc/client/test_eval_rpc.py::test_eval_callable_function_proxy
SOAK     6.137 lane=2 END   nanopynix/tests/rpc/client/test_eval_rpc.py::test_repl_session_scope_names_include_bindings_and_base_scope ok
SOAK     6.137 lane=2 START nanopynix/tests/test_store_metadata_fidelity.py::test_rpc_read_derivation_keeps_nested_input_drvs
SOAK     6.163 lane=1 END   nanopynix/tests/rpc/client/test_eval_rpc.py::test_to_python_refuses_a_tree_containing_a_function ok
SOAK     6.163 lane=1 START nanopynix/tests/rpc/client/test_eval_rpc.py::test_eval_reused_function_can_call_separately_evaluated_value
SOAK     6.211 lane=4 END   nanopynix/tests/rpc/client/test_eval_rpc.py::test_eval_session_cleanup ok
SOAK     6.211 lane=4 START nanopynix/tests/rpc/client/test_eval_rpc.py::test_eval_call_function
SOAK     6.294 lane=0 END   nanopynix/tests/rpc/test_error_identity.py::test_a_negative_index_past_the_start_arrives_as_index_error ok
SOAK     6.295 lane=0 START nanopynix/tests/rpc/client/test_eval_rpc.py::test_eval_list
SOAK     6.324 lane=5 END   nanopynix/tests/test_store_metadata_fidelity.py::test_rpc_read_derivation_keeps_structured_attrs ok
SOAK     6.327 lane=5 START nanopynix/tests/rpc/test_error_identity.py::test_a_handle_of_the_wrong_kind_arrives_as_type_error
SOAK     6.371 lane=3 END   nanopynix/tests/rpc/client/test_eval_rpc.py::test_repl_session_open_is_idempotent ok
SOAK     6.376 lane=3 START nanopynix/tests/rpc/client/test_eval_rpc.py::test_copy_closure_between_stores
SOAK     6.587 lane=6 END   nanopynix/tests/rpc/client/test_eval_rpc.py::test_forced_attrs_borrow_the_parent_value_handle ok
SOAK     6.587 lane=6 START nanopynix/tests/rpc/client/test_eval_rpc.py::test_repl_session_adds_attrs_to_scope
SOAK     6.667 lane=7 END   nanopynix/tests/rpc/client/test_eval_rpc.py::test_eval_callable_function_proxy ok
SOAK     7.506 lane=2 END   nanopynix/tests/test_store_metadata_fidelity.py::test_rpc_read_derivation_keeps_nested_input_drvs ok
SOAK     7.507 lane=2 START nanopynix/tests/rpc/client/test_eval_rpc.py::test_eval_nested_navigation
SOAK     7.571 lane=1 END   nanopynix/tests/rpc/client/test_eval_rpc.py::test_eval_reused_function_can_call_separately_evaluated_value ok
SOAK     7.571 lane=1 START nanopynix/tests/test_repl_scope_capacity.py::test_rpc_refuses_one_binding_past_the_end
SOAK     7.598 lane=4 END   nanopynix/tests/rpc/client/test_eval_rpc.py::test_eval_call_function ok
SOAK     7.645 lane=0 END   nanopynix/tests/rpc/client/test_eval_rpc.py::test_eval_list ok
SOAK     7.645 lane=0 START nanopynix/tests/rpc/test_error_identity.py::test_an_absent_handle_arrives_as_key_error
SOAK     7.723 lane=5 END   nanopynix/tests/rpc/test_error_identity.py::test_a_handle_of_the_wrong_kind_arrives_as_type_error ok
SOAK     7.750 lane=3 END   nanopynix/tests/rpc/client/test_eval_rpc.py::test_copy_closure_between_stores ok
SOAK     7.789 lane=6 END   nanopynix/tests/rpc/client/test_eval_rpc.py::test_repl_session_adds_attrs_to_scope ok
SOAK     8.777 lane=2 END   nanopynix/tests/rpc/client/test_eval_rpc.py::test_eval_nested_navigation ok
SOAK     8.837 lane=0 END   nanopynix/tests/rpc/test_error_identity.py::test_an_absent_handle_arrives_as_key_error ok
SOAK     9.086 lane=1 END   nanopynix/tests/test_repl_scope_capacity.py::test_rpc_refuses_one_binding_past_the_end ok
SOAK END ok=43 fail=0
PASSED
nanopynix/tests/test_concurrent_soak.py::test_soak_inproc[daemon] SOAK BEGIN seed=3 lanes=8 tests=77 roster=sha256:f79eb9dbfc68391d
SOAK     0.000 lane=1 START nanopynix/tests/inproc/test_inproc.py::test_a_value_the_caller_still_holds_survives_a_collection
SOAK     0.001 lane=3 START nanopynix/tests/inproc/test_inproc_cancel.py::test_a_cancelled_interruptible_operation_frees_the_evaluator
SOAK     0.001 lane=5 START nanopynix/tests/inproc/test_inproc.py::test_inproc_store_uri_and_store_dir
SOAK     0.002 lane=6 START nanopynix/tests/inproc/test_inproc.py::test_inproc_value_rejects_use_after_eval_close
SOAK     0.003 lane=7 START nanopynix/tests/primops/test_sleep_primop.py::test_sleep_waits_for_the_time_it_is_given
SOAK     0.024 lane=0 START nanopynix/tests/inproc/test_inproc.py::test_inproc_value_edit_location
SOAK     0.029 lane=2 START nanopynix/tests/test_flake_lock_graph.py::test_find_input_returns_none_for_a_name_that_is_not_an_input
SOAK     0.041 lane=4 START nanopynix/tests/test_store_dump_db.py::test_the_records_follow_the_order_of_the_argument
SOAK     0.403 lane=5 END   nanopynix/tests/inproc/test_inproc.py::test_inproc_store_uri_and_store_dir ok
SOAK     0.403 lane=5 START nanopynix/tests/inproc/test_inproc.py::test_inproc_allows_concurrent_eval_states_on_one_store
SOAK     0.408 lane=6 END   nanopynix/tests/inproc/test_inproc.py::test_inproc_value_rejects_use_after_eval_close ok
SOAK     0.426 lane=6 START nanopynix/tests/test_flake_lock_graph.py::test_metadata_json_carries_the_whole_graph
SOAK     0.468 lane=1 END   nanopynix/tests/inproc/test_inproc.py::test_a_value_the_caller_still_holds_survives_a_collection ok
SOAK     0.470 lane=1 START nanopynix/tests/inproc/test_inproc.py::test_inproc_repl_open_is_idempotent
SOAK     0.478 lane=0 END   nanopynix/tests/inproc/test_inproc.py::test_inproc_value_edit_location ok
SOAK     0.478 lane=0 START nanopynix/tests/inproc/test_inproc.py::test_inproc_store_open_is_idempotent
SOAK     0.503 lane=0 END   nanopynix/tests/inproc/test_inproc.py::test_inproc_store_open_is_idempotent ok
SOAK     0.503 lane=0 START nanopynix/tests/inproc/test_inproc.py::test_inproc_session_subscribe_receives_a_request_finalized_event
SOAK     0.509 lane=0 END   nanopynix/tests/inproc/test_inproc.py::test_inproc_session_subscribe_receives_a_request_finalized_event ok
SOAK     0.509 lane=0 START nanopynix/tests/inproc/test_inproc.py::test_inproc_value_build_raises_on_build_failure
SOAK     0.520 lane=7 END   nanopynix/tests/primops/test_sleep_primop.py::test_sleep_waits_for_the_time_it_is_given ok
SOAK     0.535 lane=7 START nanopynix/tests/inproc/test_inproc.py::test_inproc_copy_closure_copies_between_two_stores_in_one_session
SOAK     0.551 lane=4 END   nanopynix/tests/test_store_dump_db.py::test_the_records_follow_the_order_of_the_argument ok
SOAK     0.552 lane=4 START nanopynix/tests/primops/test_sleep_primop.py::test_sleep_is_a_builtin_and_not_a_global
SOAK     0.583 lane=5 END   nanopynix/tests/inproc/test_inproc.py::test_inproc_allows_concurrent_eval_states_on_one_store ok
SOAK     0.583 lane=5 START nanopynix/tests/inproc/test_inproc.py::test_inproc_value_release_is_idempotent
SOAK     0.587 lane=2 END   nanopynix/tests/test_flake_lock_graph.py::test_find_input_returns_none_for_a_name_that_is_not_an_input ok
SOAK     0.588 lane=2 START nanopynix/tests/inproc/test_inproc.py::test_inproc_value_call_accepts_value_argument
SOAK     0.617 lane=1 END   nanopynix/tests/inproc/test_inproc.py::test_inproc_repl_open_is_idempotent ok
SOAK     0.640 lane=6 END   nanopynix/tests/test_flake_lock_graph.py::test_metadata_json_carries_the_whole_graph ok
SOAK     0.652 lane=1 START nanopynix/tests/inproc/test_inproc.py::test_inproc_eval_flake
SOAK     0.665 lane=6 START nanopynix/tests/test_flake_lock_graph.py::test_find_input_returns_a_locked_ref_with_a_rev
SOAK     0.735 lane=5 END   nanopynix/tests/inproc/test_inproc.py::test_inproc_value_release_is_idempotent ok
SOAK     0.736 lane=5 START nanopynix/tests/inproc/test_inproc.py::test_inproc_eval_state_can_be_closed_and_reopened
SOAK     0.759 lane=4 END   nanopynix/tests/primops/test_sleep_primop.py::test_sleep_is_a_builtin_and_not_a_global ok
SOAK     0.759 lane=4 START nanopynix/tests/test_store_metadata_fidelity.py::test_inproc_read_derivation_keeps_structured_attrs
SOAK     0.786 lane=2 END   nanopynix/tests/inproc/test_inproc.py::test_inproc_value_call_accepts_value_argument ok
SOAK     0.787 lane=2 START nanopynix/tests/inproc/test_inproc.py::test_inproc_locked_flake_facade
SOAK     0.809 lane=7 END   nanopynix/tests/inproc/test_inproc.py::test_inproc_copy_closure_copies_between_two_stores_in_one_session ok
SOAK     0.819 lane=7 START nanopynix/tests/inproc/test_inproc.py::test_inproc_optimise_and_verify_a_private_store
SOAK     0.854 lane=6 END   nanopynix/tests/test_flake_lock_graph.py::test_find_input_returns_a_locked_ref_with_a_rev ok
SOAK     0.854 lane=6 START nanopynix/tests/inproc/test_inproc.py::test_inproc_value_to_python
SOAK     0.859 lane=5 END   nanopynix/tests/inproc/test_inproc.py::test_inproc_eval_state_can_be_closed_and_reopened ok
SOAK     0.859 lane=5 START nanopynix/tests/test_scalar_accessor_semantics.py::test_deep_conversion_of_a_derivation_terminates
SOAK     0.860 lane=1 END   nanopynix/tests/inproc/test_inproc.py::test_inproc_eval_flake ok
SOAK     0.860 lane=1 START nanopynix/tests/inproc/test_inproc.py::test_inproc_eval_open_requires_open_store
SOAK     0.860 lane=1 END   nanopynix/tests/inproc/test_inproc.py::test_inproc_eval_open_requires_open_store ok
SOAK     0.862 lane=1 START nanopynix/tests/inproc/test_inproc.py::test_inproc_repl_requires_open_repl
SOAK     0.926 lane=1 END   nanopynix/tests/inproc/test_inproc.py::test_inproc_repl_requires_open_repl ok
SOAK     0.931 lane=4 END   nanopynix/tests/test_store_metadata_fidelity.py::test_inproc_read_derivation_keeps_structured_attrs ok
SOAK     0.931 lane=4 START nanopynix/tests/inproc/test_inproc.py::test_inproc_store_query_derivation_outputs_and_valid_derivers
SOAK     0.942 lane=1 START nanopynix/tests/test_stores.py::test_two_store_roots_get_a_local_store_each
SOAK     1.094 lane=5 END   nanopynix/tests/test_scalar_accessor_semantics.py::test_deep_conversion_of_a_derivation_terminates ok
SOAK     1.094 lane=5 START nanopynix/tests/bindings/test_value_accessor_types.py::test_an_int_read_as_a_string_names_both_types
SOAK     1.094 lane=0 END   nanopynix/tests/inproc/test_inproc.py::test_inproc_value_build_raises_on_build_failure ok
SOAK     1.094 lane=0 START nanopynix/tests/inproc/test_inproc.py::test_inproc_concurrent_eval_sessions_have_independent_pure_eval
SOAK     1.103 lane=7 END   nanopynix/tests/inproc/test_inproc.py::test_inproc_optimise_and_verify_a_private_store ok
SOAK     1.103 lane=7 START nanopynix/tests/inproc/test_inproc.py::test_inproc_value_rejects_use_from_different_eval_session
SOAK     1.103 lane=6 END   nanopynix/tests/inproc/test_inproc.py::test_inproc_value_to_python ok
SOAK     1.103 lane=6 START nanopynix/tests/inproc/test_inproc.py::test_inproc_session_subscribe_receives_log_events
SOAK     1.164 lane=6 END   nanopynix/tests/inproc/test_inproc.py::test_inproc_session_subscribe_receives_log_events ok
SOAK     1.165 lane=6 START nanopynix/tests/inproc/test_inproc.py::test_inproc_value_auto_call
SOAK     1.174 lane=7 END   nanopynix/tests/inproc/test_inproc.py::test_inproc_value_rejects_use_from_different_eval_session ok
SOAK     1.174 lane=7 START nanopynix/tests/primops/test_sleep_primop.py::test_sleep_refuses_a_negative_duration
SOAK     1.196 lane=4 END   nanopynix/tests/inproc/test_inproc.py::test_inproc_store_query_derivation_outputs_and_valid_derivers ok
SOAK     1.196 lane=4 START nanopynix/tests/inproc/test_inproc.py::test_inproc_value_attr_names
SOAK     1.211 lane=0 END   nanopynix/tests/inproc/test_inproc.py::test_inproc_concurrent_eval_sessions_have_independent_pure_eval ok
SOAK     1.211 lane=0 START nanopynix/tests/inproc/test_inproc.py::test_inproc_value_autocall_and_realise_argv
SOAK     1.212 lane=5 END   nanopynix/tests/bindings/test_value_accessor_types.py::test_an_int_read_as_a_string_names_both_types ok
SOAK     1.212 lane=5 START nanopynix/tests/test_scalar_accessor_semantics.py::test_max_call_depth_is_a_nix_error_with_error_info
SOAK     1.449 lane=6 END   nanopynix/tests/inproc/test_inproc.py::test_inproc_value_auto_call ok
SOAK     1.449 lane=6 START nanopynix/tests/test_store_engine_parity_semantics.py::test_a_bare_drv_round_trips_through_its_own_reply
SOAK     1.450 lane=7 END   nanopynix/tests/primops/test_sleep_primop.py::test_sleep_refuses_a_negative_duration ok
SOAK     1.475 lane=7 START nanopynix/tests/inproc/test_inproc.py::test_inproc_eval_file
SOAK     1.476 lane=4 END   nanopynix/tests/inproc/test_inproc.py::test_inproc_value_attr_names ok
SOAK     1.483 lane=4 START nanopynix/tests/inproc/test_inproc.py::test_inproc_locked_flake_release_is_idempotent
SOAK     1.558 lane=5 END   nanopynix/tests/test_scalar_accessor_semantics.py::test_max_call_depth_is_a_nix_error_with_error_info ok
SOAK     1.558 lane=5 START nanopynix/tests/inproc/test_inproc.py::test_inproc_value_build_rejects_store_from_different_session
SOAK     1.564 lane=0 END   nanopynix/tests/inproc/test_inproc.py::test_inproc_value_autocall_and_realise_argv ok
SOAK     1.564 lane=0 START nanopynix/tests/inproc/test_inproc.py::test_collect_garbage_rejects_an_unsupported_action
SOAK     1.567 lane=7 END   nanopynix/tests/inproc/test_inproc.py::test_inproc_eval_file ok
SOAK     1.567 lane=7 START nanopynix/tests/test_scalar_accessor_semantics.py::test_deep_conversion_of_a_true_cycle_raises_instead_of_crashing
SOAK     1.597 lane=0 END   nanopynix/tests/inproc/test_inproc.py::test_collect_garbage_rejects_an_unsupported_action ok
SOAK     1.597 lane=0 START nanopynix/tests/test_repl_scope_capacity.py::test_inproc_fills_the_repl_scope_exactly_to_the_end
SOAK     1.627 lane=5 END   nanopynix/tests/inproc/test_inproc.py::test_inproc_value_build_rejects_store_from_different_session ok
SOAK     1.627 lane=5 START nanopynix/tests/bindings/test_value_accessor_types.py::test_accessors_force_a_thunk_first
SOAK     1.635 lane=2 END   nanopynix/tests/inproc/test_inproc.py::test_inproc_locked_flake_facade ok
SOAK     1.663 lane=6 END   nanopynix/tests/test_store_engine_parity_semantics.py::test_a_bare_drv_round_trips_through_its_own_reply ok
SOAK     1.663 lane=6 START nanopynix/tests/inproc/test_inproc.py::test_inproc_selection_on_a_released_value_raises_at_selection
SOAK     1.663 lane=2 START nanopynix/tests/inproc/test_inproc.py::test_inproc_repl_load_file_and_add_attrs
SOAK     1.716 lane=4 END   nanopynix/tests/inproc/test_inproc.py::test_inproc_locked_flake_release_is_idempotent ok
SOAK     1.720 lane=4 START nanopynix/tests/test_store_metadata_fidelity.py::test_inproc_read_derivation_keeps_nested_input_drvs
SOAK     1.744 lane=5 END   nanopynix/tests/bindings/test_value_accessor_types.py::test_accessors_force_a_thunk_first ok
SOAK     1.753 lane=6 END   nanopynix/tests/inproc/test_inproc.py::test_inproc_selection_on_a_released_value_raises_at_selection ok
SOAK     1.757 lane=6 START nanopynix/tests/inproc/test_inproc.py::test_inproc_eval_close_releases_leftover_locked_flakes
SOAK     1.796 lane=2 END   nanopynix/tests/inproc/test_inproc.py::test_inproc_repl_load_file_and_add_attrs ok
SOAK     1.796 lane=2 START nanopynix/tests/test_store_metadata_fidelity.py::test_an_opaque_request_builds_nothing_and_says_so
SOAK     1.838 lane=4 END   nanopynix/tests/test_store_metadata_fidelity.py::test_inproc_read_derivation_keeps_nested_input_drvs ok
SOAK     1.838 lane=4 START nanopynix/tests/test_flake_lock_graph.py::test_find_input_resolves_a_follows_edge
SOAK     1.925 lane=6 END   nanopynix/tests/inproc/test_inproc.py::test_inproc_eval_close_releases_leftover_locked_flakes ok
SOAK     2.121 lane=4 END   nanopynix/tests/test_flake_lock_graph.py::test_find_input_resolves_a_follows_edge ok
SOAK     2.124 lane=4 START nanopynix/tests/test_store_metadata_fidelity.py::test_inproc_build_reports_the_path_it_produced
SOAK     2.291 lane=1 END   nanopynix/tests/test_stores.py::test_two_store_roots_get_a_local_store_each ok
SOAK     2.291 lane=1 START nanopynix/tests/inproc/test_inproc.py::test_the_collector_owner_thread_outlives_the_session
SOAK     2.333 lane=1 END   nanopynix/tests/inproc/test_inproc.py::test_the_collector_owner_thread_outlives_the_session ok
SOAK     2.333 lane=1 START nanopynix/tests/test_scalar_accessor_semantics.py::test_apply_accepts_an_already_evaluated_function
SOAK     2.370 lane=1 END   nanopynix/tests/test_scalar_accessor_semantics.py::test_apply_accepts_an_already_evaluated_function ok
SOAK     2.373 lane=1 START nanopynix/tests/inproc/test_inproc.py::test_inproc_repl_supports_shared_protocol_operations
SOAK     2.416 lane=1 END   nanopynix/tests/inproc/test_inproc.py::test_inproc_repl_supports_shared_protocol_operations ok
SOAK     2.416 lane=1 START nanopynix/tests/inproc/test_inproc.py::test_inproc_eval_value_navigation
SOAK     2.443 lane=1 END   nanopynix/tests/inproc/test_inproc.py::test_inproc_eval_value_navigation ok
SOAK     2.471 lane=2 END   nanopynix/tests/test_store_metadata_fidelity.py::test_an_opaque_request_builds_nothing_and_says_so ok
SOAK     2.486 lane=2 START nanopynix/tests/inproc/test_inproc.py::test_inproc_lock_flake_update_inputs_variants
SOAK     2.522 lane=0 END   nanopynix/tests/test_repl_scope_capacity.py::test_inproc_fills_the_repl_scope_exactly_to_the_end ok
SOAK     2.522 lane=0 START nanopynix/tests/test_store_engine_parity_semantics.py::test_the_selector_actually_reaches_nix
SOAK     2.597 lane=2 END   nanopynix/tests/inproc/test_inproc.py::test_inproc_lock_flake_update_inputs_variants ok
SOAK     2.597 lane=2 START nanopynix/tests/inproc/test_inproc.py::test_inproc_value_context_manager_releases_rooted_value
SOAK     2.621 lane=2 END   nanopynix/tests/inproc/test_inproc.py::test_inproc_value_context_manager_releases_rooted_value ok
SOAK     2.623 lane=2 START nanopynix/tests/inproc/test_inproc.py::test_inproc_eval_rejects_store_from_different_session
SOAK     2.626 lane=2 END   nanopynix/tests/inproc/test_inproc.py::test_inproc_eval_rejects_store_from_different_session ok
SOAK     2.626 lane=2 START nanopynix/tests/inproc/test_inproc.py::test_inproc_store_collect_garbage_return_dead
SOAK     2.628 lane=0 END   nanopynix/tests/test_store_engine_parity_semantics.py::test_the_selector_actually_reaches_nix ok
SOAK     2.628 lane=0 START nanopynix/tests/inproc/test_inproc.py::test_inproc_value_scalar_conversions
SOAK     2.655 lane=0 END   nanopynix/tests/inproc/test_inproc.py::test_inproc_value_scalar_conversions ok
SOAK     3.335 lane=2 END   nanopynix/tests/inproc/test_inproc.py::test_inproc_store_collect_garbage_return_dead ok
SOAK     3.337 lane=2 START nanopynix/tests/test_store_exec.py::test_inproc_a_program_in_a_relocated_store_runs_through_the_exec_prefix
SOAK     4.787 lane=2 END   nanopynix/tests/test_store_exec.py::test_inproc_a_program_in_a_relocated_store_runs_through_the_exec_prefix ok
SOAK     4.787 lane=7 END   nanopynix/tests/test_scalar_accessor_semantics.py::test_deep_conversion_of_a_true_cycle_raises_instead_of_crashing ok
SOAK     4.787 lane=7 START nanopynix/tests/test_scalar_accessor_semantics.py::test_inproc_reads_a_string_carrying_store_path_context
SOAK     4.815 lane=7 END   nanopynix/tests/test_scalar_accessor_semantics.py::test_inproc_reads_a_string_carrying_store_path_context ok
SOAK     4.815 lane=7 START nanopynix/tests/test_repl_scope_capacity.py::test_inproc_refuses_one_binding_past_the_end
SOAK     5.229 lane=7 END   nanopynix/tests/test_repl_scope_capacity.py::test_inproc_refuses_one_binding_past_the_end ok
SOAK     6.957 lane=3 END   nanopynix/tests/inproc/test_inproc_cancel.py::test_a_cancelled_interruptible_operation_frees_the_evaluator ok
SOAK     6.958 lane=3 START nanopynix/tests/inproc/test_inproc_cancel.py::test_an_operation_that_runs_a_nix_thread_pool_still_completes
SOAK     7.348 lane=4 END   nanopynix/tests/test_store_metadata_fidelity.py::test_inproc_build_reports_the_path_it_produced ok
SOAK     7.349 lane=4 START nanopynix/tests/inproc/test_inproc.py::test_inproc_store_not_open_raises
SOAK     7.368 lane=4 END   nanopynix/tests/inproc/test_inproc.py::test_inproc_store_not_open_raises ok
SOAK    12.931 lane=3 END   nanopynix/tests/inproc/test_inproc_cancel.py::test_an_operation_that_runs_a_nix_thread_pool_still_completes ok
SOAK    12.932 lane=3 START nanopynix/tests/inproc/test_inproc.py::test_inproc_eval_open_and_close_are_idempotent
SOAK    13.069 lane=3 END   nanopynix/tests/inproc/test_inproc.py::test_inproc_eval_open_and_close_are_idempotent ok
SOAK    13.069 lane=3 START nanopynix/tests/inproc/test_inproc.py::test_inproc_store_read_derivation
SOAK    13.167 lane=3 END   nanopynix/tests/inproc/test_inproc.py::test_inproc_store_read_derivation ok
SOAK    13.167 lane=3 START nanopynix/tests/inproc/test_inproc.py::test_inproc_store_cannot_close_while_its_eval_state_is_open
SOAK    13.203 lane=3 END   nanopynix/tests/inproc/test_inproc.py::test_inproc_store_cannot_close_while_its_eval_state_is_open ok
SOAK    13.229 lane=3 START nanopynix/tests/test_stores.py::test_a_store_root_that_came_back_is_not_the_old_store
SOAK    13.552 lane=3 END   nanopynix/tests/test_stores.py::test_a_store_root_that_came_back_is_not_the_old_store ok
SOAK    13.552 lane=3 START nanopynix/tests/bindings/test_store_empty_path.py::test_the_guard_lives_in_cpp_not_in_the_python_wrapper
SOAK    13.568 lane=3 END   nanopynix/tests/bindings/test_store_empty_path.py::test_the_guard_lives_in_cpp_not_in_the_python_wrapper ok
SOAK    13.568 lane=3 START nanopynix/tests/inproc/test_inproc.py::test_inproc_eval_close_releases_values_left_open
SOAK    13.594 lane=3 END   nanopynix/tests/inproc/test_inproc.py::test_inproc_eval_close_releases_values_left_open ok
SOAK    13.594 lane=3 START nanopynix/tests/inproc/test_inproc.py::test_inproc_store_query_missing
SOAK    13.644 lane=3 END   nanopynix/tests/inproc/test_inproc.py::test_inproc_store_query_missing ok
SOAK    13.645 lane=3 START nanopynix/tests/test_stores.py::test_two_handles_on_one_local_store_share_the_temp_roots_file
SOAK    13.818 lane=3 END   nanopynix/tests/test_stores.py::test_two_handles_on_one_local_store_share_the_temp_roots_file ok
SOAK END ok=77 fail=0
PASSED
nanopynix/tests/test_concurrent_soak.py::test_soak_rpc[daemon] SOAK BEGIN seed=3 lanes=8 tests=43 roster=sha256:eef7d5aefd96e46b
SOAK     0.006 lane=1 START nanopynix/tests/rpc/test_error_identity.py::test_a_nix_error_still_refines_past_the_class_the_worker_named
SOAK     0.021 lane=3 START nanopynix/tests/rpc/client/test_eval_rpc.py::test_eval_call_function_with_value_proxy_arg
SOAK     0.039 lane=4 START nanopynix/tests/rpc/client/test_eval_rpc.py::test_eval_auto_call_function_with_default_attrset_args
SOAK     0.067 lane=5 START nanopynix/tests/rpc/client/test_eval_rpc.py::test_eval_call_function_with_nested_value_proxy_arg
SOAK     0.094 lane=7 START nanopynix/tests/rpc/client/test_eval_rpc.py::test_force_closing_store_closes_dependent_eval_state
SOAK     0.133 lane=0 START nanopynix/tests/rpc/client/test_eval_rpc.py::test_eval_has_attr
SOAK     0.247 lane=2 START nanopynix/tests/rpc/client/test_eval_rpc.py::test_eval_attr_names
SOAK     0.329 lane=6 START nanopynix/tests/test_store_exec.py::test_rpc_a_program_in_a_relocated_store_runs_through_the_exec_prefix
SOAK     1.892 lane=1 END   nanopynix/tests/rpc/test_error_identity.py::test_a_nix_error_still_refines_past_the_class_the_worker_named ok
SOAK     1.893 lane=7 END   nanopynix/tests/rpc/client/test_eval_rpc.py::test_force_closing_store_closes_dependent_eval_state ok
SOAK     1.893 lane=1 START nanopynix/tests/rpc/client/test_eval_rpc.py::test_eval_file_simple
SOAK     1.913 lane=7 START nanopynix/tests/rpc/client/test_eval_rpc.py::test_eval_attr_navigation
SOAK     1.965 lane=2 END   nanopynix/tests/rpc/client/test_eval_rpc.py::test_eval_attr_names ok
SOAK     1.965 lane=2 START nanopynix/tests/rpc/client/test_eval_rpc.py::test_eval_string
SOAK     1.999 lane=5 END   nanopynix/tests/rpc/client/test_eval_rpc.py::test_eval_call_function_with_nested_value_proxy_arg ok
SOAK     2.000 lane=3 END   nanopynix/tests/rpc/client/test_eval_rpc.py::test_eval_call_function_with_value_proxy_arg ok
SOAK     2.000 lane=3 START nanopynix/tests/rpc/client/test_eval_rpc.py::test_eval_strict_accessor_and_apply
SOAK     2.028 lane=0 END   nanopynix/tests/rpc/client/test_eval_rpc.py::test_eval_has_attr ok
SOAK     2.044 lane=0 START nanopynix/tests/rpc/client/test_eval_rpc.py::test_eval_file_directory_loads_default_nix
SOAK     2.073 lane=4 END   nanopynix/tests/rpc/client/test_eval_rpc.py::test_eval_auto_call_function_with_default_attrset_args ok
SOAK     2.073 lane=5 START nanopynix/tests/rpc/client/test_eval_rpc.py::test_repl_session_persists_bindings
SOAK     2.144 lane=4 START nanopynix/tests/rpc/client/test_eval_rpc.py::test_eval_concurrent_sessions
SOAK     2.477 lane=6 END   nanopynix/tests/test_store_exec.py::test_rpc_a_program_in_a_relocated_store_runs_through_the_exec_prefix ok
SOAK     2.480 lane=6 START nanopynix/tests/rpc/client/test_eval_rpc.py::test_repl_session_load_file_autocalls_top_level_function
SOAK     3.363 lane=1 END   nanopynix/tests/rpc/client/test_eval_rpc.py::test_eval_file_simple ok
SOAK     3.363 lane=1 START nanopynix/tests/rpc/client/test_eval_rpc.py::test_repl_session_edit_location_uses_function_source
SOAK     3.405 lane=7 END   nanopynix/tests/rpc/client/test_eval_rpc.py::test_eval_attr_navigation ok
SOAK     3.405 lane=7 START nanopynix/tests/rpc/client/test_eval_rpc.py::test_eval_thunk
SOAK     3.457 lane=2 END   nanopynix/tests/rpc/client/test_eval_rpc.py::test_eval_string ok
SOAK     3.457 lane=2 START nanopynix/tests/rpc/test_error_identity.py::test_a_setting_refusal_arrives_as_setting_not_live_error
SOAK     3.473 lane=0 END   nanopynix/tests/rpc/client/test_eval_rpc.py::test_eval_file_directory_loads_default_nix ok
SOAK     3.474 lane=0 START nanopynix/tests/rpc/test_error_identity.py::test_an_unsupported_scalar_type_arrives_as_value_error
SOAK     3.540 lane=5 END   nanopynix/tests/rpc/client/test_eval_rpc.py::test_repl_session_persists_bindings ok
SOAK     3.540 lane=5 START nanopynix/tests/rpc/client/test_eval_rpc.py::test_eval_call_non_function_raises
SOAK     3.591 lane=4 END   nanopynix/tests/rpc/client/test_eval_rpc.py::test_eval_concurrent_sessions ok
SOAK     3.591 lane=4 START nanopynix/tests/test_scalar_accessor_semantics.py::test_rpc_reads_a_string_carrying_store_path_context
SOAK     3.645 lane=3 END   nanopynix/tests/rpc/client/test_eval_rpc.py::test_eval_strict_accessor_and_apply ok
SOAK     3.645 lane=3 START nanopynix/tests/test_store_metadata_fidelity.py::test_rpc_build_reports_the_path_it_produced
SOAK     3.684 lane=6 END   nanopynix/tests/rpc/client/test_eval_rpc.py::test_repl_session_load_file_autocalls_top_level_function ok
SOAK     3.684 lane=6 START nanopynix/tests/test_repl_scope_capacity.py::test_rpc_fills_the_repl_scope_exactly_to_the_end
SOAK     4.832 lane=1 END   nanopynix/tests/rpc/client/test_eval_rpc.py::test_repl_session_edit_location_uses_function_source ok
SOAK     4.832 lane=1 START nanopynix/tests/rpc/client/test_eval_rpc.py::test_to_python_refuses_a_tree_containing_a_function
SOAK     4.855 lane=7 END   nanopynix/tests/rpc/client/test_eval_rpc.py::test_eval_thunk ok
SOAK     4.855 lane=7 START nanopynix/tests/rpc/client/test_eval_rpc.py::test_eval_force_does_not_consume
SOAK     4.876 lane=2 END   nanopynix/tests/rpc/test_error_identity.py::test_a_setting_refusal_arrives_as_setting_not_live_error ok
SOAK     4.878 lane=2 START nanopynix/tests/rpc/client/test_eval_rpc.py::test_repl_session_scope_names_include_bindings_and_base_scope
SOAK     4.943 lane=0 END   nanopynix/tests/rpc/test_error_identity.py::test_an_unsupported_scalar_type_arrives_as_value_error ok
SOAK     4.944 lane=0 START nanopynix/tests/rpc/test_error_identity.py::test_a_negative_index_past_the_start_arrives_as_index_error
SOAK     4.974 lane=5 END   nanopynix/tests/rpc/client/test_eval_rpc.py::test_eval_call_non_function_raises ok
SOAK     4.974 lane=5 START nanopynix/tests/test_store_metadata_fidelity.py::test_rpc_read_derivation_keeps_structured_attrs
SOAK     5.014 lane=4 END   nanopynix/tests/test_scalar_accessor_semantics.py::test_rpc_reads_a_string_carrying_store_path_context ok
SOAK     5.021 lane=4 START nanopynix/tests/rpc/client/test_eval_rpc.py::test_eval_session_cleanup
SOAK     5.062 lane=3 END   nanopynix/tests/test_store_metadata_fidelity.py::test_rpc_build_reports_the_path_it_produced ok
SOAK     5.062 lane=3 START nanopynix/tests/rpc/client/test_eval_rpc.py::test_repl_session_open_is_idempotent
SOAK     5.565 lane=6 END   nanopynix/tests/test_repl_scope_capacity.py::test_rpc_fills_the_repl_scope_exactly_to_the_end ok
SOAK     5.566 lane=6 START nanopynix/tests/rpc/client/test_eval_rpc.py::test_forced_attrs_borrow_the_parent_value_handle
SOAK     6.311 lane=7 END   nanopynix/tests/rpc/client/test_eval_rpc.py::test_eval_force_does_not_consume ok
SOAK     6.311 lane=7 START nanopynix/tests/rpc/client/test_eval_rpc.py::test_eval_callable_function_proxy
SOAK     6.388 lane=2 END   nanopynix/tests/rpc/client/test_eval_rpc.py::test_repl_session_scope_names_include_bindings_and_base_scope ok
SOAK     6.389 lane=2 START nanopynix/tests/test_store_metadata_fidelity.py::test_rpc_read_derivation_keeps_nested_input_drvs
SOAK     6.406 lane=0 END   nanopynix/tests/rpc/test_error_identity.py::test_a_negative_index_past_the_start_arrives_as_index_error ok
SOAK     6.415 lane=0 START nanopynix/tests/rpc/client/test_eval_rpc.py::test_eval_list
SOAK     6.450 lane=4 END   nanopynix/tests/rpc/client/test_eval_rpc.py::test_eval_session_cleanup ok
SOAK     6.450 lane=4 START nanopynix/tests/rpc/client/test_eval_rpc.py::test_eval_call_function
SOAK     6.469 lane=1 END   nanopynix/tests/rpc/client/test_eval_rpc.py::test_to_python_refuses_a_tree_containing_a_function ok
SOAK     6.469 lane=1 START nanopynix/tests/rpc/client/test_eval_rpc.py::test_eval_reused_function_can_call_separately_evaluated_value
SOAK     6.492 lane=5 END   nanopynix/tests/test_store_metadata_fidelity.py::test_rpc_read_derivation_keeps_structured_attrs ok
SOAK     6.492 lane=5 START nanopynix/tests/rpc/test_error_identity.py::test_a_handle_of_the_wrong_kind_arrives_as_type_error
SOAK     6.521 lane=3 END   nanopynix/tests/rpc/client/test_eval_rpc.py::test_repl_session_open_is_idempotent ok
SOAK     6.550 lane=3 START nanopynix/tests/rpc/client/test_eval_rpc.py::test_copy_closure_between_stores
SOAK     6.733 lane=6 END   nanopynix/tests/rpc/client/test_eval_rpc.py::test_forced_attrs_borrow_the_parent_value_handle ok
SOAK     6.733 lane=6 START nanopynix/tests/rpc/client/test_eval_rpc.py::test_repl_session_adds_attrs_to_scope
SOAK     7.699 lane=7 END   nanopynix/tests/rpc/client/test_eval_rpc.py::test_eval_callable_function_proxy ok
SOAK     7.864 lane=4 END   nanopynix/tests/rpc/client/test_eval_rpc.py::test_eval_call_function ok
SOAK     7.903 lane=2 END   nanopynix/tests/test_store_metadata_fidelity.py::test_rpc_read_derivation_keeps_nested_input_drvs ok
SOAK     7.904 lane=2 START nanopynix/tests/rpc/client/test_eval_rpc.py::test_eval_nested_navigation
SOAK     7.926 lane=0 END   nanopynix/tests/rpc/client/test_eval_rpc.py::test_eval_list ok
SOAK     7.926 lane=0 START nanopynix/tests/rpc/test_error_identity.py::test_an_absent_handle_arrives_as_key_error
SOAK     7.962 lane=5 END   nanopynix/tests/rpc/test_error_identity.py::test_a_handle_of_the_wrong_kind_arrives_as_type_error ok
SOAK     7.964 lane=1 END   nanopynix/tests/rpc/client/test_eval_rpc.py::test_eval_reused_function_can_call_separately_evaluated_value ok
SOAK     7.964 lane=1 START nanopynix/tests/test_repl_scope_capacity.py::test_rpc_refuses_one_binding_past_the_end
SOAK     8.020 lane=3 END   nanopynix/tests/rpc/client/test_eval_rpc.py::test_copy_closure_between_stores ok
SOAK     8.034 lane=6 END   nanopynix/tests/rpc/client/test_eval_rpc.py::test_repl_session_adds_attrs_to_scope ok
SOAK     9.180 lane=0 END   nanopynix/tests/rpc/test_error_identity.py::test_an_absent_handle_arrives_as_key_error ok
SOAK     9.189 lane=2 END   nanopynix/tests/rpc/client/test_eval_rpc.py::test_eval_nested_navigation ok
SOAK     9.454 lane=1 END   nanopynix/tests/test_repl_scope_capacity.py::test_rpc_refuses_one_binding_past_the_end ok
SOAK END ok=43 fail=0
PASSED

=============================== warnings summary ===============================
nanopynix-helpers/src/nanopynix_helpers/fod.py:28
  /nix/store/068zcmrz9dbz5w3kdja5bvbybfk1783n-nanopynix-source/nanopynix-helpers/src/nanopynix_helpers/fod.py:28: DeprecationWarning: int argument support is deprecated
    _NIX_LANGUAGE = Language(cast("int", tree_sitter_nix.language()))  # type: ignore[reportDeprecated, reportUnknownMemberType] -- tree-sitter-nix 0.3 exposes the legacy integer language pointer

pynix/src/pynix/_nix_syntax.py:24
  /nix/store/068zcmrz9dbz5w3kdja5bvbybfk1783n-nanopynix-source/pynix/src/pynix/_nix_syntax.py:24: DeprecationWarning: int argument support is deprecated
    NIX_LANGUAGE = Language(cast("int", tree_sitter_nix.language()))  # type: ignore[reportDeprecated, reportUnknownMemberType] -- tree-sitter-nix 0.3 exposes the legacy integer language pointer

../xdhampxgcaq13aah0q0lmq0zbdmx9yki-nanopynix-test-env/lib/python3.14/site-packages/_pytest/python.py:124
  /nix/store/xdhampxgcaq13aah0q0lmq0zbdmx9yki-nanopynix-test-env/lib/python3.14/site-packages/_pytest/python.py:124: PytestRemovedIn10Warning: Passing a non-Collection iterable to parametrize is deprecated.
  Test: tests/meta/test_ci_step_policy.py::test_a_run_body_is_one_line, argvalues type: generator
  Please convert to a list or tuple.
  See https://docs.pytest.org/en/stable/deprecations.html#parametrize-iterators
    metafunc.parametrize(*marker.args, **marker.kwargs, _param_mark=marker)

../xdhampxgcaq13aah0q0lmq0zbdmx9yki-nanopynix-test-env/lib/python3.14/site-packages/_pytest/python.py:124
  /nix/store/xdhampxgcaq13aah0q0lmq0zbdmx9yki-nanopynix-test-env/lib/python3.14/site-packages/_pytest/python.py:124: PytestRemovedIn10Warning: Passing a non-Collection iterable to parametrize is deprecated.
  Test: tests/meta/test_ci_step_policy.py::test_a_run_body_holds_no_workflow_expression, argvalues type: generator
  Please convert to a list or tuple.
  See https://docs.pytest.org/en/stable/deprecations.html#parametrize-iterators
    metafunc.parametrize(*marker.args, **marker.kwargs, _param_mark=marker)

-- Docs: https://docs.pytest.org/en/stable/how-to/capture-warnings.html
========== 4 passed, 3761 deselected, 4 warnings in 62.15s (0:01:02) ===========
=== TSAN run 3 exit status: 0 ===
=== TSAN run 4 ===
/nix/store/xdhampxgcaq13aah0q0lmq0zbdmx9yki-nanopynix-test-env/lib/python3.14/site-packages/hypothesis/_settings.py:1098: HypothesisWarning: The database setting is not configured, and the default location is unusable - falling back to an in-memory database for this session.  path=PosixPath('/nix/store/068zcmrz9dbz5w3kdja5bvbybfk1783n-nanopynix-source/.hypothesis/examples')
  value = getattr(self, name)
/nix/store/xdhampxgcaq13aah0q0lmq0zbdmx9yki-nanopynix-test-env/lib/python3.14/site-packages/hypothesis/_settings.py:1099: HypothesisWarning: The database setting is not configured, and the default location is unusable - falling back to an in-memory database for this session.  path=PosixPath('/nix/store/068zcmrz9dbz5w3kdja5bvbybfk1783n-nanopynix-source/.hypothesis/examples')
  if value != getattr(default, name):
============================= test session starts ==============================
platform linux -- Python 3.14.7, pytest-9.1.1, pluggy-1.6.0 -- /nix/store/xdhampxgcaq13aah0q0lmq0zbdmx9yki-nanopynix-test-env/bin/python3.14
hypothesis profile 'default' -> database=InMemoryExampleDatabase({})
rootdir: /nix/store/068zcmrz9dbz5w3kdja5bvbybfk1783n-nanopynix-source
configfile: pytest.ini
testpaths: tests, nanopynix/tests, nanopynix-helpers/tests, pynix/tests, pynix-lsp/tests
plugins: anyio-4.14.2, hypothesis-6.156.1, cov-7.1.0, dependency-0.6.1, forked-1.6.0, xdist-3.8.0, lsp-1.0.1, asyncio-1.4.0
asyncio: mode=Mode.STRICT, debug=False, asyncio_default_fixture_loop_scope=None, asyncio_default_test_loop_scope=function
collecting ... collected 3765 items / 3761 deselected / 4 selected

nanopynix/tests/test_concurrent_soak.py::test_soak_inproc[local] SOAK BEGIN seed=4 lanes=8 tests=77 roster=sha256:f79eb9dbfc68391d
SOAK     0.001 lane=0 START nanopynix/tests/inproc/test_inproc.py::test_inproc_value_to_python
SOAK     0.001 lane=1 START nanopynix/tests/inproc/test_inproc.py::test_inproc_selection_on_a_released_value_raises_at_selection
SOAK     0.002 lane=3 START nanopynix/tests/test_store_engine_parity_semantics.py::test_the_selector_actually_reaches_nix
SOAK     0.004 lane=4 START nanopynix/tests/inproc/test_inproc.py::test_a_value_the_caller_still_holds_survives_a_collection
SOAK     0.005 lane=5 START nanopynix/tests/inproc/test_inproc.py::test_inproc_value_rejects_use_after_eval_close
SOAK     0.005 lane=7 START nanopynix/tests/test_scalar_accessor_semantics.py::test_inproc_reads_a_string_carrying_store_path_context
SOAK     0.009 lane=6 START nanopynix/tests/test_store_exec.py::test_inproc_a_program_in_a_relocated_store_runs_through_the_exec_prefix
SOAK     0.009 lane=2 START nanopynix/tests/inproc/test_inproc.py::test_inproc_optimise_and_verify_a_private_store
SOAK     0.216 lane=5 END   nanopynix/tests/inproc/test_inproc.py::test_inproc_value_rejects_use_after_eval_close ok
SOAK     0.216 lane=5 START nanopynix/tests/inproc/test_inproc.py::test_inproc_store_read_derivation
SOAK     0.229 lane=1 END   nanopynix/tests/inproc/test_inproc.py::test_inproc_selection_on_a_released_value_raises_at_selection ok
SOAK     0.230 lane=4 END   nanopynix/tests/inproc/test_inproc.py::test_a_value_the_caller_still_holds_survives_a_collection ok
SOAK     0.230 lane=4 START nanopynix/tests/test_store_metadata_fidelity.py::test_inproc_read_derivation_keeps_nested_input_drvs
SOAK     0.243 lane=1 START nanopynix/tests/test_store_dump_db.py::test_the_records_follow_the_order_of_the_argument
SOAK     0.244 lane=7 END   nanopynix/tests/test_scalar_accessor_semantics.py::test_inproc_reads_a_string_carrying_store_path_context ok
SOAK     0.244 lane=7 START nanopynix/tests/test_scalar_accessor_semantics.py::test_max_call_depth_is_a_nix_error_with_error_info
SOAK     0.256 lane=0 END   nanopynix/tests/inproc/test_inproc.py::test_inproc_value_to_python ok
SOAK     0.256 lane=0 START nanopynix/tests/inproc/test_inproc.py::test_inproc_value_attr_names
SOAK     0.257 lane=2 END   nanopynix/tests/inproc/test_inproc.py::test_inproc_optimise_and_verify_a_private_store ok
SOAK     0.268 lane=3 END   nanopynix/tests/test_store_engine_parity_semantics.py::test_the_selector_actually_reaches_nix ok
SOAK     0.279 lane=3 START nanopynix/tests/inproc/test_inproc.py::test_inproc_store_open_is_idempotent
SOAK     0.280 lane=2 START nanopynix/tests/test_flake_lock_graph.py::test_find_input_resolves_a_follows_edge
SOAK     0.308 lane=5 END   nanopynix/tests/inproc/test_inproc.py::test_inproc_store_read_derivation ok
SOAK     0.308 lane=5 START nanopynix/tests/inproc/test_inproc.py::test_inproc_session_subscribe_receives_log_events
SOAK     0.317 lane=3 END   nanopynix/tests/inproc/test_inproc.py::test_inproc_store_open_is_idempotent ok
SOAK     0.317 lane=3 START nanopynix/tests/inproc/test_inproc.py::test_inproc_session_subscribe_receives_a_request_finalized_event
SOAK     0.320 lane=3 END   nanopynix/tests/inproc/test_inproc.py::test_inproc_session_subscribe_receives_a_request_finalized_event ok
SOAK     0.320 lane=3 START nanopynix/tests/inproc/test_inproc.py::test_inproc_repl_open_is_idempotent
SOAK     0.320 lane=7 END   nanopynix/tests/test_scalar_accessor_semantics.py::test_max_call_depth_is_a_nix_error_with_error_info ok
SOAK     0.323 lane=0 END   nanopynix/tests/inproc/test_inproc.py::test_inproc_value_attr_names ok
SOAK     0.323 lane=0 START nanopynix/tests/inproc/test_inproc.py::test_inproc_store_query_missing
SOAK     0.329 lane=4 END   nanopynix/tests/test_store_metadata_fidelity.py::test_inproc_read_derivation_keeps_nested_input_drvs ok
SOAK     0.329 lane=4 START nanopynix/tests/inproc/test_inproc.py::test_inproc_value_build_raises_on_build_failure
SOAK     0.329 lane=7 START nanopynix/tests/test_flake_lock_graph.py::test_metadata_json_carries_the_whole_graph
SOAK     0.378 lane=5 END   nanopynix/tests/inproc/test_inproc.py::test_inproc_session_subscribe_receives_log_events ok
SOAK     0.386 lane=5 START nanopynix/tests/inproc/test_inproc.py::test_inproc_eval_close_releases_values_left_open
SOAK     0.390 lane=0 END   nanopynix/tests/inproc/test_inproc.py::test_inproc_store_query_missing ok
SOAK     0.390 lane=0 START nanopynix/tests/test_repl_scope_capacity.py::test_inproc_fills_the_repl_scope_exactly_to_the_end
SOAK     0.407 lane=1 END   nanopynix/tests/test_store_dump_db.py::test_the_records_follow_the_order_of_the_argument ok
SOAK     0.407 lane=1 START nanopynix/tests/inproc/test_inproc.py::test_inproc_eval_rejects_store_from_different_session
SOAK     0.467 lane=1 END   nanopynix/tests/inproc/test_inproc.py::test_inproc_eval_rejects_store_from_different_session ok
SOAK     0.467 lane=1 START nanopynix/tests/inproc/test_inproc.py::test_inproc_value_rejects_use_from_different_eval_session
SOAK     0.467 lane=5 END   nanopynix/tests/inproc/test_inproc.py::test_inproc_eval_close_releases_values_left_open ok
SOAK     0.467 lane=5 START nanopynix/tests/test_repl_scope_capacity.py::test_inproc_refuses_one_binding_past_the_end
SOAK     0.519 lane=2 END   nanopynix/tests/test_flake_lock_graph.py::test_find_input_resolves_a_follows_edge ok
SOAK     0.519 lane=2 START nanopynix/tests/primops/test_sleep_primop.py::test_sleep_waits_for_the_time_it_is_given
SOAK     0.522 lane=3 END   nanopynix/tests/inproc/test_inproc.py::test_inproc_repl_open_is_idempotent ok
SOAK     0.545 lane=3 START nanopynix/tests/test_stores.py::test_two_store_roots_get_a_local_store_each
SOAK     0.548 lane=1 END   nanopynix/tests/inproc/test_inproc.py::test_inproc_value_rejects_use_from_different_eval_session ok
SOAK     0.560 lane=1 START nanopynix/tests/inproc/test_inproc.py::test_inproc_value_edit_location
SOAK     0.567 lane=7 END   nanopynix/tests/test_flake_lock_graph.py::test_metadata_json_carries_the_whole_graph ok
SOAK     0.567 lane=7 START nanopynix/tests/bindings/test_store_empty_path.py::test_the_guard_lives_in_cpp_not_in_the_python_wrapper
SOAK     0.590 lane=1 END   nanopynix/tests/inproc/test_inproc.py::test_inproc_value_edit_location ok
SOAK     0.591 lane=1 START nanopynix/tests/inproc/test_inproc.py::test_inproc_repl_load_file_and_add_attrs
SOAK     0.661 lane=7 END   nanopynix/tests/bindings/test_store_empty_path.py::test_the_guard_lives_in_cpp_not_in_the_python_wrapper ok
SOAK     0.675 lane=7 START nanopynix/tests/inproc/test_inproc.py::test_inproc_store_query_derivation_outputs_and_valid_derivers
SOAK     0.726 lane=1 END   nanopynix/tests/inproc/test_inproc.py::test_inproc_repl_load_file_and_add_attrs ok
SOAK     0.726 lane=1 START nanopynix/tests/inproc/test_inproc.py::test_inproc_eval_open_and_close_are_idempotent
SOAK     0.869 lane=1 END   nanopynix/tests/inproc/test_inproc.py::test_inproc_eval_open_and_close_are_idempotent ok
SOAK     0.869 lane=1 START nanopynix/tests/inproc/test_inproc.py::test_inproc_eval_value_navigation
SOAK     0.920 lane=7 END   nanopynix/tests/inproc/test_inproc.py::test_inproc_store_query_derivation_outputs_and_valid_derivers ok
SOAK     0.921 lane=7 START nanopynix/tests/test_store_metadata_fidelity.py::test_inproc_build_reports_the_path_it_produced
SOAK     0.944 lane=1 END   nanopynix/tests/inproc/test_inproc.py::test_inproc_eval_value_navigation ok
SOAK     0.945 lane=1 START nanopynix/tests/inproc/test_inproc.py::test_inproc_copy_closure_copies_between_two_stores_in_one_session
SOAK     0.964 lane=2 END   nanopynix/tests/primops/test_sleep_primop.py::test_sleep_waits_for_the_time_it_is_given ok
SOAK     0.964 lane=2 START nanopynix/tests/inproc/test_inproc.py::test_inproc_store_uri_and_store_dir
SOAK     0.994 lane=4 END   nanopynix/tests/inproc/test_inproc.py::test_inproc_value_build_raises_on_build_failure ok
SOAK     0.994 lane=4 START nanopynix/tests/test_scalar_accessor_semantics.py::test_deep_conversion_of_a_true_cycle_raises_instead_of_crashing
SOAK     1.091 lane=6 END   nanopynix/tests/test_store_exec.py::test_inproc_a_program_in_a_relocated_store_runs_through_the_exec_prefix ok
SOAK     1.091 lane=6 START nanopynix/tests/inproc/test_inproc.py::test_collect_garbage_rejects_an_unsupported_action
SOAK     1.118 lane=2 END   nanopynix/tests/inproc/test_inproc.py::test_inproc_store_uri_and_store_dir ok
SOAK     1.118 lane=2 START nanopynix/tests/test_store_metadata_fidelity.py::test_inproc_read_derivation_keeps_structured_attrs
SOAK     1.118 lane=6 END   nanopynix/tests/inproc/test_inproc.py::test_collect_garbage_rejects_an_unsupported_action ok
SOAK     1.126 lane=6 START nanopynix/tests/test_flake_lock_graph.py::test_find_input_returns_a_locked_ref_with_a_rev
SOAK     1.220 lane=1 END   nanopynix/tests/inproc/test_inproc.py::test_inproc_copy_closure_copies_between_two_stores_in_one_session ok
SOAK     1.220 lane=1 START nanopynix/tests/inproc/test_inproc_cancel.py::test_a_cancelled_interruptible_operation_frees_the_evaluator
SOAK     1.220 lane=2 END   nanopynix/tests/test_store_metadata_fidelity.py::test_inproc_read_derivation_keeps_structured_attrs ok
SOAK     1.241 lane=2 START nanopynix/tests/test_stores.py::test_two_handles_on_one_local_store_share_the_temp_roots_file
SOAK     1.488 lane=3 END   nanopynix/tests/test_stores.py::test_two_store_roots_get_a_local_store_each ok
SOAK     1.488 lane=3 START nanopynix/tests/inproc/test_inproc.py::test_inproc_allows_concurrent_eval_states_on_one_store
SOAK     1.493 lane=6 END   nanopynix/tests/test_flake_lock_graph.py::test_find_input_returns_a_locked_ref_with_a_rev ok
SOAK     1.493 lane=6 START nanopynix/tests/inproc/test_inproc.py::test_inproc_store_collect_garbage_return_dead
SOAK     1.578 lane=7 END   nanopynix/tests/test_store_metadata_fidelity.py::test_inproc_build_reports_the_path_it_produced ok
SOAK     1.578 lane=7 START nanopynix/tests/bindings/test_value_accessor_types.py::test_accessors_force_a_thunk_first
SOAK     1.625 lane=7 END   nanopynix/tests/bindings/test_value_accessor_types.py::test_accessors_force_a_thunk_first ok
SOAK     1.625 lane=7 START nanopynix/tests/inproc/test_inproc.py::test_inproc_value_release_is_idempotent
SOAK     1.627 lane=3 END   nanopynix/tests/inproc/test_inproc.py::test_inproc_allows_concurrent_eval_states_on_one_store ok
SOAK     1.633 lane=3 START nanopynix/tests/test_flake_lock_graph.py::test_find_input_returns_none_for_a_name_that_is_not_an_input
SOAK     1.731 lane=7 END   nanopynix/tests/inproc/test_inproc.py::test_inproc_value_release_is_idempotent ok
SOAK     1.731 lane=5 END   nanopynix/tests/test_repl_scope_capacity.py::test_inproc_refuses_one_binding_past_the_end ok
SOAK     1.731 lane=5 START nanopynix/tests/inproc/test_inproc.py::test_inproc_value_build_rejects_store_from_different_session
SOAK     1.739 lane=0 END   nanopynix/tests/test_repl_scope_capacity.py::test_inproc_fills_the_repl_scope_exactly_to_the_end ok
SOAK     1.739 lane=0 START nanopynix/tests/inproc/test_inproc.py::test_inproc_value_scalar_conversions
SOAK     1.742 lane=7 START nanopynix/tests/inproc/test_inproc.py::test_inproc_locked_flake_release_is_idempotent
SOAK     1.798 lane=5 END   nanopynix/tests/inproc/test_inproc.py::test_inproc_value_build_rejects_store_from_different_session ok
SOAK     1.798 lane=5 START nanopynix/tests/inproc/test_inproc.py::test_inproc_value_call_accepts_value_argument
SOAK     1.805 lane=6 END   nanopynix/tests/inproc/test_inproc.py::test_inproc_store_collect_garbage_return_dead ok
SOAK     1.821 lane=6 START nanopynix/tests/inproc/test_inproc.py::test_inproc_eval_state_can_be_closed_and_reopened
SOAK     1.881 lane=0 END   nanopynix/tests/inproc/test_inproc.py::test_inproc_value_scalar_conversions ok
SOAK     1.885 lane=3 END   nanopynix/tests/test_flake_lock_graph.py::test_find_input_returns_none_for_a_name_that_is_not_an_input ok
SOAK     1.885 lane=3 START nanopynix/tests/primops/test_sleep_primop.py::test_sleep_is_a_builtin_and_not_a_global
SOAK     1.887 lane=5 END   nanopynix/tests/inproc/test_inproc.py::test_inproc_value_call_accepts_value_argument ok
SOAK     1.888 lane=5 START nanopynix/tests/inproc/test_inproc.py::test_the_collector_owner_thread_outlives_the_session
SOAK     1.888 lane=7 END   nanopynix/tests/inproc/test_inproc.py::test_inproc_locked_flake_release_is_idempotent ok
SOAK     1.905 lane=0 START nanopynix/tests/inproc/test_inproc.py::test_inproc_repl_supports_shared_protocol_operations
SOAK     1.946 lane=6 END   nanopynix/tests/inproc/test_inproc.py::test_inproc_eval_state_can_be_closed_and_reopened ok
SOAK     1.952 lane=6 START nanopynix/tests/inproc/test_inproc.py::test_inproc_locked_flake_facade
SOAK     1.967 lane=3 END   nanopynix/tests/primops/test_sleep_primop.py::test_sleep_is_a_builtin_and_not_a_global ok
SOAK     1.982 lane=3 START nanopynix/tests/inproc/test_inproc_cancel.py::test_an_operation_that_runs_a_nix_thread_pool_still_completes
SOAK     1.994 lane=5 END   nanopynix/tests/inproc/test_inproc.py::test_the_collector_owner_thread_outlives_the_session ok
SOAK     1.998 lane=5 START nanopynix/tests/inproc/test_inproc.py::test_inproc_eval_close_releases_leftover_locked_flakes
SOAK     2.045 lane=0 END   nanopynix/tests/inproc/test_inproc.py::test_inproc_repl_supports_shared_protocol_operations ok
SOAK     2.056 lane=0 START nanopynix/tests/inproc/test_inproc.py::test_inproc_eval_file
SOAK     2.175 lane=5 END   nanopynix/tests/inproc/test_inproc.py::test_inproc_eval_close_releases_leftover_locked_flakes ok
SOAK     2.176 lane=0 END   nanopynix/tests/inproc/test_inproc.py::test_inproc_eval_file ok
SOAK     2.180 lane=0 START nanopynix/tests/test_stores.py::test_a_store_root_that_came_back_is_not_the_old_store
SOAK     2.235 lane=2 END   nanopynix/tests/test_stores.py::test_two_handles_on_one_local_store_share_the_temp_roots_file ok
SOAK     2.235 lane=2 START nanopynix/tests/test_scalar_accessor_semantics.py::test_deep_conversion_of_a_derivation_terminates
SOAK     2.320 lane=6 END   nanopynix/tests/inproc/test_inproc.py::test_inproc_locked_flake_facade ok
SOAK     2.320 lane=6 START nanopynix/tests/primops/test_sleep_primop.py::test_sleep_refuses_a_negative_duration
SOAK     2.394 lane=6 END   nanopynix/tests/primops/test_sleep_primop.py::test_sleep_refuses_a_negative_duration ok
SOAK     2.403 lane=6 START nanopynix/tests/inproc/test_inproc.py::test_inproc_lock_flake_update_inputs_variants
SOAK     2.439 lane=2 END   nanopynix/tests/test_scalar_accessor_semantics.py::test_deep_conversion_of_a_derivation_terminates ok
SOAK     2.440 lane=2 START nanopynix/tests/inproc/test_inproc.py::test_inproc_concurrent_eval_sessions_have_independent_pure_eval
SOAK     2.583 lane=0 END   nanopynix/tests/test_stores.py::test_a_store_root_that_came_back_is_not_the_old_store ok
SOAK     2.583 lane=0 START nanopynix/tests/inproc/test_inproc.py::test_inproc_store_cannot_close_while_its_eval_state_is_open
SOAK     2.627 lane=0 END   nanopynix/tests/inproc/test_inproc.py::test_inproc_store_cannot_close_while_its_eval_state_is_open ok
SOAK     2.627 lane=0 START nanopynix/tests/test_scalar_accessor_semantics.py::test_apply_accepts_an_already_evaluated_function
SOAK     2.634 lane=2 END   nanopynix/tests/inproc/test_inproc.py::test_inproc_concurrent_eval_sessions_have_independent_pure_eval ok
SOAK     2.649 lane=2 START nanopynix/tests/inproc/test_inproc.py::test_inproc_value_auto_call
SOAK     2.669 lane=6 END   nanopynix/tests/inproc/test_inproc.py::test_inproc_lock_flake_update_inputs_variants ok
SOAK     2.673 lane=6 START nanopynix/tests/inproc/test_inproc.py::test_inproc_eval_flake
SOAK     2.745 lane=2 END   nanopynix/tests/inproc/test_inproc.py::test_inproc_value_auto_call ok
SOAK     2.745 lane=2 START nanopynix/tests/inproc/test_inproc.py::test_inproc_eval_open_requires_open_store
SOAK     2.750 lane=2 END   nanopynix/tests/inproc/test_inproc.py::test_inproc_eval_open_requires_open_store ok
SOAK     2.759 lane=0 END   nanopynix/tests/test_scalar_accessor_semantics.py::test_apply_accepts_an_already_evaluated_function ok
SOAK     2.839 lane=6 END   nanopynix/tests/inproc/test_inproc.py::test_inproc_eval_flake ok
SOAK     5.019 lane=4 END   nanopynix/tests/test_scalar_accessor_semantics.py::test_deep_conversion_of_a_true_cycle_raises_instead_of_crashing ok
SOAK     5.019 lane=4 START nanopynix/tests/inproc/test_inproc.py::test_inproc_value_context_manager_releases_rooted_value
SOAK     5.039 lane=4 END   nanopynix/tests/inproc/test_inproc.py::test_inproc_value_context_manager_releases_rooted_value ok
SOAK     5.039 lane=4 START nanopynix/tests/inproc/test_inproc.py::test_inproc_repl_requires_open_repl
SOAK     5.046 lane=4 END   nanopynix/tests/inproc/test_inproc.py::test_inproc_repl_requires_open_repl ok
SOAK     5.046 lane=4 START nanopynix/tests/test_store_engine_parity_semantics.py::test_a_bare_drv_round_trips_through_its_own_reply
SOAK     5.058 lane=4 END   nanopynix/tests/test_store_engine_parity_semantics.py::test_a_bare_drv_round_trips_through_its_own_reply ok
SOAK     5.058 lane=4 START nanopynix/tests/test_store_metadata_fidelity.py::test_an_opaque_request_builds_nothing_and_says_so
SOAK     5.099 lane=4 END   nanopynix/tests/test_store_metadata_fidelity.py::test_an_opaque_request_builds_nothing_and_says_so ok
SOAK     5.099 lane=4 START nanopynix/tests/bindings/test_value_accessor_types.py::test_an_int_read_as_a_string_names_both_types
SOAK     5.120 lane=4 END   nanopynix/tests/bindings/test_value_accessor_types.py::test_an_int_read_as_a_string_names_both_types ok
SOAK     5.120 lane=4 START nanopynix/tests/inproc/test_inproc.py::test_inproc_store_not_open_raises
SOAK     5.120 lane=4 END   nanopynix/tests/inproc/test_inproc.py::test_inproc_store_not_open_raises ok
SOAK     9.738 lane=1 END   nanopynix/tests/inproc/test_inproc_cancel.py::test_a_cancelled_interruptible_operation_frees_the_evaluator ok
SOAK    10.867 lane=3 END   nanopynix/tests/inproc/test_inproc_cancel.py::test_an_operation_that_runs_a_nix_thread_pool_still_completes ok
SOAK    10.867 lane=3 START nanopynix/tests/inproc/test_inproc.py::test_inproc_value_autocall_and_realise_argv
SOAK    10.878 lane=3 END   nanopynix/tests/inproc/test_inproc.py::test_inproc_value_autocall_and_realise_argv ok
SOAK END ok=77 fail=0
PASSED
nanopynix/tests/test_concurrent_soak.py::test_soak_rpc[local] SOAK BEGIN seed=4 lanes=8 tests=43 roster=sha256:eef7d5aefd96e46b
SOAK     0.001 lane=2 START nanopynix/tests/rpc/client/test_eval_rpc.py::test_repl_session_adds_attrs_to_scope
SOAK     0.013 lane=3 START nanopynix/tests/test_scalar_accessor_semantics.py::test_rpc_reads_a_string_carrying_store_path_context
SOAK     0.027 lane=4 START nanopynix/tests/rpc/test_error_identity.py::test_a_nix_error_still_refines_past_the_class_the_worker_named
SOAK     0.047 lane=7 START nanopynix/tests/rpc/client/test_eval_rpc.py::test_repl_session_scope_names_include_bindings_and_base_scope
SOAK     0.073 lane=0 START nanopynix/tests/rpc/client/test_eval_rpc.py::test_eval_thunk
SOAK     0.122 lane=1 START nanopynix/tests/rpc/client/test_eval_rpc.py::test_eval_attr_navigation
SOAK     0.145 lane=5 START nanopynix/tests/rpc/client/test_eval_rpc.py::test_eval_has_attr
SOAK     0.207 lane=6 START nanopynix/tests/rpc/client/test_eval_rpc.py::test_eval_list
SOAK     1.631 lane=4 END   nanopynix/tests/rpc/test_error_identity.py::test_a_nix_error_still_refines_past_the_class_the_worker_named ok
SOAK     1.632 lane=4 START nanopynix/tests/rpc/client/test_eval_rpc.py::test_repl_session_persists_bindings
SOAK     1.663 lane=7 END   nanopynix/tests/rpc/client/test_eval_rpc.py::test_repl_session_scope_names_include_bindings_and_base_scope ok
SOAK     1.663 lane=7 START nanopynix/tests/test_repl_scope_capacity.py::test_rpc_refuses_one_binding_past_the_end
SOAK     1.714 lane=3 END   nanopynix/tests/test_scalar_accessor_semantics.py::test_rpc_reads_a_string_carrying_store_path_context ok
SOAK     1.714 lane=3 START nanopynix/tests/rpc/client/test_eval_rpc.py::test_to_python_refuses_a_tree_containing_a_function
SOAK     1.743 lane=0 END   nanopynix/tests/rpc/client/test_eval_rpc.py::test_eval_thunk ok
SOAK     1.749 lane=6 END   nanopynix/tests/rpc/client/test_eval_rpc.py::test_eval_list ok
SOAK     1.750 lane=6 START nanopynix/tests/rpc/test_error_identity.py::test_an_unsupported_scalar_type_arrives_as_value_error
SOAK     1.778 lane=0 START nanopynix/tests/rpc/client/test_eval_rpc.py::test_eval_force_does_not_consume
SOAK     1.810 lane=2 END   nanopynix/tests/rpc/client/test_eval_rpc.py::test_repl_session_adds_attrs_to_scope ok
SOAK     1.810 lane=2 START nanopynix/tests/rpc/test_error_identity.py::test_an_absent_handle_arrives_as_key_error
SOAK     1.835 lane=5 END   nanopynix/tests/rpc/client/test_eval_rpc.py::test_eval_has_attr ok
SOAK     1.835 lane=1 END   nanopynix/tests/rpc/client/test_eval_rpc.py::test_eval_attr_navigation ok
SOAK     1.835 lane=1 START nanopynix/tests/test_store_metadata_fidelity.py::test_rpc_read_derivation_keeps_structured_attrs
SOAK     1.875 lane=5 START nanopynix/tests/rpc/client/test_eval_rpc.py::test_eval_file_directory_loads_default_nix
SOAK     3.308 lane=4 END   nanopynix/tests/rpc/client/test_eval_rpc.py::test_repl_session_persists_bindings ok
SOAK     3.309 lane=4 START nanopynix/tests/rpc/client/test_eval_rpc.py::test_copy_closure_between_stores
SOAK     3.347 lane=6 END   nanopynix/tests/rpc/test_error_identity.py::test_an_unsupported_scalar_type_arrives_as_value_error ok
SOAK     3.347 lane=6 START nanopynix/tests/rpc/client/test_eval_rpc.py::test_repl_session_open_is_idempotent
SOAK     3.398 lane=5 END   nanopynix/tests/rpc/client/test_eval_rpc.py::test_eval_file_directory_loads_default_nix ok
SOAK     3.398 lane=5 START nanopynix/tests/test_store_metadata_fidelity.py::test_rpc_build_reports_the_path_it_produced
SOAK     3.432 lane=3 END   nanopynix/tests/rpc/client/test_eval_rpc.py::test_to_python_refuses_a_tree_containing_a_function ok
SOAK     3.432 lane=3 START nanopynix/tests/rpc/client/test_eval_rpc.py::test_forced_attrs_borrow_the_parent_value_handle
SOAK     3.458 lane=0 END   nanopynix/tests/rpc/client/test_eval_rpc.py::test_eval_force_does_not_consume ok
SOAK     3.458 lane=0 START nanopynix/tests/rpc/test_error_identity.py::test_a_setting_refusal_arrives_as_setting_not_live_error
SOAK     3.494 lane=2 END   nanopynix/tests/rpc/test_error_identity.py::test_an_absent_handle_arrives_as_key_error ok
SOAK     3.494 lane=2 START nanopynix/tests/test_store_metadata_fidelity.py::test_rpc_read_derivation_keeps_nested_input_drvs
SOAK     3.530 lane=1 END   nanopynix/tests/test_store_metadata_fidelity.py::test_rpc_read_derivation_keeps_structured_attrs ok
SOAK     3.530 lane=1 START nanopynix/tests/rpc/client/test_eval_rpc.py::test_force_closing_store_closes_dependent_eval_state
SOAK     3.553 lane=7 END   nanopynix/tests/test_repl_scope_capacity.py::test_rpc_refuses_one_binding_past_the_end ok
SOAK     3.553 lane=7 START nanopynix/tests/rpc/test_error_identity.py::test_a_negative_index_past_the_start_arrives_as_index_error
SOAK     4.987 lane=4 END   nanopynix/tests/rpc/client/test_eval_rpc.py::test_copy_closure_between_stores ok
SOAK     4.988 lane=4 START nanopynix/tests/rpc/client/test_eval_rpc.py::test_eval_session_cleanup
SOAK     5.015 lane=3 END   nanopynix/tests/rpc/client/test_eval_rpc.py::test_forced_attrs_borrow_the_parent_value_handle ok
SOAK     5.016 lane=3 START nanopynix/tests/rpc/client/test_eval_rpc.py::test_eval_file_simple
SOAK     5.063 lane=0 END   nanopynix/tests/rpc/test_error_identity.py::test_a_setting_refusal_arrives_as_setting_not_live_error ok
SOAK     5.063 lane=0 START nanopynix/tests/test_repl_scope_capacity.py::test_rpc_fills_the_repl_scope_exactly_to_the_end
SOAK     5.108 lane=6 END   nanopynix/tests/rpc/client/test_eval_rpc.py::test_repl_session_open_is_idempotent ok
SOAK     5.108 lane=6 START nanopynix/tests/rpc/client/test_eval_rpc.py::test_eval_call_non_function_raises
SOAK     5.135 lane=5 END   nanopynix/tests/test_store_metadata_fidelity.py::test_rpc_build_reports_the_path_it_produced ok
SOAK     5.135 lane=5 START nanopynix/tests/rpc/client/test_eval_rpc.py::test_eval_reused_function_can_call_separately_evaluated_value
SOAK     5.165 lane=1 END   nanopynix/tests/rpc/client/test_eval_rpc.py::test_force_closing_store_closes_dependent_eval_state ok
SOAK     5.165 lane=2 END   nanopynix/tests/test_store_metadata_fidelity.py::test_rpc_read_derivation_keeps_nested_input_drvs ok
SOAK     5.165 lane=2 START nanopynix/tests/rpc/client/test_eval_rpc.py::test_eval_callable_function_proxy
SOAK     5.183 lane=7 END   nanopynix/tests/rpc/test_error_identity.py::test_a_negative_index_past_the_start_arrives_as_index_error ok
SOAK     5.183 lane=7 START nanopynix/tests/rpc/client/test_eval_rpc.py::test_eval_auto_call_function_with_default_attrset_args
SOAK     5.228 lane=1 START nanopynix/tests/rpc/client/test_eval_rpc.py::test_repl_session_edit_location_uses_function_source
SOAK     6.476 lane=4 END   nanopynix/tests/rpc/client/test_eval_rpc.py::test_eval_session_cleanup ok
SOAK     6.476 lane=4 START nanopynix/tests/rpc/client/test_eval_rpc.py::test_eval_call_function_with_nested_value_proxy_arg
SOAK     6.487 lane=3 END   nanopynix/tests/rpc/client/test_eval_rpc.py::test_eval_file_simple ok
SOAK     6.487 lane=3 START nanopynix/tests/rpc/client/test_eval_rpc.py::test_eval_call_function
SOAK     6.630 lane=6 END   nanopynix/tests/rpc/client/test_eval_rpc.py::test_eval_call_non_function_raises ok
SOAK     6.630 lane=6 START nanopynix/tests/rpc/test_error_identity.py::test_a_handle_of_the_wrong_kind_arrives_as_type_error
SOAK     6.643 lane=2 END   nanopynix/tests/rpc/client/test_eval_rpc.py::test_eval_callable_function_proxy ok
SOAK     6.652 lane=2 START nanopynix/tests/rpc/client/test_eval_rpc.py::test_eval_attr_names
SOAK     6.673 lane=7 END   nanopynix/tests/rpc/client/test_eval_rpc.py::test_eval_auto_call_function_with_default_attrset_args ok
SOAK     6.674 lane=5 END   nanopynix/tests/rpc/client/test_eval_rpc.py::test_eval_reused_function_can_call_separately_evaluated_value ok
SOAK     6.689 lane=7 START nanopynix/tests/rpc/client/test_eval_rpc.py::test_repl_session_load_file_autocalls_top_level_function
SOAK     6.713 lane=5 START nanopynix/tests/rpc/client/test_eval_rpc.py::test_eval_concurrent_sessions
SOAK     6.714 lane=1 END   nanopynix/tests/rpc/client/test_eval_rpc.py::test_repl_session_edit_location_uses_function_source ok
SOAK     6.781 lane=1 START nanopynix/tests/test_store_exec.py::test_rpc_a_program_in_a_relocated_store_runs_through_the_exec_prefix
SOAK     7.194 lane=0 END   nanopynix/tests/test_repl_scope_capacity.py::test_rpc_fills_the_repl_scope_exactly_to_the_end ok
SOAK     7.194 lane=0 START nanopynix/tests/rpc/client/test_eval_rpc.py::test_eval_strict_accessor_and_apply
SOAK     7.646 lane=4 END   nanopynix/tests/rpc/client/test_eval_rpc.py::test_eval_call_function_with_nested_value_proxy_arg ok
SOAK     7.891 lane=3 END   nanopynix/tests/rpc/client/test_eval_rpc.py::test_eval_call_function ok
SOAK     8.047 lane=2 END   nanopynix/tests/rpc/client/test_eval_rpc.py::test_eval_attr_names ok
SOAK     8.048 lane=2 START nanopynix/tests/rpc/client/test_eval_rpc.py::test_eval_nested_navigation
SOAK     8.064 lane=6 END   nanopynix/tests/rpc/test_error_identity.py::test_a_handle_of_the_wrong_kind_arrives_as_type_error ok
SOAK     8.149 lane=5 END   nanopynix/tests/rpc/client/test_eval_rpc.py::test_eval_concurrent_sessions ok
SOAK     8.161 lane=7 END   nanopynix/tests/rpc/client/test_eval_rpc.py::test_repl_session_load_file_autocalls_top_level_function ok
SOAK     8.408 lane=0 END   nanopynix/tests/rpc/client/test_eval_rpc.py::test_eval_strict_accessor_and_apply ok
SOAK     8.408 lane=0 START nanopynix/tests/rpc/client/test_eval_rpc.py::test_eval_call_function_with_value_proxy_arg
SOAK     8.681 lane=1 END   nanopynix/tests/test_store_exec.py::test_rpc_a_program_in_a_relocated_store_runs_through_the_exec_prefix ok
SOAK     8.681 lane=1 START nanopynix/tests/rpc/client/test_eval_rpc.py::test_eval_string
SOAK     9.208 lane=2 END   nanopynix/tests/rpc/client/test_eval_rpc.py::test_eval_nested_navigation ok
SOAK     9.560 lane=0 END   nanopynix/tests/rpc/client/test_eval_rpc.py::test_eval_call_function_with_value_proxy_arg ok
SOAK     9.841 lane=1 END   nanopynix/tests/rpc/client/test_eval_rpc.py::test_eval_string ok
SOAK END ok=43 fail=0
PASSED
nanopynix/tests/test_concurrent_soak.py::test_soak_inproc[daemon] SOAK BEGIN seed=4 lanes=8 tests=77 roster=sha256:f79eb9dbfc68391d
SOAK     0.000 lane=0 START nanopynix/tests/inproc/test_inproc.py::test_inproc_value_to_python
SOAK     0.001 lane=1 START nanopynix/tests/inproc/test_inproc.py::test_inproc_selection_on_a_released_value_raises_at_selection
SOAK     0.001 lane=3 START nanopynix/tests/test_store_engine_parity_semantics.py::test_the_selector_actually_reaches_nix
SOAK     0.002 lane=4 START nanopynix/tests/inproc/test_inproc.py::test_a_value_the_caller_still_holds_survives_a_collection
SOAK     0.003 lane=5 START nanopynix/tests/inproc/test_inproc.py::test_inproc_value_rejects_use_after_eval_close
SOAK     0.003 lane=7 START nanopynix/tests/test_scalar_accessor_semantics.py::test_inproc_reads_a_string_carrying_store_path_context
SOAK     0.028 lane=2 START nanopynix/tests/inproc/test_inproc.py::test_inproc_optimise_and_verify_a_private_store
SOAK     0.034 lane=6 START nanopynix/tests/test_store_exec.py::test_inproc_a_program_in_a_relocated_store_runs_through_the_exec_prefix
SOAK     0.047 lane=5 END   nanopynix/tests/inproc/test_inproc.py::test_inproc_value_rejects_use_after_eval_close ok
SOAK     0.047 lane=5 START nanopynix/tests/inproc/test_inproc.py::test_inproc_store_read_derivation
SOAK     0.225 lane=1 END   nanopynix/tests/inproc/test_inproc.py::test_inproc_selection_on_a_released_value_raises_at_selection ok
SOAK     0.236 lane=1 START nanopynix/tests/test_store_dump_db.py::test_the_records_follow_the_order_of_the_argument
SOAK     0.241 lane=4 END   nanopynix/tests/inproc/test_inproc.py::test_a_value_the_caller_still_holds_survives_a_collection ok
SOAK     0.241 lane=4 START nanopynix/tests/test_store_metadata_fidelity.py::test_inproc_read_derivation_keeps_nested_input_drvs
SOAK     0.257 lane=7 END   nanopynix/tests/test_scalar_accessor_semantics.py::test_inproc_reads_a_string_carrying_store_path_context ok
SOAK     0.257 lane=7 START nanopynix/tests/test_scalar_accessor_semantics.py::test_max_call_depth_is_a_nix_error_with_error_info
SOAK     0.259 lane=0 END   nanopynix/tests/inproc/test_inproc.py::test_inproc_value_to_python ok
SOAK     0.259 lane=0 START nanopynix/tests/inproc/test_inproc.py::test_inproc_value_attr_names
SOAK     0.302 lane=3 END   nanopynix/tests/test_store_engine_parity_semantics.py::test_the_selector_actually_reaches_nix ok
SOAK     0.302 lane=3 START nanopynix/tests/inproc/test_inproc.py::test_inproc_store_open_is_idempotent
SOAK     0.304 lane=2 END   nanopynix/tests/inproc/test_inproc.py::test_inproc_optimise_and_verify_a_private_store ok
SOAK     0.310 lane=3 END   nanopynix/tests/inproc/test_inproc.py::test_inproc_store_open_is_idempotent ok
SOAK     0.311 lane=3 START nanopynix/tests/inproc/test_inproc.py::test_inproc_session_subscribe_receives_a_request_finalized_event
SOAK     0.311 lane=5 END   nanopynix/tests/inproc/test_inproc.py::test_inproc_store_read_derivation ok
SOAK     0.311 lane=5 START nanopynix/tests/inproc/test_inproc.py::test_inproc_session_subscribe_receives_log_events
SOAK     0.311 lane=2 START nanopynix/tests/test_flake_lock_graph.py::test_find_input_resolves_a_follows_edge
SOAK     0.330 lane=3 END   nanopynix/tests/inproc/test_inproc.py::test_inproc_session_subscribe_receives_a_request_finalized_event ok
SOAK     0.330 lane=3 START nanopynix/tests/inproc/test_inproc.py::test_inproc_repl_open_is_idempotent
SOAK     0.330 lane=7 END   nanopynix/tests/test_scalar_accessor_semantics.py::test_max_call_depth_is_a_nix_error_with_error_info ok
SOAK     0.331 lane=0 END   nanopynix/tests/inproc/test_inproc.py::test_inproc_value_attr_names ok
SOAK     0.335 lane=0 START nanopynix/tests/inproc/test_inproc.py::test_inproc_store_query_missing
SOAK     0.340 lane=7 START nanopynix/tests/test_flake_lock_graph.py::test_metadata_json_carries_the_whole_graph
SOAK     0.371 lane=1 END   nanopynix/tests/test_store_dump_db.py::test_the_records_follow_the_order_of_the_argument ok
SOAK     0.371 lane=1 START nanopynix/tests/inproc/test_inproc.py::test_inproc_eval_rejects_store_from_different_session
SOAK     0.372 lane=5 END   nanopynix/tests/inproc/test_inproc.py::test_inproc_session_subscribe_receives_log_events ok
SOAK     0.372 lane=5 START nanopynix/tests/inproc/test_inproc.py::test_inproc_eval_close_releases_values_left_open
SOAK     0.399 lane=1 END   nanopynix/tests/inproc/test_inproc.py::test_inproc_eval_rejects_store_from_different_session ok
SOAK     0.399 lane=1 START nanopynix/tests/inproc/test_inproc.py::test_inproc_value_rejects_use_from_different_eval_session
SOAK     0.435 lane=5 END   nanopynix/tests/inproc/test_inproc.py::test_inproc_eval_close_releases_values_left_open ok
SOAK     0.435 lane=5 START nanopynix/tests/test_repl_scope_capacity.py::test_inproc_refuses_one_binding_past_the_end
SOAK     0.452 lane=3 END   nanopynix/tests/inproc/test_inproc.py::test_inproc_repl_open_is_idempotent ok
SOAK     0.452 lane=4 END   nanopynix/tests/test_store_metadata_fidelity.py::test_inproc_read_derivation_keeps_nested_input_drvs ok
SOAK     0.452 lane=4 START nanopynix/tests/inproc/test_inproc.py::test_inproc_value_build_raises_on_build_failure
SOAK     0.457 lane=0 END   nanopynix/tests/inproc/test_inproc.py::test_inproc_store_query_missing ok
SOAK     0.457 lane=0 START nanopynix/tests/test_repl_scope_capacity.py::test_inproc_fills_the_repl_scope_exactly_to_the_end
SOAK     0.457 lane=1 END   nanopynix/tests/inproc/test_inproc.py::test_inproc_value_rejects_use_from_different_eval_session ok
SOAK     0.462 lane=3 START nanopynix/tests/test_stores.py::test_two_store_roots_get_a_local_store_each
SOAK     0.472 lane=1 START nanopynix/tests/inproc/test_inproc.py::test_inproc_value_edit_location
SOAK     0.523 lane=2 END   nanopynix/tests/test_flake_lock_graph.py::test_find_input_resolves_a_follows_edge ok
SOAK     0.523 lane=2 START nanopynix/tests/primops/test_sleep_primop.py::test_sleep_waits_for_the_time_it_is_given
SOAK     0.525 lane=1 END   nanopynix/tests/inproc/test_inproc.py::test_inproc_value_edit_location ok
SOAK     0.528 lane=1 START nanopynix/tests/inproc/test_inproc.py::test_inproc_repl_load_file_and_add_attrs
SOAK     0.535 lane=7 END   nanopynix/tests/test_flake_lock_graph.py::test_metadata_json_carries_the_whole_graph ok
SOAK     0.535 lane=7 START nanopynix/tests/bindings/test_store_empty_path.py::test_the_guard_lives_in_cpp_not_in_the_python_wrapper
SOAK     0.610 lane=7 END   nanopynix/tests/bindings/test_store_empty_path.py::test_the_guard_lives_in_cpp_not_in_the_python_wrapper ok
SOAK     0.610 lane=7 START nanopynix/tests/inproc/test_inproc.py::test_inproc_store_query_derivation_outputs_and_valid_derivers
SOAK     0.654 lane=1 END   nanopynix/tests/inproc/test_inproc.py::test_inproc_repl_load_file_and_add_attrs ok
SOAK     0.654 lane=1 START nanopynix/tests/inproc/test_inproc.py::test_inproc_eval_open_and_close_are_idempotent
SOAK     0.747 lane=1 END   nanopynix/tests/inproc/test_inproc.py::test_inproc_eval_open_and_close_are_idempotent ok
SOAK     0.747 lane=1 START nanopynix/tests/inproc/test_inproc.py::test_inproc_eval_value_navigation
SOAK     0.806 lane=7 END   nanopynix/tests/inproc/test_inproc.py::test_inproc_store_query_derivation_outputs_and_valid_derivers ok
SOAK     0.806 lane=7 START nanopynix/tests/test_store_metadata_fidelity.py::test_inproc_build_reports_the_path_it_produced
SOAK     0.831 lane=1 END   nanopynix/tests/inproc/test_inproc.py::test_inproc_eval_value_navigation ok
SOAK     0.833 lane=1 START nanopynix/tests/inproc/test_inproc.py::test_inproc_copy_closure_copies_between_two_stores_in_one_session
SOAK     0.982 lane=4 END   nanopynix/tests/inproc/test_inproc.py::test_inproc_value_build_raises_on_build_failure ok
SOAK     0.982 lane=4 START nanopynix/tests/test_scalar_accessor_semantics.py::test_deep_conversion_of_a_true_cycle_raises_instead_of_crashing
SOAK     1.036 lane=2 END   nanopynix/tests/primops/test_sleep_primop.py::test_sleep_waits_for_the_time_it_is_given ok
SOAK     1.036 lane=2 START nanopynix/tests/inproc/test_inproc.py::test_inproc_store_uri_and_store_dir
SOAK     1.053 lane=1 END   nanopynix/tests/inproc/test_inproc.py::test_inproc_copy_closure_copies_between_two_stores_in_one_session ok
SOAK     1.053 lane=1 START nanopynix/tests/inproc/test_inproc_cancel.py::test_a_cancelled_interruptible_operation_frees_the_evaluator
SOAK     1.074 lane=2 END   nanopynix/tests/inproc/test_inproc.py::test_inproc_store_uri_and_store_dir ok
SOAK     1.074 lane=2 START nanopynix/tests/test_store_metadata_fidelity.py::test_inproc_read_derivation_keeps_structured_attrs
SOAK     1.187 lane=2 END   nanopynix/tests/test_store_metadata_fidelity.py::test_inproc_read_derivation_keeps_structured_attrs ok
SOAK     1.195 lane=2 START nanopynix/tests/test_stores.py::test_two_handles_on_one_local_store_share_the_temp_roots_file
SOAK     1.356 lane=3 END   nanopynix/tests/test_stores.py::test_two_store_roots_get_a_local_store_each ok
SOAK     1.356 lane=3 START nanopynix/tests/inproc/test_inproc.py::test_inproc_allows_concurrent_eval_states_on_one_store
SOAK     1.432 lane=3 END   nanopynix/tests/inproc/test_inproc.py::test_inproc_allows_concurrent_eval_states_on_one_store ok
SOAK     1.433 lane=3 START nanopynix/tests/test_flake_lock_graph.py::test_find_input_returns_none_for_a_name_that_is_not_an_input
SOAK     1.497 lane=5 END   nanopynix/tests/test_repl_scope_capacity.py::test_inproc_refuses_one_binding_past_the_end ok
SOAK     1.497 lane=5 START nanopynix/tests/inproc/test_inproc.py::test_inproc_value_build_rejects_store_from_different_session
SOAK     1.553 lane=7 END   nanopynix/tests/test_store_metadata_fidelity.py::test_inproc_build_reports_the_path_it_produced ok
SOAK     1.553 lane=7 START nanopynix/tests/bindings/test_value_accessor_types.py::test_accessors_force_a_thunk_first
SOAK     1.576 lane=0 END   nanopynix/tests/test_repl_scope_capacity.py::test_inproc_fills_the_repl_scope_exactly_to_the_end ok
SOAK     1.576 lane=0 START nanopynix/tests/inproc/test_inproc.py::test_inproc_value_scalar_conversions
SOAK     1.592 lane=5 END   nanopynix/tests/inproc/test_inproc.py::test_inproc_value_build_rejects_store_from_different_session ok
SOAK     1.592 lane=5 START nanopynix/tests/inproc/test_inproc.py::test_inproc_value_call_accepts_value_argument
SOAK     1.593 lane=7 END   nanopynix/tests/bindings/test_value_accessor_types.py::test_accessors_force_a_thunk_first ok
SOAK     1.593 lane=7 START nanopynix/tests/inproc/test_inproc.py::test_inproc_value_release_is_idempotent
SOAK     1.632 lane=7 END   nanopynix/tests/inproc/test_inproc.py::test_inproc_value_release_is_idempotent ok
SOAK     1.634 lane=5 END   nanopynix/tests/inproc/test_inproc.py::test_inproc_value_call_accepts_value_argument ok
SOAK     1.634 lane=5 START nanopynix/tests/inproc/test_inproc.py::test_the_collector_owner_thread_outlives_the_session
SOAK     1.635 lane=7 START nanopynix/tests/inproc/test_inproc.py::test_inproc_locked_flake_release_is_idempotent
SOAK     1.650 lane=0 END   nanopynix/tests/inproc/test_inproc.py::test_inproc_value_scalar_conversions ok
SOAK     1.662 lane=0 START nanopynix/tests/inproc/test_inproc.py::test_inproc_repl_supports_shared_protocol_operations
SOAK     1.663 lane=3 END   nanopynix/tests/test_flake_lock_graph.py::test_find_input_returns_none_for_a_name_that_is_not_an_input ok
SOAK     1.666 lane=3 START nanopynix/tests/primops/test_sleep_primop.py::test_sleep_is_a_builtin_and_not_a_global
SOAK     1.673 lane=5 END   nanopynix/tests/inproc/test_inproc.py::test_the_collector_owner_thread_outlives_the_session ok
SOAK     1.688 lane=5 START nanopynix/tests/inproc/test_inproc.py::test_inproc_eval_close_releases_leftover_locked_flakes
SOAK     1.714 lane=3 END   nanopynix/tests/primops/test_sleep_primop.py::test_sleep_is_a_builtin_and_not_a_global ok
SOAK     1.714 lane=3 START nanopynix/tests/inproc/test_inproc_cancel.py::test_an_operation_that_runs_a_nix_thread_pool_still_completes
SOAK     1.731 lane=0 END   nanopynix/tests/inproc/test_inproc.py::test_inproc_repl_supports_shared_protocol_operations ok
SOAK     1.731 lane=0 START nanopynix/tests/inproc/test_inproc.py::test_inproc_eval_file
SOAK     1.770 lane=0 END   nanopynix/tests/inproc/test_inproc.py::test_inproc_eval_file ok
SOAK     1.770 lane=7 END   nanopynix/tests/inproc/test_inproc.py::test_inproc_locked_flake_release_is_idempotent ok
SOAK     1.771 lane=0 START nanopynix/tests/test_stores.py::test_a_store_root_that_came_back_is_not_the_old_store
SOAK     1.796 lane=5 END   nanopynix/tests/inproc/test_inproc.py::test_inproc_eval_close_releases_leftover_locked_flakes ok
SOAK     1.820 lane=2 END   nanopynix/tests/test_stores.py::test_two_handles_on_one_local_store_share_the_temp_roots_file ok
SOAK     1.820 lane=2 START nanopynix/tests/test_scalar_accessor_semantics.py::test_deep_conversion_of_a_derivation_terminates
SOAK     1.963 lane=2 END   nanopynix/tests/test_scalar_accessor_semantics.py::test_deep_conversion_of_a_derivation_terminates ok
SOAK     1.963 lane=2 START nanopynix/tests/inproc/test_inproc.py::test_inproc_concurrent_eval_sessions_have_independent_pure_eval
SOAK     1.978 lane=0 END   nanopynix/tests/test_stores.py::test_a_store_root_that_came_back_is_not_the_old_store ok
SOAK     1.978 lane=0 START nanopynix/tests/inproc/test_inproc.py::test_inproc_store_cannot_close_while_its_eval_state_is_open
SOAK     2.046 lane=0 END   nanopynix/tests/inproc/test_inproc.py::test_inproc_store_cannot_close_while_its_eval_state_is_open ok
SOAK     2.049 lane=0 START nanopynix/tests/test_scalar_accessor_semantics.py::test_apply_accepts_an_already_evaluated_function
SOAK     2.064 lane=2 END   nanopynix/tests/inproc/test_inproc.py::test_inproc_concurrent_eval_sessions_have_independent_pure_eval ok
SOAK     2.064 lane=2 START nanopynix/tests/inproc/test_inproc.py::test_inproc_value_auto_call
SOAK     2.086 lane=0 END   nanopynix/tests/test_scalar_accessor_semantics.py::test_apply_accepts_an_already_evaluated_function ok
SOAK     2.090 lane=2 END   nanopynix/tests/inproc/test_inproc.py::test_inproc_value_auto_call ok
SOAK     2.090 lane=2 START nanopynix/tests/inproc/test_inproc.py::test_inproc_eval_open_requires_open_store
SOAK     2.090 lane=2 END   nanopynix/tests/inproc/test_inproc.py::test_inproc_eval_open_requires_open_store ok
SOAK     2.150 lane=6 END   nanopynix/tests/test_store_exec.py::test_inproc_a_program_in_a_relocated_store_runs_through_the_exec_prefix ok
SOAK     2.150 lane=6 START nanopynix/tests/inproc/test_inproc.py::test_collect_garbage_rejects_an_unsupported_action
SOAK     2.156 lane=6 END   nanopynix/tests/inproc/test_inproc.py::test_collect_garbage_rejects_an_unsupported_action ok
SOAK     2.157 lane=6 START nanopynix/tests/test_flake_lock_graph.py::test_find_input_returns_a_locked_ref_with_a_rev
SOAK     2.301 lane=6 END   nanopynix/tests/test_flake_lock_graph.py::test_find_input_returns_a_locked_ref_with_a_rev ok
SOAK     2.301 lane=6 START nanopynix/tests/inproc/test_inproc.py::test_inproc_store_collect_garbage_return_dead
SOAK     2.913 lane=6 END   nanopynix/tests/inproc/test_inproc.py::test_inproc_store_collect_garbage_return_dead ok
SOAK     2.913 lane=6 START nanopynix/tests/inproc/test_inproc.py::test_inproc_eval_state_can_be_closed_and_reopened
SOAK     2.978 lane=6 END   nanopynix/tests/inproc/test_inproc.py::test_inproc_eval_state_can_be_closed_and_reopened ok
SOAK     2.980 lane=6 START nanopynix/tests/inproc/test_inproc.py::test_inproc_locked_flake_facade
SOAK     3.862 lane=6 END   nanopynix/tests/inproc/test_inproc.py::test_inproc_locked_flake_facade ok
SOAK     3.862 lane=6 START nanopynix/tests/primops/test_sleep_primop.py::test_sleep_refuses_a_negative_duration
SOAK     3.891 lane=6 END   nanopynix/tests/primops/test_sleep_primop.py::test_sleep_refuses_a_negative_duration ok
SOAK     3.893 lane=6 START nanopynix/tests/inproc/test_inproc.py::test_inproc_lock_flake_update_inputs_variants
SOAK     3.993 lane=6 END   nanopynix/tests/inproc/test_inproc.py::test_inproc_lock_flake_update_inputs_variants ok
SOAK     3.995 lane=6 START nanopynix/tests/inproc/test_inproc.py::test_inproc_eval_flake
SOAK     4.095 lane=6 END   nanopynix/tests/inproc/test_inproc.py::test_inproc_eval_flake ok
SOAK     5.076 lane=4 END   nanopynix/tests/test_scalar_accessor_semantics.py::test_deep_conversion_of_a_true_cycle_raises_instead_of_crashing ok
SOAK     5.076 lane=4 START nanopynix/tests/inproc/test_inproc.py::test_inproc_value_context_manager_releases_rooted_value
SOAK     5.088 lane=4 END   nanopynix/tests/inproc/test_inproc.py::test_inproc_value_context_manager_releases_rooted_value ok
SOAK     5.088 lane=4 START nanopynix/tests/inproc/test_inproc.py::test_inproc_repl_requires_open_repl
SOAK     5.090 lane=4 END   nanopynix/tests/inproc/test_inproc.py::test_inproc_repl_requires_open_repl ok
SOAK     5.090 lane=4 START nanopynix/tests/test_store_engine_parity_semantics.py::test_a_bare_drv_round_trips_through_its_own_reply
SOAK     5.128 lane=4 END   nanopynix/tests/test_store_engine_parity_semantics.py::test_a_bare_drv_round_trips_through_its_own_reply ok
SOAK     5.128 lane=4 START nanopynix/tests/test_store_metadata_fidelity.py::test_an_opaque_request_builds_nothing_and_says_so
SOAK     5.174 lane=4 END   nanopynix/tests/test_store_metadata_fidelity.py::test_an_opaque_request_builds_nothing_and_says_so ok
SOAK     5.174 lane=4 START nanopynix/tests/bindings/test_value_accessor_types.py::test_an_int_read_as_a_string_names_both_types
SOAK     5.196 lane=4 END   nanopynix/tests/bindings/test_value_accessor_types.py::test_an_int_read_as_a_string_names_both_types ok
SOAK     5.196 lane=4 START nanopynix/tests/inproc/test_inproc.py::test_inproc_store_not_open_raises
SOAK     5.196 lane=4 END   nanopynix/tests/inproc/test_inproc.py::test_inproc_store_not_open_raises ok
SOAK    10.939 lane=1 END   nanopynix/tests/inproc/test_inproc_cancel.py::test_a_cancelled_interruptible_operation_frees_the_evaluator ok
SOAK    11.704 lane=3 END   nanopynix/tests/inproc/test_inproc_cancel.py::test_an_operation_that_runs_a_nix_thread_pool_still_completes ok
SOAK    11.706 lane=3 START nanopynix/tests/inproc/test_inproc.py::test_inproc_value_autocall_and_realise_argv
SOAK    12.004 lane=3 END   nanopynix/tests/inproc/test_inproc.py::test_inproc_value_autocall_and_realise_argv ok
SOAK END ok=77 fail=0
PASSED
nanopynix/tests/test_concurrent_soak.py::test_soak_rpc[daemon] SOAK BEGIN seed=4 lanes=8 tests=43 roster=sha256:eef7d5aefd96e46b
SOAK     0.005 lane=2 START nanopynix/tests/rpc/client/test_eval_rpc.py::test_repl_session_adds_attrs_to_scope
SOAK     0.016 lane=3 START nanopynix/tests/test_scalar_accessor_semantics.py::test_rpc_reads_a_string_carrying_store_path_context
SOAK     0.029 lane=4 START nanopynix/tests/rpc/test_error_identity.py::test_a_nix_error_still_refines_past_the_class_the_worker_named
SOAK     0.053 lane=7 START nanopynix/tests/rpc/client/test_eval_rpc.py::test_repl_session_scope_names_include_bindings_and_base_scope
SOAK     0.094 lane=0 START nanopynix/tests/rpc/client/test_eval_rpc.py::test_eval_thunk
SOAK     0.135 lane=1 START nanopynix/tests/rpc/client/test_eval_rpc.py::test_eval_attr_navigation
SOAK     0.236 lane=6 START nanopynix/tests/rpc/client/test_eval_rpc.py::test_eval_list
SOAK     0.316 lane=5 START nanopynix/tests/rpc/client/test_eval_rpc.py::test_eval_has_attr
SOAK     1.901 lane=4 END   nanopynix/tests/rpc/test_error_identity.py::test_a_nix_error_still_refines_past_the_class_the_worker_named ok
SOAK     1.902 lane=4 START nanopynix/tests/rpc/client/test_eval_rpc.py::test_repl_session_persists_bindings
SOAK     1.963 lane=1 END   nanopynix/tests/rpc/client/test_eval_rpc.py::test_eval_attr_navigation ok
SOAK     1.963 lane=1 START nanopynix/tests/test_store_metadata_fidelity.py::test_rpc_read_derivation_keeps_structured_attrs
SOAK     2.008 lane=3 END   nanopynix/tests/test_scalar_accessor_semantics.py::test_rpc_reads_a_string_carrying_store_path_context ok
SOAK     2.008 lane=3 START nanopynix/tests/rpc/client/test_eval_rpc.py::test_to_python_refuses_a_tree_containing_a_function
SOAK     2.021 lane=5 END   nanopynix/tests/rpc/client/test_eval_rpc.py::test_eval_has_attr ok
SOAK     2.022 lane=2 END   nanopynix/tests/rpc/client/test_eval_rpc.py::test_repl_session_adds_attrs_to_scope ok
SOAK     2.022 lane=2 START nanopynix/tests/rpc/test_error_identity.py::test_an_absent_handle_arrives_as_key_error
SOAK     2.050 lane=7 END   nanopynix/tests/rpc/client/test_eval_rpc.py::test_repl_session_scope_names_include_bindings_and_base_scope ok
SOAK     2.050 lane=7 START nanopynix/tests/test_repl_scope_capacity.py::test_rpc_refuses_one_binding_past_the_end
SOAK     2.080 lane=0 END   nanopynix/tests/rpc/client/test_eval_rpc.py::test_eval_thunk ok
SOAK     2.081 lane=6 END   nanopynix/tests/rpc/client/test_eval_rpc.py::test_eval_list ok
SOAK     2.081 lane=6 START nanopynix/tests/rpc/test_error_identity.py::test_an_unsupported_scalar_type_arrives_as_value_error
SOAK     2.129 lane=5 START nanopynix/tests/rpc/client/test_eval_rpc.py::test_eval_file_directory_loads_default_nix
SOAK     2.161 lane=0 START nanopynix/tests/rpc/client/test_eval_rpc.py::test_eval_force_does_not_consume
SOAK     3.511 lane=2 END   nanopynix/tests/rpc/test_error_identity.py::test_an_absent_handle_arrives_as_key_error ok
SOAK     3.511 lane=2 START nanopynix/tests/test_store_metadata_fidelity.py::test_rpc_read_derivation_keeps_nested_input_drvs
SOAK     3.537 lane=4 END   nanopynix/tests/rpc/client/test_eval_rpc.py::test_repl_session_persists_bindings ok
SOAK     3.537 lane=4 START nanopynix/tests/rpc/client/test_eval_rpc.py::test_copy_closure_between_stores
SOAK     3.587 lane=6 END   nanopynix/tests/rpc/test_error_identity.py::test_an_unsupported_scalar_type_arrives_as_value_error ok
SOAK     3.587 lane=6 START nanopynix/tests/rpc/client/test_eval_rpc.py::test_repl_session_open_is_idempotent
SOAK     3.617 lane=5 END   nanopynix/tests/rpc/client/test_eval_rpc.py::test_eval_file_directory_loads_default_nix ok
SOAK     3.617 lane=5 START nanopynix/tests/test_store_metadata_fidelity.py::test_rpc_build_reports_the_path_it_produced
SOAK     3.649 lane=1 END   nanopynix/tests/test_store_metadata_fidelity.py::test_rpc_read_derivation_keeps_structured_attrs ok
SOAK     3.649 lane=1 START nanopynix/tests/rpc/client/test_eval_rpc.py::test_force_closing_store_closes_dependent_eval_state
SOAK     3.687 lane=3 END   nanopynix/tests/rpc/client/test_eval_rpc.py::test_to_python_refuses_a_tree_containing_a_function ok
SOAK     3.687 lane=3 START nanopynix/tests/rpc/client/test_eval_rpc.py::test_forced_attrs_borrow_the_parent_value_handle
SOAK     3.707 lane=0 END   nanopynix/tests/rpc/client/test_eval_rpc.py::test_eval_force_does_not_consume ok
SOAK     3.707 lane=0 START nanopynix/tests/rpc/test_error_identity.py::test_a_setting_refusal_arrives_as_setting_not_live_error
SOAK     3.840 lane=7 END   nanopynix/tests/test_repl_scope_capacity.py::test_rpc_refuses_one_binding_past_the_end ok
SOAK     3.840 lane=7 START nanopynix/tests/rpc/test_error_identity.py::test_a_negative_index_past_the_start_arrives_as_index_error
SOAK     5.104 lane=2 END   nanopynix/tests/test_store_metadata_fidelity.py::test_rpc_read_derivation_keeps_nested_input_drvs ok
SOAK     5.104 lane=2 START nanopynix/tests/rpc/client/test_eval_rpc.py::test_eval_callable_function_proxy
SOAK     5.134 lane=1 END   nanopynix/tests/rpc/client/test_eval_rpc.py::test_force_closing_store_closes_dependent_eval_state ok
SOAK     5.135 lane=1 START nanopynix/tests/rpc/client/test_eval_rpc.py::test_repl_session_edit_location_uses_function_source
SOAK     5.207 lane=3 END   nanopynix/tests/rpc/client/test_eval_rpc.py::test_forced_attrs_borrow_the_parent_value_handle ok
SOAK     5.209 lane=3 START nanopynix/tests/rpc/client/test_eval_rpc.py::test_eval_file_simple
SOAK     5.239 lane=4 END   nanopynix/tests/rpc/client/test_eval_rpc.py::test_copy_closure_between_stores ok
SOAK     5.248 lane=6 END   nanopynix/tests/rpc/client/test_eval_rpc.py::test_repl_session_open_is_idempotent ok
SOAK     5.248 lane=6 START nanopynix/tests/rpc/client/test_eval_rpc.py::test_eval_call_non_function_raises
SOAK     5.269 lane=7 END   nanopynix/tests/rpc/test_error_identity.py::test_a_negative_index_past_the_start_arrives_as_index_error ok
SOAK     5.270 lane=7 START nanopynix/tests/rpc/client/test_eval_rpc.py::test_eval_auto_call_function_with_default_attrset_args
SOAK     5.288 lane=0 END   nanopynix/tests/rpc/test_error_identity.py::test_a_setting_refusal_arrives_as_setting_not_live_error ok
SOAK     5.288 lane=0 START nanopynix/tests/test_repl_scope_capacity.py::test_rpc_fills_the_repl_scope_exactly_to_the_end
SOAK     5.304 lane=5 END   nanopynix/tests/test_store_metadata_fidelity.py::test_rpc_build_reports_the_path_it_produced ok
SOAK     5.304 lane=5 START nanopynix/tests/rpc/client/test_eval_rpc.py::test_eval_reused_function_can_call_separately_evaluated_value
SOAK     5.327 lane=4 START nanopynix/tests/rpc/client/test_eval_rpc.py::test_eval_session_cleanup
SOAK     6.648 lane=3 END   nanopynix/tests/rpc/client/test_eval_rpc.py::test_eval_file_simple ok
SOAK     6.648 lane=3 START nanopynix/tests/rpc/client/test_eval_rpc.py::test_eval_call_function
SOAK     6.666 lane=2 END   nanopynix/tests/rpc/client/test_eval_rpc.py::test_eval_callable_function_proxy ok
SOAK     6.670 lane=2 START nanopynix/tests/rpc/client/test_eval_rpc.py::test_eval_attr_names
SOAK     6.725 lane=6 END   nanopynix/tests/rpc/client/test_eval_rpc.py::test_eval_call_non_function_raises ok
SOAK     6.725 lane=6 START nanopynix/tests/rpc/test_error_identity.py::test_a_handle_of_the_wrong_kind_arrives_as_type_error
SOAK     6.759 lane=1 END   nanopynix/tests/rpc/client/test_eval_rpc.py::test_repl_session_edit_location_uses_function_source ok
SOAK     6.760 lane=7 END   nanopynix/tests/rpc/client/test_eval_rpc.py::test_eval_auto_call_function_with_default_attrset_args ok
SOAK     6.767 lane=1 START nanopynix/tests/test_store_exec.py::test_rpc_a_program_in_a_relocated_store_runs_through_the_exec_prefix
SOAK     6.787 lane=7 START nanopynix/tests/rpc/client/test_eval_rpc.py::test_repl_session_load_file_autocalls_top_level_function
SOAK     6.810 lane=5 END   nanopynix/tests/rpc/client/test_eval_rpc.py::test_eval_reused_function_can_call_separately_evaluated_value ok
SOAK     6.822 lane=5 START nanopynix/tests/rpc/client/test_eval_rpc.py::test_eval_concurrent_sessions
SOAK     6.825 lane=4 END   nanopynix/tests/rpc/client/test_eval_rpc.py::test_eval_session_cleanup ok
SOAK     6.826 lane=4 START nanopynix/tests/rpc/client/test_eval_rpc.py::test_eval_call_function_with_nested_value_proxy_arg
SOAK     7.367 lane=0 END   nanopynix/tests/test_repl_scope_capacity.py::test_rpc_fills_the_repl_scope_exactly_to_the_end ok
SOAK     7.367 lane=0 START nanopynix/tests/rpc/client/test_eval_rpc.py::test_eval_strict_accessor_and_apply
SOAK     8.220 lane=2 END   nanopynix/tests/rpc/client/test_eval_rpc.py::test_eval_attr_names ok
SOAK     8.220 lane=2 START nanopynix/tests/rpc/client/test_eval_rpc.py::test_eval_nested_navigation
SOAK     8.325 lane=6 END   nanopynix/tests/rpc/test_error_identity.py::test_a_handle_of_the_wrong_kind_arrives_as_type_error ok
SOAK     8.334 lane=3 END   nanopynix/tests/rpc/client/test_eval_rpc.py::test_eval_call_function ok
SOAK     8.337 lane=7 END   nanopynix/tests/rpc/client/test_eval_rpc.py::test_repl_session_load_file_autocalls_top_level_function ok
SOAK     8.391 lane=4 END   nanopynix/tests/rpc/client/test_eval_rpc.py::test_eval_call_function_with_nested_value_proxy_arg ok
SOAK     8.424 lane=5 END   nanopynix/tests/rpc/client/test_eval_rpc.py::test_eval_concurrent_sessions ok
SOAK     8.615 lane=0 END   nanopynix/tests/rpc/client/test_eval_rpc.py::test_eval_strict_accessor_and_apply ok
SOAK     8.615 lane=0 START nanopynix/tests/rpc/client/test_eval_rpc.py::test_eval_call_function_with_value_proxy_arg
SOAK     9.421 lane=2 END   nanopynix/tests/rpc/client/test_eval_rpc.py::test_eval_nested_navigation ok
SOAK     9.448 lane=1 END   nanopynix/tests/test_store_exec.py::test_rpc_a_program_in_a_relocated_store_runs_through_the_exec_prefix ok
SOAK     9.448 lane=1 START nanopynix/tests/rpc/client/test_eval_rpc.py::test_eval_string
SOAK     9.764 lane=0 END   nanopynix/tests/rpc/client/test_eval_rpc.py::test_eval_call_function_with_value_proxy_arg ok
SOAK    10.589 lane=1 END   nanopynix/tests/rpc/client/test_eval_rpc.py::test_eval_string ok
SOAK END ok=43 fail=0
PASSED

=============================== warnings summary ===============================
nanopynix-helpers/src/nanopynix_helpers/fod.py:28
  /nix/store/068zcmrz9dbz5w3kdja5bvbybfk1783n-nanopynix-source/nanopynix-helpers/src/nanopynix_helpers/fod.py:28: DeprecationWarning: int argument support is deprecated
    _NIX_LANGUAGE = Language(cast("int", tree_sitter_nix.language()))  # type: ignore[reportDeprecated, reportUnknownMemberType] -- tree-sitter-nix 0.3 exposes the legacy integer language pointer

pynix/src/pynix/_nix_syntax.py:24
  /nix/store/068zcmrz9dbz5w3kdja5bvbybfk1783n-nanopynix-source/pynix/src/pynix/_nix_syntax.py:24: DeprecationWarning: int argument support is deprecated
    NIX_LANGUAGE = Language(cast("int", tree_sitter_nix.language()))  # type: ignore[reportDeprecated, reportUnknownMemberType] -- tree-sitter-nix 0.3 exposes the legacy integer language pointer

../xdhampxgcaq13aah0q0lmq0zbdmx9yki-nanopynix-test-env/lib/python3.14/site-packages/_pytest/python.py:124
  /nix/store/xdhampxgcaq13aah0q0lmq0zbdmx9yki-nanopynix-test-env/lib/python3.14/site-packages/_pytest/python.py:124: PytestRemovedIn10Warning: Passing a non-Collection iterable to parametrize is deprecated.
  Test: tests/meta/test_ci_step_policy.py::test_a_run_body_is_one_line, argvalues type: generator
  Please convert to a list or tuple.
  See https://docs.pytest.org/en/stable/deprecations.html#parametrize-iterators
    metafunc.parametrize(*marker.args, **marker.kwargs, _param_mark=marker)

../xdhampxgcaq13aah0q0lmq0zbdmx9yki-nanopynix-test-env/lib/python3.14/site-packages/_pytest/python.py:124
  /nix/store/xdhampxgcaq13aah0q0lmq0zbdmx9yki-nanopynix-test-env/lib/python3.14/site-packages/_pytest/python.py:124: PytestRemovedIn10Warning: Passing a non-Collection iterable to parametrize is deprecated.
  Test: tests/meta/test_ci_step_policy.py::test_a_run_body_holds_no_workflow_expression, argvalues type: generator
  Please convert to a list or tuple.
  See https://docs.pytest.org/en/stable/deprecations.html#parametrize-iterators
    metafunc.parametrize(*marker.args, **marker.kwargs, _param_mark=marker)

-- Docs: https://docs.pytest.org/en/stable/how-to/capture-warnings.html
========== 4 passed, 3761 deselected, 4 warnings in 63.39s (0:01:03) ===========
=== TSAN run 4 exit status: 0 ===
=== TSAN run 5 ===
/nix/store/xdhampxgcaq13aah0q0lmq0zbdmx9yki-nanopynix-test-env/lib/python3.14/site-packages/hypothesis/_settings.py:1098: HypothesisWarning: The database setting is not configured, and the default location is unusable - falling back to an in-memory database for this session.  path=PosixPath('/nix/store/068zcmrz9dbz5w3kdja5bvbybfk1783n-nanopynix-source/.hypothesis/examples')
  value = getattr(self, name)
/nix/store/xdhampxgcaq13aah0q0lmq0zbdmx9yki-nanopynix-test-env/lib/python3.14/site-packages/hypothesis/_settings.py:1099: HypothesisWarning: The database setting is not configured, and the default location is unusable - falling back to an in-memory database for this session.  path=PosixPath('/nix/store/068zcmrz9dbz5w3kdja5bvbybfk1783n-nanopynix-source/.hypothesis/examples')
  if value != getattr(default, name):
============================= test session starts ==============================
platform linux -- Python 3.14.7, pytest-9.1.1, pluggy-1.6.0 -- /nix/store/xdhampxgcaq13aah0q0lmq0zbdmx9yki-nanopynix-test-env/bin/python3.14
hypothesis profile 'default' -> database=InMemoryExampleDatabase({})
rootdir: /nix/store/068zcmrz9dbz5w3kdja5bvbybfk1783n-nanopynix-source
configfile: pytest.ini
testpaths: tests, nanopynix/tests, nanopynix-helpers/tests, pynix/tests, pynix-lsp/tests
plugins: anyio-4.14.2, hypothesis-6.156.1, cov-7.1.0, dependency-0.6.1, forked-1.6.0, xdist-3.8.0, lsp-1.0.1, asyncio-1.4.0
asyncio: mode=Mode.STRICT, debug=False, asyncio_default_fixture_loop_scope=None, asyncio_default_test_loop_scope=function
collecting ... collected 3765 items / 3761 deselected / 4 selected

nanopynix/tests/test_concurrent_soak.py::test_soak_inproc[local] SOAK BEGIN seed=5 lanes=8 tests=77 roster=sha256:f79eb9dbfc68391d
SOAK     0.001 lane=0 START nanopynix/tests/test_store_metadata_fidelity.py::test_inproc_read_derivation_keeps_structured_attrs
SOAK     0.001 lane=1 START nanopynix/tests/test_store_metadata_fidelity.py::test_an_opaque_request_builds_nothing_and_says_so
SOAK     0.004 lane=2 START nanopynix/tests/inproc/test_inproc.py::test_inproc_store_collect_garbage_return_dead
SOAK     0.004 lane=3 START nanopynix/tests/inproc/test_inproc.py::test_inproc_value_auto_call
SOAK     0.006 lane=5 START nanopynix/tests/bindings/test_value_accessor_types.py::test_accessors_force_a_thunk_first
SOAK     0.006 lane=6 START nanopynix/tests/inproc/test_inproc.py::test_inproc_eval_value_navigation
SOAK     0.008 lane=4 START nanopynix/tests/test_flake_lock_graph.py::test_find_input_returns_a_locked_ref_with_a_rev
SOAK     0.025 lane=7 START nanopynix/tests/inproc/test_inproc.py::test_inproc_repl_load_file_and_add_attrs
SOAK     0.084 lane=5 END   nanopynix/tests/bindings/test_value_accessor_types.py::test_accessors_force_a_thunk_first ok
SOAK     0.085 lane=5 START nanopynix/tests/inproc/test_inproc.py::test_inproc_repl_requires_open_repl
SOAK     0.088 lane=3 END   nanopynix/tests/inproc/test_inproc.py::test_inproc_value_auto_call ok
SOAK     0.092 lane=3 START nanopynix/tests/inproc/test_inproc.py::test_inproc_copy_closure_copies_between_two_stores_in_one_session
SOAK     0.097 lane=5 END   nanopynix/tests/inproc/test_inproc.py::test_inproc_repl_requires_open_repl ok
SOAK     0.097 lane=5 START nanopynix/tests/inproc/test_inproc.py::test_inproc_value_rejects_use_after_eval_close
SOAK     0.106 lane=6 END   nanopynix/tests/inproc/test_inproc.py::test_inproc_eval_value_navigation ok
SOAK     0.106 lane=6 START nanopynix/tests/inproc/test_inproc.py::test_inproc_repl_open_is_idempotent
SOAK     0.141 lane=7 END   nanopynix/tests/inproc/test_inproc.py::test_inproc_repl_load_file_and_add_attrs ok
SOAK     0.141 lane=7 START nanopynix/tests/test_scalar_accessor_semantics.py::test_deep_conversion_of_a_derivation_terminates
SOAK     0.141 lane=5 END   nanopynix/tests/inproc/test_inproc.py::test_inproc_value_rejects_use_after_eval_close ok
SOAK     0.141 lane=5 START nanopynix/tests/test_store_metadata_fidelity.py::test_inproc_read_derivation_keeps_nested_input_drvs
SOAK     0.144 lane=0 END   nanopynix/tests/test_store_metadata_fidelity.py::test_inproc_read_derivation_keeps_structured_attrs ok
SOAK     0.144 lane=0 START nanopynix/tests/inproc/test_inproc.py::test_inproc_selection_on_a_released_value_raises_at_selection
SOAK     0.204 lane=2 END   nanopynix/tests/inproc/test_inproc.py::test_inproc_store_collect_garbage_return_dead ok
SOAK     0.204 lane=2 START nanopynix/tests/primops/test_sleep_primop.py::test_sleep_refuses_a_negative_duration
SOAK     0.223 lane=0 END   nanopynix/tests/inproc/test_inproc.py::test_inproc_selection_on_a_released_value_raises_at_selection ok
SOAK     0.226 lane=4 END   nanopynix/tests/test_flake_lock_graph.py::test_find_input_returns_a_locked_ref_with_a_rev ok
SOAK     0.226 lane=4 START nanopynix/tests/test_store_engine_parity_semantics.py::test_the_selector_actually_reaches_nix
SOAK     0.233 lane=0 START nanopynix/tests/inproc/test_inproc.py::test_inproc_locked_flake_release_is_idempotent
SOAK     0.239 lane=3 END   nanopynix/tests/inproc/test_inproc.py::test_inproc_copy_closure_copies_between_two_stores_in_one_session ok
SOAK     0.239 lane=3 START nanopynix/tests/inproc/test_inproc.py::test_inproc_value_autocall_and_realise_argv
SOAK     0.241 lane=7 END   nanopynix/tests/test_scalar_accessor_semantics.py::test_deep_conversion_of_a_derivation_terminates ok
SOAK     0.241 lane=7 START nanopynix/tests/inproc/test_inproc.py::test_inproc_allows_concurrent_eval_states_on_one_store
SOAK     0.252 lane=2 END   nanopynix/tests/primops/test_sleep_primop.py::test_sleep_refuses_a_negative_duration ok
SOAK     0.256 lane=2 START nanopynix/tests/inproc/test_inproc.py::test_inproc_session_subscribe_receives_log_events
SOAK     0.257 lane=6 END   nanopynix/tests/inproc/test_inproc.py::test_inproc_repl_open_is_idempotent ok
SOAK     0.257 lane=6 START nanopynix/tests/inproc/test_inproc_cancel.py::test_a_cancelled_interruptible_operation_frees_the_evaluator
SOAK     0.285 lane=4 END   nanopynix/tests/test_store_engine_parity_semantics.py::test_the_selector_actually_reaches_nix ok
SOAK     0.286 lane=4 START nanopynix/tests/bindings/test_value_accessor_types.py::test_an_int_read_as_a_string_names_both_types
SOAK     0.286 lane=3 END   nanopynix/tests/inproc/test_inproc.py::test_inproc_value_autocall_and_realise_argv ok
SOAK     0.286 lane=3 START nanopynix/tests/inproc/test_inproc.py::test_inproc_eval_close_releases_values_left_open
SOAK     0.314 lane=7 END   nanopynix/tests/inproc/test_inproc.py::test_inproc_allows_concurrent_eval_states_on_one_store ok
SOAK     0.315 lane=7 START nanopynix/tests/inproc/test_inproc.py::test_inproc_store_uri_and_store_dir
SOAK     0.315 lane=2 END   nanopynix/tests/inproc/test_inproc.py::test_inproc_session_subscribe_receives_log_events ok
SOAK     0.316 lane=2 START nanopynix/tests/inproc/test_inproc.py::test_inproc_value_context_manager_releases_rooted_value
SOAK     0.426 lane=3 END   nanopynix/tests/inproc/test_inproc.py::test_inproc_eval_close_releases_values_left_open ok
SOAK     0.427 lane=3 START nanopynix/tests/inproc/test_inproc.py::test_inproc_eval_open_and_close_are_idempotent
SOAK     0.429 lane=0 END   nanopynix/tests/inproc/test_inproc.py::test_inproc_locked_flake_release_is_idempotent ok
SOAK     0.429 lane=0 START nanopynix/tests/inproc/test_inproc.py::test_inproc_store_query_missing
SOAK     0.451 lane=4 END   nanopynix/tests/bindings/test_value_accessor_types.py::test_an_int_read_as_a_string_names_both_types ok
SOAK     0.454 lane=4 START nanopynix/tests/test_scalar_accessor_semantics.py::test_max_call_depth_is_a_nix_error_with_error_info
SOAK     0.468 lane=7 END   nanopynix/tests/inproc/test_inproc.py::test_inproc_store_uri_and_store_dir ok
SOAK     0.469 lane=7 START nanopynix/tests/primops/test_sleep_primop.py::test_sleep_is_a_builtin_and_not_a_global
SOAK     0.574 lane=0 END   nanopynix/tests/inproc/test_inproc.py::test_inproc_store_query_missing ok
SOAK     0.576 lane=5 END   nanopynix/tests/test_store_metadata_fidelity.py::test_inproc_read_derivation_keeps_nested_input_drvs ok
SOAK     0.580 lane=0 START nanopynix/tests/test_flake_lock_graph.py::test_find_input_resolves_a_follows_edge
SOAK     0.614 lane=3 END   nanopynix/tests/inproc/test_inproc.py::test_inproc_eval_open_and_close_are_idempotent ok
SOAK     0.616 lane=5 START nanopynix/tests/inproc/test_inproc.py::test_inproc_locked_flake_facade
SOAK     0.634 lane=2 END   nanopynix/tests/inproc/test_inproc.py::test_inproc_value_context_manager_releases_rooted_value ok
SOAK     0.634 lane=2 START nanopynix/tests/inproc/test_inproc.py::test_inproc_store_read_derivation
SOAK     0.669 lane=3 START nanopynix/tests/test_store_dump_db.py::test_the_records_follow_the_order_of_the_argument
SOAK     0.675 lane=4 END   nanopynix/tests/test_scalar_accessor_semantics.py::test_max_call_depth_is_a_nix_error_with_error_info ok
SOAK     0.675 lane=1 END   nanopynix/tests/test_store_metadata_fidelity.py::test_an_opaque_request_builds_nothing_and_says_so ok
SOAK     0.675 lane=1 START nanopynix/tests/test_scalar_accessor_semantics.py::test_apply_accepts_an_already_evaluated_function
SOAK     0.680 lane=4 START nanopynix/tests/test_store_exec.py::test_inproc_a_program_in_a_relocated_store_runs_through_the_exec_prefix
SOAK     0.688 lane=7 END   nanopynix/tests/primops/test_sleep_primop.py::test_sleep_is_a_builtin_and_not_a_global ok
SOAK     0.688 lane=7 START nanopynix/tests/inproc/test_inproc_cancel.py::test_an_operation_that_runs_a_nix_thread_pool_still_completes
SOAK     0.723 lane=2 END   nanopynix/tests/inproc/test_inproc.py::test_inproc_store_read_derivation ok
SOAK     0.730 lane=2 START nanopynix/tests/inproc/test_inproc.py::test_inproc_value_edit_location
SOAK     0.760 lane=3 END   nanopynix/tests/test_store_dump_db.py::test_the_records_follow_the_order_of_the_argument ok
SOAK     0.761 lane=3 START nanopynix/tests/test_scalar_accessor_semantics.py::test_inproc_reads_a_string_carrying_store_path_context
SOAK     0.864 lane=2 END   nanopynix/tests/inproc/test_inproc.py::test_inproc_value_edit_location ok
SOAK     0.866 lane=2 START nanopynix/tests/inproc/test_inproc.py::test_collect_garbage_rejects_an_unsupported_action
SOAK     0.873 lane=1 END   nanopynix/tests/test_scalar_accessor_semantics.py::test_apply_accepts_an_already_evaluated_function ok
SOAK     0.880 lane=1 START nanopynix/tests/test_flake_lock_graph.py::test_find_input_returns_none_for_a_name_that_is_not_an_input
SOAK     0.939 lane=2 END   nanopynix/tests/inproc/test_inproc.py::test_collect_garbage_rejects_an_unsupported_action ok
SOAK     0.941 lane=2 START nanopynix/tests/test_scalar_accessor_semantics.py::test_deep_conversion_of_a_true_cycle_raises_instead_of_crashing
SOAK     1.043 lane=0 END   nanopynix/tests/test_flake_lock_graph.py::test_find_input_resolves_a_follows_edge ok
SOAK     1.043 lane=0 START nanopynix/tests/inproc/test_inproc.py::test_inproc_value_call_accepts_value_argument
SOAK     1.052 lane=3 END   nanopynix/tests/test_scalar_accessor_semantics.py::test_inproc_reads_a_string_carrying_store_path_context ok
SOAK     1.052 lane=3 START nanopynix/tests/inproc/test_inproc.py::test_inproc_value_release_is_idempotent
SOAK     1.119 lane=5 END   nanopynix/tests/inproc/test_inproc.py::test_inproc_locked_flake_facade ok
SOAK     1.119 lane=5 START nanopynix/tests/primops/test_sleep_primop.py::test_sleep_waits_for_the_time_it_is_given
SOAK     1.120 lane=0 END   nanopynix/tests/inproc/test_inproc.py::test_inproc_value_call_accepts_value_argument ok
SOAK     1.120 lane=0 START nanopynix/tests/inproc/test_inproc.py::test_inproc_value_build_raises_on_build_failure
SOAK     1.120 lane=3 END   nanopynix/tests/inproc/test_inproc.py::test_inproc_value_release_is_idempotent ok
SOAK     1.123 lane=3 START nanopynix/tests/inproc/test_inproc.py::test_inproc_value_scalar_conversions
SOAK     1.190 lane=1 END   nanopynix/tests/test_flake_lock_graph.py::test_find_input_returns_none_for_a_name_that_is_not_an_input ok
SOAK     1.194 lane=1 START nanopynix/tests/test_stores.py::test_two_store_roots_get_a_local_store_each
SOAK     1.200 lane=3 END   nanopynix/tests/inproc/test_inproc.py::test_inproc_value_scalar_conversions ok
SOAK     1.201 lane=3 START nanopynix/tests/inproc/test_inproc.py::test_inproc_value_rejects_use_from_different_eval_session
SOAK     1.324 lane=3 END   nanopynix/tests/inproc/test_inproc.py::test_inproc_value_rejects_use_from_different_eval_session ok
SOAK     1.603 lane=5 END   nanopynix/tests/primops/test_sleep_primop.py::test_sleep_waits_for_the_time_it_is_given ok
SOAK     1.612 lane=5 START nanopynix/tests/inproc/test_inproc.py::test_inproc_repl_supports_shared_protocol_operations
SOAK     1.701 lane=5 END   nanopynix/tests/inproc/test_inproc.py::test_inproc_repl_supports_shared_protocol_operations ok
SOAK     1.703 lane=5 START nanopynix/tests/inproc/test_inproc.py::test_inproc_eval_state_can_be_closed_and_reopened
SOAK     1.791 lane=5 END   nanopynix/tests/inproc/test_inproc.py::test_inproc_eval_state_can_be_closed_and_reopened ok
SOAK     1.792 lane=5 START nanopynix/tests/inproc/test_inproc.py::test_inproc_optimise_and_verify_a_private_store
SOAK     1.827 lane=0 END   nanopynix/tests/inproc/test_inproc.py::test_inproc_value_build_raises_on_build_failure ok
SOAK     1.828 lane=0 START nanopynix/tests/inproc/test_inproc.py::test_inproc_lock_flake_update_inputs_variants
SOAK     1.886 lane=4 END   nanopynix/tests/test_store_exec.py::test_inproc_a_program_in_a_relocated_store_runs_through_the_exec_prefix ok
SOAK     1.888 lane=4 START nanopynix/tests/test_stores.py::test_two_handles_on_one_local_store_share_the_temp_roots_file
SOAK     1.910 lane=5 END   nanopynix/tests/inproc/test_inproc.py::test_inproc_optimise_and_verify_a_private_store ok
SOAK     1.940 lane=0 END   nanopynix/tests/inproc/test_inproc.py::test_inproc_lock_flake_update_inputs_variants ok
SOAK     1.941 lane=0 START nanopynix/tests/inproc/test_inproc.py::test_inproc_value_to_python
SOAK     1.997 lane=0 END   nanopynix/tests/inproc/test_inproc.py::test_inproc_value_to_python ok
SOAK     1.997 lane=0 START nanopynix/tests/test_repl_scope_capacity.py::test_inproc_fills_the_repl_scope_exactly_to_the_end
SOAK     2.069 lane=1 END   nanopynix/tests/test_stores.py::test_two_store_roots_get_a_local_store_each ok
SOAK     2.069 lane=1 START nanopynix/tests/inproc/test_inproc.py::test_inproc_value_build_rejects_store_from_different_session
SOAK     2.098 lane=1 END   nanopynix/tests/inproc/test_inproc.py::test_inproc_value_build_rejects_store_from_different_session ok
SOAK     2.099 lane=1 START nanopynix/tests/test_flake_lock_graph.py::test_metadata_json_carries_the_whole_graph
SOAK     2.207 lane=4 END   nanopynix/tests/test_stores.py::test_two_handles_on_one_local_store_share_the_temp_roots_file ok
SOAK     2.210 lane=4 START nanopynix/tests/inproc/test_inproc.py::test_inproc_eval_file
SOAK     2.259 lane=4 END   nanopynix/tests/inproc/test_inproc.py::test_inproc_eval_file ok
SOAK     2.259 lane=4 START nanopynix/tests/bindings/test_store_empty_path.py::test_the_guard_lives_in_cpp_not_in_the_python_wrapper
SOAK     2.264 lane=4 END   nanopynix/tests/bindings/test_store_empty_path.py::test_the_guard_lives_in_cpp_not_in_the_python_wrapper ok
SOAK     2.264 lane=4 START nanopynix/tests/inproc/test_inproc.py::test_inproc_eval_rejects_store_from_different_session
SOAK     2.271 lane=4 END   nanopynix/tests/inproc/test_inproc.py::test_inproc_eval_rejects_store_from_different_session ok
SOAK     2.271 lane=4 START nanopynix/tests/inproc/test_inproc.py::test_inproc_store_query_derivation_outputs_and_valid_derivers
SOAK     2.275 lane=1 END   nanopynix/tests/test_flake_lock_graph.py::test_metadata_json_carries_the_whole_graph ok
SOAK     2.285 lane=1 START nanopynix/tests/inproc/test_inproc.py::test_inproc_eval_close_releases_leftover_locked_flakes
SOAK     2.325 lane=4 END   nanopynix/tests/inproc/test_inproc.py::test_inproc_store_query_derivation_outputs_and_valid_derivers ok
SOAK     2.341 lane=1 END   nanopynix/tests/inproc/test_inproc.py::test_inproc_eval_close_releases_leftover_locked_flakes ok
SOAK     2.341 lane=1 START nanopynix/tests/inproc/test_inproc.py::test_inproc_session_subscribe_receives_a_request_finalized_event
SOAK     2.341 lane=1 END   nanopynix/tests/inproc/test_inproc.py::test_inproc_session_subscribe_receives_a_request_finalized_event ok
SOAK     2.341 lane=1 START nanopynix/tests/test_store_metadata_fidelity.py::test_inproc_build_reports_the_path_it_produced
SOAK     2.371 lane=1 END   nanopynix/tests/test_store_metadata_fidelity.py::test_inproc_build_reports_the_path_it_produced ok
SOAK     2.371 lane=1 START nanopynix/tests/inproc/test_inproc.py::test_a_value_the_caller_still_holds_survives_a_collection
SOAK     2.848 lane=1 END   nanopynix/tests/inproc/test_inproc.py::test_a_value_the_caller_still_holds_survives_a_collection ok
SOAK     2.942 lane=0 END   nanopynix/tests/test_repl_scope_capacity.py::test_inproc_fills_the_repl_scope_exactly_to_the_end ok
SOAK     4.944 lane=2 END   nanopynix/tests/test_scalar_accessor_semantics.py::test_deep_conversion_of_a_true_cycle_raises_instead_of_crashing ok
SOAK     4.944 lane=2 START nanopynix/tests/test_repl_scope_capacity.py::test_inproc_refuses_one_binding_past_the_end
SOAK     5.568 lane=2 END   nanopynix/tests/test_repl_scope_capacity.py::test_inproc_refuses_one_binding_past_the_end ok
SOAK     5.568 lane=2 START nanopynix/tests/test_store_engine_parity_semantics.py::test_a_bare_drv_round_trips_through_its_own_reply
SOAK     5.574 lane=2 END   nanopynix/tests/test_store_engine_parity_semantics.py::test_a_bare_drv_round_trips_through_its_own_reply ok
SOAK     8.546 lane=6 END   nanopynix/tests/inproc/test_inproc_cancel.py::test_a_cancelled_interruptible_operation_frees_the_evaluator ok
SOAK     8.546 lane=6 START nanopynix/tests/inproc/test_inproc.py::test_inproc_store_not_open_raises
SOAK     8.546 lane=6 END   nanopynix/tests/inproc/test_inproc.py::test_inproc_store_not_open_raises ok
SOAK     8.547 lane=6 START nanopynix/tests/test_stores.py::test_a_store_root_that_came_back_is_not_the_old_store
SOAK     8.637 lane=6 END   nanopynix/tests/test_stores.py::test_a_store_root_that_came_back_is_not_the_old_store ok
SOAK     8.638 lane=6 START nanopynix/tests/inproc/test_inproc.py::test_inproc_store_cannot_close_while_its_eval_state_is_open
SOAK     8.646 lane=6 END   nanopynix/tests/inproc/test_inproc.py::test_inproc_store_cannot_close_while_its_eval_state_is_open ok
SOAK     8.646 lane=6 START nanopynix/tests/inproc/test_inproc.py::test_the_collector_owner_thread_outlives_the_session
SOAK     8.655 lane=6 END   nanopynix/tests/inproc/test_inproc.py::test_the_collector_owner_thread_outlives_the_session ok
SOAK     8.655 lane=6 START nanopynix/tests/inproc/test_inproc.py::test_inproc_value_attr_names
SOAK     8.671 lane=6 END   nanopynix/tests/inproc/test_inproc.py::test_inproc_value_attr_names ok
SOAK     8.671 lane=6 START nanopynix/tests/inproc/test_inproc.py::test_inproc_concurrent_eval_sessions_have_independent_pure_eval
SOAK     8.704 lane=6 END   nanopynix/tests/inproc/test_inproc.py::test_inproc_concurrent_eval_sessions_have_independent_pure_eval ok
SOAK     9.728 lane=7 END   nanopynix/tests/inproc/test_inproc_cancel.py::test_an_operation_that_runs_a_nix_thread_pool_still_completes ok
SOAK     9.729 lane=7 START nanopynix/tests/inproc/test_inproc.py::test_inproc_eval_flake
SOAK     9.765 lane=7 END   nanopynix/tests/inproc/test_inproc.py::test_inproc_eval_flake ok
SOAK     9.766 lane=7 START nanopynix/tests/inproc/test_inproc.py::test_inproc_eval_open_requires_open_store
SOAK     9.766 lane=7 END   nanopynix/tests/inproc/test_inproc.py::test_inproc_eval_open_requires_open_store ok
SOAK     9.766 lane=7 START nanopynix/tests/inproc/test_inproc.py::test_inproc_store_open_is_idempotent
SOAK     9.767 lane=7 END   nanopynix/tests/inproc/test_inproc.py::test_inproc_store_open_is_idempotent ok
SOAK END ok=77 fail=0
PASSED
nanopynix/tests/test_concurrent_soak.py::test_soak_rpc[local] SOAK BEGIN seed=5 lanes=8 tests=43 roster=sha256:eef7d5aefd96e46b
SOAK     0.001 lane=1 START nanopynix/tests/rpc/test_error_identity.py::test_an_absent_handle_arrives_as_key_error
SOAK     0.013 lane=3 START nanopynix/tests/test_repl_scope_capacity.py::test_rpc_fills_the_repl_scope_exactly_to_the_end
SOAK     0.031 lane=4 START nanopynix/tests/rpc/test_error_identity.py::test_a_negative_index_past_the_start_arrives_as_index_error
SOAK     0.059 lane=5 START nanopynix/tests/test_scalar_accessor_semantics.py::test_rpc_reads_a_string_carrying_store_path_context
SOAK     0.091 lane=6 START nanopynix/tests/test_store_metadata_fidelity.py::test_rpc_build_reports_the_path_it_produced
SOAK     0.119 lane=7 START nanopynix/tests/rpc/client/test_eval_rpc.py::test_repl_session_open_is_idempotent
SOAK     0.145 lane=0 START nanopynix/tests/rpc/client/test_eval_rpc.py::test_eval_thunk
SOAK     0.195 lane=2 START nanopynix/tests/rpc/client/test_eval_rpc.py::test_repl_session_load_file_autocalls_top_level_function
SOAK     1.506 lane=1 END   nanopynix/tests/rpc/test_error_identity.py::test_an_absent_handle_arrives_as_key_error ok
SOAK     1.506 lane=1 START nanopynix/tests/rpc/test_error_identity.py::test_a_nix_error_still_refines_past_the_class_the_worker_named
SOAK     1.591 lane=4 END   nanopynix/tests/rpc/test_error_identity.py::test_a_negative_index_past_the_start_arrives_as_index_error ok
SOAK     1.593 lane=4 START nanopynix/tests/rpc/client/test_eval_rpc.py::test_repl_session_edit_location_uses_function_source
SOAK     1.650 lane=5 END   nanopynix/tests/test_scalar_accessor_semantics.py::test_rpc_reads_a_string_carrying_store_path_context ok
SOAK     1.650 lane=5 START nanopynix/tests/rpc/client/test_eval_rpc.py::test_eval_list
SOAK     1.725 lane=0 END   nanopynix/tests/rpc/client/test_eval_rpc.py::test_eval_thunk ok
SOAK     1.725 lane=0 START nanopynix/tests/rpc/client/test_eval_rpc.py::test_force_closing_store_closes_dependent_eval_state
SOAK     1.753 lane=7 END   nanopynix/tests/rpc/client/test_eval_rpc.py::test_repl_session_open_is_idempotent ok
SOAK     1.753 lane=7 START nanopynix/tests/rpc/client/test_eval_rpc.py::test_eval_call_function
SOAK     1.780 lane=2 END   nanopynix/tests/rpc/client/test_eval_rpc.py::test_repl_session_load_file_autocalls_top_level_function ok
SOAK     1.780 lane=6 END   nanopynix/tests/test_store_metadata_fidelity.py::test_rpc_build_reports_the_path_it_produced ok
SOAK     1.798 lane=6 START nanopynix/tests/rpc/client/test_eval_rpc.py::test_eval_concurrent_sessions
SOAK     1.799 lane=2 START nanopynix/tests/rpc/client/test_eval_rpc.py::test_eval_file_simple
SOAK     2.212 lane=3 END   nanopynix/tests/test_repl_scope_capacity.py::test_rpc_fills_the_repl_scope_exactly_to_the_end ok
SOAK     2.212 lane=3 START nanopynix/tests/test_store_metadata_fidelity.py::test_rpc_read_derivation_keeps_nested_input_drvs
SOAK     2.958 lane=1 END   nanopynix/tests/rpc/test_error_identity.py::test_a_nix_error_still_refines_past_the_class_the_worker_named ok
SOAK     2.958 lane=1 START nanopynix/tests/rpc/client/test_eval_rpc.py::test_eval_string
SOAK     3.060 lane=4 END   nanopynix/tests/rpc/client/test_eval_rpc.py::test_repl_session_edit_location_uses_function_source ok
SOAK     3.060 lane=4 START nanopynix/tests/rpc/client/test_eval_rpc.py::test_eval_callable_function_proxy
SOAK     3.158 lane=0 END   nanopynix/tests/rpc/client/test_eval_rpc.py::test_force_closing_store_closes_dependent_eval_state ok
SOAK     3.159 lane=0 START nanopynix/tests/rpc/client/test_eval_rpc.py::test_eval_attr_navigation
SOAK     3.176 lane=2 END   nanopynix/tests/rpc/client/test_eval_rpc.py::test_eval_file_simple ok
SOAK     3.176 lane=2 START nanopynix/tests/rpc/client/test_eval_rpc.py::test_repl_session_scope_names_include_bindings_and_base_scope
SOAK     3.205 lane=7 END   nanopynix/tests/rpc/client/test_eval_rpc.py::test_eval_call_function ok
SOAK     3.214 lane=5 END   nanopynix/tests/rpc/client/test_eval_rpc.py::test_eval_list ok
SOAK     3.223 lane=7 START nanopynix/tests/rpc/client/test_eval_rpc.py::test_copy_closure_between_stores
SOAK     3.246 lane=5 START nanopynix/tests/rpc/client/test_eval_rpc.py::test_eval_has_attr
SOAK     3.282 lane=6 END   nanopynix/tests/rpc/client/test_eval_rpc.py::test_eval_concurrent_sessions ok
SOAK     3.283 lane=6 START nanopynix/tests/rpc/client/test_eval_rpc.py::test_eval_call_function_with_value_proxy_arg
SOAK     3.479 lane=3 END   nanopynix/tests/test_store_metadata_fidelity.py::test_rpc_read_derivation_keeps_nested_input_drvs ok
SOAK     3.479 lane=3 START nanopynix/tests/rpc/client/test_eval_rpc.py::test_eval_call_function_with_nested_value_proxy_arg
SOAK     4.115 lane=1 END   nanopynix/tests/rpc/client/test_eval_rpc.py::test_eval_string ok
SOAK     4.115 lane=1 START nanopynix/tests/rpc/client/test_eval_rpc.py::test_eval_strict_accessor_and_apply
SOAK     4.488 lane=4 END   nanopynix/tests/rpc/client/test_eval_rpc.py::test_eval_callable_function_proxy ok
SOAK     4.488 lane=4 START nanopynix/tests/rpc/client/test_eval_rpc.py::test_eval_force_does_not_consume
SOAK     4.563 lane=0 END   nanopynix/tests/rpc/client/test_eval_rpc.py::test_eval_attr_navigation ok
SOAK     4.563 lane=0 START nanopynix/tests/test_repl_scope_capacity.py::test_rpc_refuses_one_binding_past_the_end
SOAK     4.614 lane=2 END   nanopynix/tests/rpc/client/test_eval_rpc.py::test_repl_session_scope_names_include_bindings_and_base_scope ok
SOAK     4.614 lane=2 START nanopynix/tests/rpc/test_error_identity.py::test_an_unsupported_scalar_type_arrives_as_value_error
SOAK     4.706 lane=7 END   nanopynix/tests/rpc/client/test_eval_rpc.py::test_copy_closure_between_stores ok
SOAK     4.707 lane=7 START nanopynix/tests/rpc/test_error_identity.py::test_a_handle_of_the_wrong_kind_arrives_as_type_error
SOAK     4.743 lane=5 END   nanopynix/tests/rpc/client/test_eval_rpc.py::test_eval_has_attr ok
SOAK     4.743 lane=5 START nanopynix/tests/test_store_metadata_fidelity.py::test_rpc_read_derivation_keeps_structured_attrs
SOAK     4.777 lane=6 END   nanopynix/tests/rpc/client/test_eval_rpc.py::test_eval_call_function_with_value_proxy_arg ok
SOAK     4.780 lane=6 START nanopynix/tests/rpc/client/test_eval_rpc.py::test_repl_session_persists_bindings
SOAK     4.810 lane=3 END   nanopynix/tests/rpc/client/test_eval_rpc.py::test_eval_call_function_with_nested_value_proxy_arg ok
SOAK     4.824 lane=3 START nanopynix/tests/rpc/client/test_eval_rpc.py::test_eval_session_cleanup
SOAK     5.331 lane=1 END   nanopynix/tests/rpc/client/test_eval_rpc.py::test_eval_strict_accessor_and_apply ok
SOAK     5.331 lane=1 START nanopynix/tests/rpc/client/test_eval_rpc.py::test_eval_call_non_function_raises
SOAK     5.666 lane=4 END   nanopynix/tests/rpc/client/test_eval_rpc.py::test_eval_force_does_not_consume ok
SOAK     5.666 lane=4 START nanopynix/tests/rpc/client/test_eval_rpc.py::test_eval_nested_navigation
SOAK     6.061 lane=7 END   nanopynix/tests/rpc/test_error_identity.py::test_a_handle_of_the_wrong_kind_arrives_as_type_error ok
SOAK     6.061 lane=7 START nanopynix/tests/rpc/test_error_identity.py::test_a_setting_refusal_arrives_as_setting_not_live_error
SOAK     6.076 lane=2 END   nanopynix/tests/rpc/test_error_identity.py::test_an_unsupported_scalar_type_arrives_as_value_error ok
SOAK     6.076 lane=2 START nanopynix/tests/rpc/client/test_eval_rpc.py::test_eval_file_directory_loads_default_nix
SOAK     6.126 lane=0 END   nanopynix/tests/test_repl_scope_capacity.py::test_rpc_refuses_one_binding_past_the_end ok
SOAK     6.126 lane=0 START nanopynix/tests/rpc/client/test_eval_rpc.py::test_repl_session_adds_attrs_to_scope
SOAK     6.232 lane=6 END   nanopynix/tests/rpc/client/test_eval_rpc.py::test_repl_session_persists_bindings ok
SOAK     6.232 lane=6 START nanopynix/tests/rpc/client/test_eval_rpc.py::test_eval_attr_names
SOAK     6.249 lane=3 END   nanopynix/tests/rpc/client/test_eval_rpc.py::test_eval_session_cleanup ok
SOAK     6.250 lane=3 START nanopynix/tests/rpc/client/test_eval_rpc.py::test_eval_auto_call_function_with_default_attrset_args
SOAK     6.269 lane=5 END   nanopynix/tests/test_store_metadata_fidelity.py::test_rpc_read_derivation_keeps_structured_attrs ok
SOAK     6.270 lane=5 START nanopynix/tests/rpc/client/test_eval_rpc.py::test_to_python_refuses_a_tree_containing_a_function
SOAK     6.509 lane=1 END   nanopynix/tests/rpc/client/test_eval_rpc.py::test_eval_call_non_function_raises ok
SOAK     6.509 lane=1 START nanopynix/tests/rpc/client/test_eval_rpc.py::test_eval_reused_function_can_call_separately_evaluated_value
SOAK     6.837 lane=4 END   nanopynix/tests/rpc/client/test_eval_rpc.py::test_eval_nested_navigation ok
SOAK     7.248 lane=2 END   nanopynix/tests/rpc/client/test_eval_rpc.py::test_eval_file_directory_loads_default_nix ok
SOAK     7.249 lane=2 START nanopynix/tests/test_store_exec.py::test_rpc_a_program_in_a_relocated_store_runs_through_the_exec_prefix
SOAK     7.402 lane=7 END   nanopynix/tests/rpc/test_error_identity.py::test_a_setting_refusal_arrives_as_setting_not_live_error ok
SOAK     7.518 lane=0 END   nanopynix/tests/rpc/client/test_eval_rpc.py::test_repl_session_adds_attrs_to_scope ok
SOAK     7.518 lane=0 START nanopynix/tests/rpc/client/test_eval_rpc.py::test_forced_attrs_borrow_the_parent_value_handle
SOAK     7.540 lane=6 END   nanopynix/tests/rpc/client/test_eval_rpc.py::test_eval_attr_names ok
SOAK     7.590 lane=3 END   nanopynix/tests/rpc/client/test_eval_rpc.py::test_eval_auto_call_function_with_default_attrset_args ok
SOAK     7.627 lane=5 END   nanopynix/tests/rpc/client/test_eval_rpc.py::test_to_python_refuses_a_tree_containing_a_function ok
SOAK     7.696 lane=1 END   nanopynix/tests/rpc/client/test_eval_rpc.py::test_eval_reused_function_can_call_separately_evaluated_value ok
SOAK     8.719 lane=0 END   nanopynix/tests/rpc/client/test_eval_rpc.py::test_forced_attrs_borrow_the_parent_value_handle ok
SOAK     8.958 lane=2 END   nanopynix/tests/test_store_exec.py::test_rpc_a_program_in_a_relocated_store_runs_through_the_exec_prefix ok
SOAK END ok=43 fail=0
PASSED
nanopynix/tests/test_concurrent_soak.py::test_soak_inproc[daemon] SOAK BEGIN seed=5 lanes=8 tests=77 roster=sha256:f79eb9dbfc68391d
SOAK     0.000 lane=0 START nanopynix/tests/test_store_metadata_fidelity.py::test_inproc_read_derivation_keeps_structured_attrs
SOAK     0.001 lane=1 START nanopynix/tests/test_store_metadata_fidelity.py::test_an_opaque_request_builds_nothing_and_says_so
SOAK     0.001 lane=2 START nanopynix/tests/inproc/test_inproc.py::test_inproc_store_collect_garbage_return_dead
SOAK     0.003 lane=3 START nanopynix/tests/inproc/test_inproc.py::test_inproc_value_auto_call
SOAK     0.004 lane=5 START nanopynix/tests/bindings/test_value_accessor_types.py::test_accessors_force_a_thunk_first
SOAK     0.007 lane=6 START nanopynix/tests/inproc/test_inproc.py::test_inproc_eval_value_navigation
SOAK     0.040 lane=4 START nanopynix/tests/test_flake_lock_graph.py::test_find_input_returns_a_locked_ref_with_a_rev
SOAK     0.054 lane=7 START nanopynix/tests/inproc/test_inproc.py::test_inproc_repl_load_file_and_add_attrs
SOAK     0.097 lane=5 END   nanopynix/tests/bindings/test_value_accessor_types.py::test_accessors_force_a_thunk_first ok
SOAK     0.097 lane=5 START nanopynix/tests/inproc/test_inproc.py::test_inproc_repl_requires_open_repl
SOAK     0.102 lane=5 END   nanopynix/tests/inproc/test_inproc.py::test_inproc_repl_requires_open_repl ok
SOAK     0.102 lane=5 START nanopynix/tests/inproc/test_inproc.py::test_inproc_value_rejects_use_after_eval_close
SOAK     0.114 lane=3 END   nanopynix/tests/inproc/test_inproc.py::test_inproc_value_auto_call ok
SOAK     0.128 lane=3 START nanopynix/tests/inproc/test_inproc.py::test_inproc_copy_closure_copies_between_two_stores_in_one_session
SOAK     0.138 lane=7 END   nanopynix/tests/inproc/test_inproc.py::test_inproc_repl_load_file_and_add_attrs ok
SOAK     0.138 lane=7 START nanopynix/tests/test_scalar_accessor_semantics.py::test_deep_conversion_of_a_derivation_terminates
SOAK     0.139 lane=5 END   nanopynix/tests/inproc/test_inproc.py::test_inproc_value_rejects_use_after_eval_close ok
SOAK     0.139 lane=5 START nanopynix/tests/test_store_metadata_fidelity.py::test_inproc_read_derivation_keeps_nested_input_drvs
SOAK     0.140 lane=6 END   nanopynix/tests/inproc/test_inproc.py::test_inproc_eval_value_navigation ok
SOAK     0.140 lane=6 START nanopynix/tests/inproc/test_inproc.py::test_inproc_repl_open_is_idempotent
SOAK     0.223 lane=0 END   nanopynix/tests/test_store_metadata_fidelity.py::test_inproc_read_derivation_keeps_structured_attrs ok
SOAK     0.223 lane=0 START nanopynix/tests/inproc/test_inproc.py::test_inproc_selection_on_a_released_value_raises_at_selection
SOAK     0.236 lane=2 END   nanopynix/tests/inproc/test_inproc.py::test_inproc_store_collect_garbage_return_dead ok
SOAK     0.236 lane=2 START nanopynix/tests/primops/test_sleep_primop.py::test_sleep_refuses_a_negative_duration
SOAK     0.273 lane=4 END   nanopynix/tests/test_flake_lock_graph.py::test_find_input_returns_a_locked_ref_with_a_rev ok
SOAK     0.273 lane=4 START nanopynix/tests/test_store_engine_parity_semantics.py::test_the_selector_actually_reaches_nix
SOAK     0.282 lane=0 END   nanopynix/tests/inproc/test_inproc.py::test_inproc_selection_on_a_released_value_raises_at_selection ok
SOAK     0.290 lane=0 START nanopynix/tests/inproc/test_inproc.py::test_inproc_locked_flake_release_is_idempotent
SOAK     0.316 lane=3 END   nanopynix/tests/inproc/test_inproc.py::test_inproc_copy_closure_copies_between_two_stores_in_one_session ok
SOAK     0.316 lane=3 START nanopynix/tests/inproc/test_inproc.py::test_inproc_value_autocall_and_realise_argv
SOAK     0.318 lane=5 END   nanopynix/tests/test_store_metadata_fidelity.py::test_inproc_read_derivation_keeps_nested_input_drvs ok
SOAK     0.319 lane=2 END   nanopynix/tests/primops/test_sleep_primop.py::test_sleep_refuses_a_negative_duration ok
SOAK     0.319 lane=2 START nanopynix/tests/inproc/test_inproc.py::test_inproc_session_subscribe_receives_log_events
SOAK     0.328 lane=7 END   nanopynix/tests/test_scalar_accessor_semantics.py::test_deep_conversion_of_a_derivation_terminates ok
SOAK     0.328 lane=7 START nanopynix/tests/inproc/test_inproc.py::test_inproc_allows_concurrent_eval_states_on_one_store
SOAK     0.339 lane=5 START nanopynix/tests/inproc/test_inproc.py::test_inproc_locked_flake_facade
SOAK     0.364 lane=6 END   nanopynix/tests/inproc/test_inproc.py::test_inproc_repl_open_is_idempotent ok
SOAK     0.367 lane=6 START nanopynix/tests/inproc/test_inproc_cancel.py::test_a_cancelled_interruptible_operation_frees_the_evaluator
SOAK     0.369 lane=2 END   nanopynix/tests/inproc/test_inproc.py::test_inproc_session_subscribe_receives_log_events ok
SOAK     0.371 lane=2 START nanopynix/tests/inproc/test_inproc.py::test_inproc_value_context_manager_releases_rooted_value
SOAK     0.404 lane=0 END   nanopynix/tests/inproc/test_inproc.py::test_inproc_locked_flake_release_is_idempotent ok
SOAK     0.404 lane=0 START nanopynix/tests/inproc/test_inproc.py::test_inproc_store_query_missing
SOAK     0.421 lane=3 END   nanopynix/tests/inproc/test_inproc.py::test_inproc_value_autocall_and_realise_argv ok
SOAK     0.421 lane=3 START nanopynix/tests/inproc/test_inproc.py::test_inproc_eval_close_releases_values_left_open
SOAK     0.449 lane=4 END   nanopynix/tests/test_store_engine_parity_semantics.py::test_the_selector_actually_reaches_nix ok
SOAK     0.449 lane=4 START nanopynix/tests/bindings/test_value_accessor_types.py::test_an_int_read_as_a_string_names_both_types
SOAK     0.450 lane=7 END   nanopynix/tests/inproc/test_inproc.py::test_inproc_allows_concurrent_eval_states_on_one_store ok
SOAK     0.450 lane=7 START nanopynix/tests/inproc/test_inproc.py::test_inproc_store_uri_and_store_dir
SOAK     0.462 lane=2 END   nanopynix/tests/inproc/test_inproc.py::test_inproc_value_context_manager_releases_rooted_value ok
SOAK     0.462 lane=2 START nanopynix/tests/inproc/test_inproc.py::test_inproc_store_read_derivation
SOAK     0.465 lane=1 END   nanopynix/tests/test_store_metadata_fidelity.py::test_an_opaque_request_builds_nothing_and_says_so ok
SOAK     0.467 lane=1 START nanopynix/tests/test_scalar_accessor_semantics.py::test_apply_accepts_an_already_evaluated_function
SOAK     0.505 lane=3 END   nanopynix/tests/inproc/test_inproc.py::test_inproc_eval_close_releases_values_left_open ok
SOAK     0.505 lane=3 START nanopynix/tests/inproc/test_inproc.py::test_inproc_eval_open_and_close_are_idempotent
SOAK     0.509 lane=7 END   nanopynix/tests/inproc/test_inproc.py::test_inproc_store_uri_and_store_dir ok
SOAK     0.509 lane=7 START nanopynix/tests/primops/test_sleep_primop.py::test_sleep_is_a_builtin_and_not_a_global
SOAK     0.615 lane=4 END   nanopynix/tests/bindings/test_value_accessor_types.py::test_an_int_read_as_a_string_names_both_types ok
SOAK     0.615 lane=4 START nanopynix/tests/test_scalar_accessor_semantics.py::test_max_call_depth_is_a_nix_error_with_error_info
SOAK     0.625 lane=0 END   nanopynix/tests/inproc/test_inproc.py::test_inproc_store_query_missing ok
SOAK     0.680 lane=3 END   nanopynix/tests/inproc/test_inproc.py::test_inproc_eval_open_and_close_are_idempotent ok
SOAK     0.693 lane=0 START nanopynix/tests/test_flake_lock_graph.py::test_find_input_resolves_a_follows_edge
SOAK     0.762 lane=3 START nanopynix/tests/test_store_dump_db.py::test_the_records_follow_the_order_of_the_argument
SOAK     0.779 lane=2 END   nanopynix/tests/inproc/test_inproc.py::test_inproc_store_read_derivation ok
SOAK     0.786 lane=2 START nanopynix/tests/inproc/test_inproc.py::test_inproc_value_edit_location
SOAK     0.790 lane=4 END   nanopynix/tests/test_scalar_accessor_semantics.py::test_max_call_depth_is_a_nix_error_with_error_info ok
SOAK     0.810 lane=1 END   nanopynix/tests/test_scalar_accessor_semantics.py::test_apply_accepts_an_already_evaluated_function ok
SOAK     0.811 lane=4 START nanopynix/tests/test_store_exec.py::test_inproc_a_program_in_a_relocated_store_runs_through_the_exec_prefix
SOAK     0.811 lane=7 END   nanopynix/tests/primops/test_sleep_primop.py::test_sleep_is_a_builtin_and_not_a_global ok
SOAK     0.811 lane=7 START nanopynix/tests/inproc/test_inproc_cancel.py::test_an_operation_that_runs_a_nix_thread_pool_still_completes
SOAK     0.812 lane=1 START nanopynix/tests/test_flake_lock_graph.py::test_find_input_returns_none_for_a_name_that_is_not_an_input
SOAK     0.994 lane=2 END   nanopynix/tests/inproc/test_inproc.py::test_inproc_value_edit_location ok
SOAK     1.003 lane=2 START nanopynix/tests/inproc/test_inproc.py::test_collect_garbage_rejects_an_unsupported_action
SOAK     1.028 lane=2 END   nanopynix/tests/inproc/test_inproc.py::test_collect_garbage_rejects_an_unsupported_action ok
SOAK     1.028 lane=2 START nanopynix/tests/test_scalar_accessor_semantics.py::test_deep_conversion_of_a_true_cycle_raises_instead_of_crashing
SOAK     1.028 lane=3 END   nanopynix/tests/test_store_dump_db.py::test_the_records_follow_the_order_of_the_argument ok
SOAK     1.028 lane=3 START nanopynix/tests/test_scalar_accessor_semantics.py::test_inproc_reads_a_string_carrying_store_path_context
SOAK     1.057 lane=0 END   nanopynix/tests/test_flake_lock_graph.py::test_find_input_resolves_a_follows_edge ok
SOAK     1.057 lane=0 START nanopynix/tests/inproc/test_inproc.py::test_inproc_value_call_accepts_value_argument
SOAK     1.130 lane=5 END   nanopynix/tests/inproc/test_inproc.py::test_inproc_locked_flake_facade ok
SOAK     1.131 lane=5 START nanopynix/tests/primops/test_sleep_primop.py::test_sleep_waits_for_the_time_it_is_given
SOAK     1.131 lane=0 END   nanopynix/tests/inproc/test_inproc.py::test_inproc_value_call_accepts_value_argument ok
SOAK     1.131 lane=0 START nanopynix/tests/inproc/test_inproc.py::test_inproc_value_build_raises_on_build_failure
SOAK     1.183 lane=3 END   nanopynix/tests/test_scalar_accessor_semantics.py::test_inproc_reads_a_string_carrying_store_path_context ok
SOAK     1.183 lane=3 START nanopynix/tests/inproc/test_inproc.py::test_inproc_value_release_is_idempotent
SOAK     1.228 lane=3 END   nanopynix/tests/inproc/test_inproc.py::test_inproc_value_release_is_idempotent ok
SOAK     1.228 lane=3 START nanopynix/tests/inproc/test_inproc.py::test_inproc_value_scalar_conversions
SOAK     1.240 lane=1 END   nanopynix/tests/test_flake_lock_graph.py::test_find_input_returns_none_for_a_name_that_is_not_an_input ok
SOAK     1.257 lane=1 START nanopynix/tests/test_stores.py::test_two_store_roots_get_a_local_store_each
SOAK     1.287 lane=3 END   nanopynix/tests/inproc/test_inproc.py::test_inproc_value_scalar_conversions ok
SOAK     1.287 lane=3 START nanopynix/tests/inproc/test_inproc.py::test_inproc_value_rejects_use_from_different_eval_session
SOAK     1.395 lane=3 END   nanopynix/tests/inproc/test_inproc.py::test_inproc_value_rejects_use_from_different_eval_session ok
SOAK     1.598 lane=5 END   nanopynix/tests/primops/test_sleep_primop.py::test_sleep_waits_for_the_time_it_is_given ok
SOAK     1.600 lane=5 START nanopynix/tests/inproc/test_inproc.py::test_inproc_repl_supports_shared_protocol_operations
SOAK     1.657 lane=5 END   nanopynix/tests/inproc/test_inproc.py::test_inproc_repl_supports_shared_protocol_operations ok
SOAK     1.657 lane=5 START nanopynix/tests/inproc/test_inproc.py::test_inproc_eval_state_can_be_closed_and_reopened
SOAK     1.736 lane=5 END   nanopynix/tests/inproc/test_inproc.py::test_inproc_eval_state_can_be_closed_and_reopened ok
SOAK     1.737 lane=5 START nanopynix/tests/inproc/test_inproc.py::test_inproc_optimise_and_verify_a_private_store
SOAK     1.791 lane=0 END   nanopynix/tests/inproc/test_inproc.py::test_inproc_value_build_raises_on_build_failure ok
SOAK     1.793 lane=0 START nanopynix/tests/inproc/test_inproc.py::test_inproc_lock_flake_update_inputs_variants
SOAK     1.900 lane=5 END   nanopynix/tests/inproc/test_inproc.py::test_inproc_optimise_and_verify_a_private_store ok
SOAK     1.960 lane=1 END   nanopynix/tests/test_stores.py::test_two_store_roots_get_a_local_store_each ok
SOAK     1.960 lane=1 START nanopynix/tests/inproc/test_inproc.py::test_inproc_value_build_rejects_store_from_different_session
SOAK     2.014 lane=1 END   nanopynix/tests/inproc/test_inproc.py::test_inproc_value_build_rejects_store_from_different_session ok
SOAK     2.023 lane=0 END   nanopynix/tests/inproc/test_inproc.py::test_inproc_lock_flake_update_inputs_variants ok
SOAK     2.023 lane=0 START nanopynix/tests/inproc/test_inproc.py::test_inproc_value_to_python
SOAK     2.023 lane=1 START nanopynix/tests/test_flake_lock_graph.py::test_metadata_json_carries_the_whole_graph
SOAK     2.139 lane=0 END   nanopynix/tests/inproc/test_inproc.py::test_inproc_value_to_python ok
SOAK     2.139 lane=0 START nanopynix/tests/test_repl_scope_capacity.py::test_inproc_fills_the_repl_scope_exactly_to_the_end
SOAK     2.256 lane=1 END   nanopynix/tests/test_flake_lock_graph.py::test_metadata_json_carries_the_whole_graph ok
SOAK     2.257 lane=1 START nanopynix/tests/inproc/test_inproc.py::test_inproc_eval_close_releases_leftover_locked_flakes
SOAK     2.362 lane=1 END   nanopynix/tests/inproc/test_inproc.py::test_inproc_eval_close_releases_leftover_locked_flakes ok
SOAK     2.363 lane=1 START nanopynix/tests/inproc/test_inproc.py::test_inproc_session_subscribe_receives_a_request_finalized_event
SOAK     2.368 lane=1 END   nanopynix/tests/inproc/test_inproc.py::test_inproc_session_subscribe_receives_a_request_finalized_event ok
SOAK     2.368 lane=1 START nanopynix/tests/test_store_metadata_fidelity.py::test_inproc_build_reports_the_path_it_produced
SOAK     2.396 lane=4 END   nanopynix/tests/test_store_exec.py::test_inproc_a_program_in_a_relocated_store_runs_through_the_exec_prefix ok
SOAK     2.399 lane=4 START nanopynix/tests/test_stores.py::test_two_handles_on_one_local_store_share_the_temp_roots_file
SOAK     2.467 lane=1 END   nanopynix/tests/test_store_metadata_fidelity.py::test_inproc_build_reports_the_path_it_produced ok
SOAK     2.467 lane=1 START nanopynix/tests/inproc/test_inproc.py::test_a_value_the_caller_still_holds_survives_a_collection
SOAK     3.011 lane=1 END   nanopynix/tests/inproc/test_inproc.py::test_a_value_the_caller_still_holds_survives_a_collection ok
SOAK     3.105 lane=4 END   nanopynix/tests/test_stores.py::test_two_handles_on_one_local_store_share_the_temp_roots_file ok
SOAK     3.106 lane=4 START nanopynix/tests/inproc/test_inproc.py::test_inproc_eval_file
SOAK     3.129 lane=4 END   nanopynix/tests/inproc/test_inproc.py::test_inproc_eval_file ok
SOAK     3.129 lane=4 START nanopynix/tests/bindings/test_store_empty_path.py::test_the_guard_lives_in_cpp_not_in_the_python_wrapper
SOAK     3.134 lane=4 END   nanopynix/tests/bindings/test_store_empty_path.py::test_the_guard_lives_in_cpp_not_in_the_python_wrapper ok
SOAK     3.134 lane=4 START nanopynix/tests/inproc/test_inproc.py::test_inproc_eval_rejects_store_from_different_session
SOAK     3.138 lane=4 END   nanopynix/tests/inproc/test_inproc.py::test_inproc_eval_rejects_store_from_different_session ok
SOAK     3.138 lane=4 START nanopynix/tests/inproc/test_inproc.py::test_inproc_store_query_derivation_outputs_and_valid_derivers
SOAK     3.235 lane=0 END   nanopynix/tests/test_repl_scope_capacity.py::test_inproc_fills_the_repl_scope_exactly_to_the_end ok
SOAK     3.241 lane=4 END   nanopynix/tests/inproc/test_inproc.py::test_inproc_store_query_derivation_outputs_and_valid_derivers ok
SOAK     4.897 lane=2 END   nanopynix/tests/test_scalar_accessor_semantics.py::test_deep_conversion_of_a_true_cycle_raises_instead_of_crashing ok
SOAK     4.899 lane=2 START nanopynix/tests/test_repl_scope_capacity.py::test_inproc_refuses_one_binding_past_the_end
SOAK     5.397 lane=2 END   nanopynix/tests/test_repl_scope_capacity.py::test_inproc_refuses_one_binding_past_the_end ok
SOAK     5.397 lane=2 START nanopynix/tests/test_store_engine_parity_semantics.py::test_a_bare_drv_round_trips_through_its_own_reply
SOAK     5.449 lane=2 END   nanopynix/tests/test_store_engine_parity_semantics.py::test_a_bare_drv_round_trips_through_its_own_reply ok
SOAK    10.409 lane=6 END   nanopynix/tests/inproc/test_inproc_cancel.py::test_a_cancelled_interruptible_operation_frees_the_evaluator ok
SOAK    10.413 lane=6 START nanopynix/tests/inproc/test_inproc.py::test_inproc_store_not_open_raises
SOAK    10.427 lane=6 END   nanopynix/tests/inproc/test_inproc.py::test_inproc_store_not_open_raises ok
SOAK    10.450 lane=6 START nanopynix/tests/test_stores.py::test_a_store_root_that_came_back_is_not_the_old_store
SOAK    10.920 lane=6 END   nanopynix/tests/test_stores.py::test_a_store_root_that_came_back_is_not_the_old_store ok
SOAK    10.921 lane=6 START nanopynix/tests/inproc/test_inproc.py::test_inproc_store_cannot_close_while_its_eval_state_is_open
SOAK    11.023 lane=6 END   nanopynix/tests/inproc/test_inproc.py::test_inproc_store_cannot_close_while_its_eval_state_is_open ok
SOAK    11.024 lane=6 START nanopynix/tests/inproc/test_inproc.py::test_the_collector_owner_thread_outlives_the_session
SOAK    11.053 lane=6 END   nanopynix/tests/inproc/test_inproc.py::test_the_collector_owner_thread_outlives_the_session ok
SOAK    11.053 lane=6 START nanopynix/tests/inproc/test_inproc.py::test_inproc_value_attr_names
SOAK    11.074 lane=6 END   nanopynix/tests/inproc/test_inproc.py::test_inproc_value_attr_names ok
SOAK    11.074 lane=6 START nanopynix/tests/inproc/test_inproc.py::test_inproc_concurrent_eval_sessions_have_independent_pure_eval
SOAK    11.152 lane=6 END   nanopynix/tests/inproc/test_inproc.py::test_inproc_concurrent_eval_sessions_have_independent_pure_eval ok
SOAK    11.627 lane=7 END   nanopynix/tests/inproc/test_inproc_cancel.py::test_an_operation_that_runs_a_nix_thread_pool_still_completes ok
SOAK    11.629 lane=7 START nanopynix/tests/inproc/test_inproc.py::test_inproc_eval_flake
SOAK    11.791 lane=7 END   nanopynix/tests/inproc/test_inproc.py::test_inproc_eval_flake ok
SOAK    11.792 lane=7 START nanopynix/tests/inproc/test_inproc.py::test_inproc_eval_open_requires_open_store
SOAK    11.794 lane=7 END   nanopynix/tests/inproc/test_inproc.py::test_inproc_eval_open_requires_open_store ok
SOAK    11.794 lane=7 START nanopynix/tests/inproc/test_inproc.py::test_inproc_store_open_is_idempotent
SOAK    11.799 lane=7 END   nanopynix/tests/inproc/test_inproc.py::test_inproc_store_open_is_idempotent ok
SOAK END ok=77 fail=0
PASSED
nanopynix/tests/test_concurrent_soak.py::test_soak_rpc[daemon] SOAK BEGIN seed=5 lanes=8 tests=43 roster=sha256:eef7d5aefd96e46b
SOAK     0.005 lane=1 START nanopynix/tests/rpc/test_error_identity.py::test_an_absent_handle_arrives_as_key_error
SOAK     0.017 lane=3 START nanopynix/tests/test_repl_scope_capacity.py::test_rpc_fills_the_repl_scope_exactly_to_the_end
SOAK     0.030 lane=4 START nanopynix/tests/rpc/test_error_identity.py::test_a_negative_index_past_the_start_arrives_as_index_error
SOAK     0.052 lane=5 START nanopynix/tests/test_scalar_accessor_semantics.py::test_rpc_reads_a_string_carrying_store_path_context
SOAK     0.077 lane=6 START nanopynix/tests/test_store_metadata_fidelity.py::test_rpc_build_reports_the_path_it_produced
SOAK     0.113 lane=7 START nanopynix/tests/rpc/client/test_eval_rpc.py::test_repl_session_open_is_idempotent
SOAK     0.162 lane=0 START nanopynix/tests/rpc/client/test_eval_rpc.py::test_eval_thunk
SOAK     0.208 lane=2 START nanopynix/tests/rpc/client/test_eval_rpc.py::test_repl_session_load_file_autocalls_top_level_function
SOAK     1.932 lane=1 END   nanopynix/tests/rpc/test_error_identity.py::test_an_absent_handle_arrives_as_key_error ok
SOAK     1.932 lane=1 START nanopynix/tests/rpc/test_error_identity.py::test_a_nix_error_still_refines_past_the_class_the_worker_named
SOAK     2.052 lane=0 END   nanopynix/tests/rpc/client/test_eval_rpc.py::test_eval_thunk ok
SOAK     2.052 lane=0 START nanopynix/tests/rpc/client/test_eval_rpc.py::test_force_closing_store_closes_dependent_eval_state
SOAK     2.074 lane=4 END   nanopynix/tests/rpc/test_error_identity.py::test_a_negative_index_past_the_start_arrives_as_index_error ok
SOAK     2.080 lane=4 START nanopynix/tests/rpc/client/test_eval_rpc.py::test_repl_session_edit_location_uses_function_source
SOAK     2.102 lane=5 END   nanopynix/tests/test_scalar_accessor_semantics.py::test_rpc_reads_a_string_carrying_store_path_context ok
SOAK     2.107 lane=5 START nanopynix/tests/rpc/client/test_eval_rpc.py::test_eval_list
SOAK     2.167 lane=7 END   nanopynix/tests/rpc/client/test_eval_rpc.py::test_repl_session_open_is_idempotent ok
SOAK     2.167 lane=7 START nanopynix/tests/rpc/client/test_eval_rpc.py::test_eval_call_function
SOAK     2.195 lane=6 END   nanopynix/tests/test_store_metadata_fidelity.py::test_rpc_build_reports_the_path_it_produced ok
SOAK     2.195 lane=2 END   nanopynix/tests/rpc/client/test_eval_rpc.py::test_repl_session_load_file_autocalls_top_level_function ok
SOAK     2.208 lane=6 START nanopynix/tests/rpc/client/test_eval_rpc.py::test_eval_concurrent_sessions
SOAK     2.214 lane=2 START nanopynix/tests/rpc/client/test_eval_rpc.py::test_eval_file_simple
SOAK     2.583 lane=3 END   nanopynix/tests/test_repl_scope_capacity.py::test_rpc_fills_the_repl_scope_exactly_to_the_end ok
SOAK     2.584 lane=3 START nanopynix/tests/test_store_metadata_fidelity.py::test_rpc_read_derivation_keeps_nested_input_drvs
SOAK     3.172 lane=1 END   nanopynix/tests/rpc/test_error_identity.py::test_a_nix_error_still_refines_past_the_class_the_worker_named ok
SOAK     3.172 lane=1 START nanopynix/tests/rpc/client/test_eval_rpc.py::test_eval_string
SOAK     3.506 lane=0 END   nanopynix/tests/rpc/client/test_eval_rpc.py::test_force_closing_store_closes_dependent_eval_state ok
SOAK     3.507 lane=0 START nanopynix/tests/rpc/client/test_eval_rpc.py::test_eval_attr_navigation
SOAK     3.622 lane=4 END   nanopynix/tests/rpc/client/test_eval_rpc.py::test_repl_session_edit_location_uses_function_source ok
SOAK     3.622 lane=4 START nanopynix/tests/rpc/client/test_eval_rpc.py::test_eval_callable_function_proxy
SOAK     3.668 lane=5 END   nanopynix/tests/rpc/client/test_eval_rpc.py::test_eval_list ok
SOAK     3.670 lane=5 START nanopynix/tests/rpc/client/test_eval_rpc.py::test_eval_has_attr
SOAK     3.709 lane=7 END   nanopynix/tests/rpc/client/test_eval_rpc.py::test_eval_call_function ok
SOAK     3.709 lane=2 END   nanopynix/tests/rpc/client/test_eval_rpc.py::test_eval_file_simple ok
SOAK     3.709 lane=2 START nanopynix/tests/rpc/client/test_eval_rpc.py::test_repl_session_scope_names_include_bindings_and_base_scope
SOAK     3.730 lane=6 END   nanopynix/tests/rpc/client/test_eval_rpc.py::test_eval_concurrent_sessions ok
SOAK     3.730 lane=6 START nanopynix/tests/rpc/client/test_eval_rpc.py::test_eval_call_function_with_value_proxy_arg
SOAK     3.750 lane=7 START nanopynix/tests/rpc/client/test_eval_rpc.py::test_copy_closure_between_stores
SOAK     3.822 lane=3 END   nanopynix/tests/test_store_metadata_fidelity.py::test_rpc_read_derivation_keeps_nested_input_drvs ok
SOAK     3.822 lane=3 START nanopynix/tests/rpc/client/test_eval_rpc.py::test_eval_call_function_with_nested_value_proxy_arg
SOAK     4.309 lane=1 END   nanopynix/tests/rpc/client/test_eval_rpc.py::test_eval_string ok
SOAK     4.309 lane=1 START nanopynix/tests/rpc/client/test_eval_rpc.py::test_eval_strict_accessor_and_apply
SOAK     4.813 lane=0 END   nanopynix/tests/rpc/client/test_eval_rpc.py::test_eval_attr_navigation ok
SOAK     4.813 lane=0 START nanopynix/tests/test_repl_scope_capacity.py::test_rpc_refuses_one_binding_past_the_end
SOAK     5.002 lane=2 END   nanopynix/tests/rpc/client/test_eval_rpc.py::test_repl_session_scope_names_include_bindings_and_base_scope ok
SOAK     5.002 lane=2 START nanopynix/tests/rpc/test_error_identity.py::test_an_unsupported_scalar_type_arrives_as_value_error
SOAK     5.013 lane=4 END   nanopynix/tests/rpc/client/test_eval_rpc.py::test_eval_callable_function_proxy ok
SOAK     5.020 lane=4 START nanopynix/tests/rpc/client/test_eval_rpc.py::test_eval_force_does_not_consume
SOAK     5.050 lane=5 END   nanopynix/tests/rpc/client/test_eval_rpc.py::test_eval_has_attr ok
SOAK     5.050 lane=5 START nanopynix/tests/test_store_metadata_fidelity.py::test_rpc_read_derivation_keeps_structured_attrs
SOAK     5.095 lane=6 END   nanopynix/tests/rpc/client/test_eval_rpc.py::test_eval_call_function_with_value_proxy_arg ok
SOAK     5.096 lane=6 START nanopynix/tests/rpc/client/test_eval_rpc.py::test_repl_session_persists_bindings
SOAK     5.161 lane=3 END   nanopynix/tests/rpc/client/test_eval_rpc.py::test_eval_call_function_with_nested_value_proxy_arg ok
SOAK     5.162 lane=3 START nanopynix/tests/rpc/client/test_eval_rpc.py::test_eval_session_cleanup
SOAK     5.192 lane=7 END   nanopynix/tests/rpc/client/test_eval_rpc.py::test_copy_closure_between_stores ok
SOAK     5.192 lane=7 START nanopynix/tests/rpc/test_error_identity.py::test_a_handle_of_the_wrong_kind_arrives_as_type_error
SOAK     5.510 lane=1 END   nanopynix/tests/rpc/client/test_eval_rpc.py::test_eval_strict_accessor_and_apply ok
SOAK     5.510 lane=1 START nanopynix/tests/rpc/client/test_eval_rpc.py::test_eval_call_non_function_raises
SOAK     6.356 lane=0 END   nanopynix/tests/test_repl_scope_capacity.py::test_rpc_refuses_one_binding_past_the_end ok
SOAK     6.356 lane=0 START nanopynix/tests/rpc/client/test_eval_rpc.py::test_repl_session_adds_attrs_to_scope
SOAK     6.366 lane=2 END   nanopynix/tests/rpc/test_error_identity.py::test_an_unsupported_scalar_type_arrives_as_value_error ok
SOAK     6.369 lane=2 START nanopynix/tests/rpc/client/test_eval_rpc.py::test_eval_file_directory_loads_default_nix
SOAK     6.410 lane=4 END   nanopynix/tests/rpc/client/test_eval_rpc.py::test_eval_force_does_not_consume ok
SOAK     6.411 lane=4 START nanopynix/tests/rpc/client/test_eval_rpc.py::test_eval_nested_navigation
SOAK     6.543 lane=3 END   nanopynix/tests/rpc/client/test_eval_rpc.py::test_eval_session_cleanup ok
SOAK     6.543 lane=3 START nanopynix/tests/rpc/client/test_eval_rpc.py::test_eval_auto_call_function_with_default_attrset_args
SOAK     6.558 lane=7 END   nanopynix/tests/rpc/test_error_identity.py::test_a_handle_of_the_wrong_kind_arrives_as_type_error ok
SOAK     6.558 lane=7 START nanopynix/tests/rpc/test_error_identity.py::test_a_setting_refusal_arrives_as_setting_not_live_error
SOAK     6.572 lane=5 END   nanopynix/tests/test_store_metadata_fidelity.py::test_rpc_read_derivation_keeps_structured_attrs ok
SOAK     6.572 lane=5 START nanopynix/tests/rpc/client/test_eval_rpc.py::test_to_python_refuses_a_tree_containing_a_function
SOAK     6.585 lane=6 END   nanopynix/tests/rpc/client/test_eval_rpc.py::test_repl_session_persists_bindings ok
SOAK     6.611 lane=6 START nanopynix/tests/rpc/client/test_eval_rpc.py::test_eval_attr_names
SOAK     6.678 lane=1 END   nanopynix/tests/rpc/client/test_eval_rpc.py::test_eval_call_non_function_raises ok
SOAK     6.679 lane=1 START nanopynix/tests/rpc/client/test_eval_rpc.py::test_eval_reused_function_can_call_separately_evaluated_value
SOAK     7.695 lane=0 END   nanopynix/tests/rpc/client/test_eval_rpc.py::test_repl_session_adds_attrs_to_scope ok
SOAK     7.696 lane=0 START nanopynix/tests/rpc/client/test_eval_rpc.py::test_forced_attrs_borrow_the_parent_value_handle
SOAK     7.915 lane=2 END   nanopynix/tests/rpc/client/test_eval_rpc.py::test_eval_file_directory_loads_default_nix ok
SOAK     7.916 lane=2 START nanopynix/tests/test_store_exec.py::test_rpc_a_program_in_a_relocated_store_runs_through_the_exec_prefix
SOAK     7.961 lane=4 END   nanopynix/tests/rpc/client/test_eval_rpc.py::test_eval_nested_navigation ok
SOAK     8.007 lane=7 END   nanopynix/tests/rpc/test_error_identity.py::test_a_setting_refusal_arrives_as_setting_not_live_error ok
SOAK     8.028 lane=3 END   nanopynix/tests/rpc/client/test_eval_rpc.py::test_eval_auto_call_function_with_default_attrset_args ok
SOAK     8.032 lane=6 END   nanopynix/tests/rpc/client/test_eval_rpc.py::test_eval_attr_names ok
SOAK     8.057 lane=1 END   nanopynix/tests/rpc/client/test_eval_rpc.py::test_eval_reused_function_can_call_separately_evaluated_value ok
SOAK     8.060 lane=5 END   nanopynix/tests/rpc/client/test_eval_rpc.py::test_to_python_refuses_a_tree_containing_a_function ok
SOAK     8.848 lane=0 END   nanopynix/tests/rpc/client/test_eval_rpc.py::test_forced_attrs_borrow_the_parent_value_handle ok
SOAK     9.573 lane=2 END   nanopynix/tests/test_store_exec.py::test_rpc_a_program_in_a_relocated_store_runs_through_the_exec_prefix ok
SOAK END ok=43 fail=0
PASSED

=============================== warnings summary ===============================
nanopynix-helpers/src/nanopynix_helpers/fod.py:28
  /nix/store/068zcmrz9dbz5w3kdja5bvbybfk1783n-nanopynix-source/nanopynix-helpers/src/nanopynix_helpers/fod.py:28: DeprecationWarning: int argument support is deprecated
    _NIX_LANGUAGE = Language(cast("int", tree_sitter_nix.language()))  # type: ignore[reportDeprecated, reportUnknownMemberType] -- tree-sitter-nix 0.3 exposes the legacy integer language pointer

pynix/src/pynix/_nix_syntax.py:24
  /nix/store/068zcmrz9dbz5w3kdja5bvbybfk1783n-nanopynix-source/pynix/src/pynix/_nix_syntax.py:24: DeprecationWarning: int argument support is deprecated
    NIX_LANGUAGE = Language(cast("int", tree_sitter_nix.language()))  # type: ignore[reportDeprecated, reportUnknownMemberType] -- tree-sitter-nix 0.3 exposes the legacy integer language pointer

../xdhampxgcaq13aah0q0lmq0zbdmx9yki-nanopynix-test-env/lib/python3.14/site-packages/_pytest/python.py:124
  /nix/store/xdhampxgcaq13aah0q0lmq0zbdmx9yki-nanopynix-test-env/lib/python3.14/site-packages/_pytest/python.py:124: PytestRemovedIn10Warning: Passing a non-Collection iterable to parametrize is deprecated.
  Test: tests/meta/test_ci_step_policy.py::test_a_run_body_is_one_line, argvalues type: generator
  Please convert to a list or tuple.
  See https://docs.pytest.org/en/stable/deprecations.html#parametrize-iterators
    metafunc.parametrize(*marker.args, **marker.kwargs, _param_mark=marker)

../xdhampxgcaq13aah0q0lmq0zbdmx9yki-nanopynix-test-env/lib/python3.14/site-packages/_pytest/python.py:124
  /nix/store/xdhampxgcaq13aah0q0lmq0zbdmx9yki-nanopynix-test-env/lib/python3.14/site-packages/_pytest/python.py:124: PytestRemovedIn10Warning: Passing a non-Collection iterable to parametrize is deprecated.
  Test: tests/meta/test_ci_step_policy.py::test_a_run_body_holds_no_workflow_expression, argvalues type: generator
  Please convert to a list or tuple.
  See https://docs.pytest.org/en/stable/deprecations.html#parametrize-iterators
    metafunc.parametrize(*marker.args, **marker.kwargs, _param_mark=marker)

-- Docs: https://docs.pytest.org/en/stable/how-to/capture-warnings.html
=============== 4 passed, 3761 deselected, 4 warnings in 59.53s ================
=== TSAN run 5 exit status: 0 ===
